              	; --------------------------------------
              	; zasm: assemble "Main.asm"
              	; date: 2026-08-20 22:19:28
              	; --------------------------------------


              	; Z80Mini   -   Maio de 2026
              	
              	; Sistema Monitor basico v1
              	;
              	; Z80 @7.372800Mhz
              	; ROM 32Kb @28C256      0000-7FFF
              	; RAM 32kb @62256       8000-FFFF
              	;
              	; Teclado Mecânico :) Custom    -   0x40 (Read/Write)
              	; I2C EEPROM (Drivers A: B: etc...)
              	; I2C RTC - ricoh223    -   0x64
              	; I2C Display 4x 7seg, Leds(5), Sons   -   0x0E
              	; In/Out generic    -   0xC0 (Read/Write)
              	; Leds  -   0x10
              	; GLCD 128x64   -   0x70
              	; USB-SERIAL SIO/2 A    -   0x00
              	; P2-SERIAL (Printer) SIO/2 B   -   0x00
              	;
              	;
              	; Compilação: zasm --z80 -w -u --bin  Main.asm
              	;
              	;
              	;   Comandos suportados:
              	;       H / ?       -   Mostra menu de ajuda, listando os comandos.
              	;       CLS         -   Limpa a tela lcd.
              	;       IHEX        -   Aguarda recebimento intel hex via serial_A (USB-SERIAL) Ex: :0C800000CDF4.........
              	;       OUT         -   Escreve byte na saida. (OUT 10 01) Liga led 1 da porta 0x10
              	;       IN          -   Lê byte da entrada. (IN 0c) Lê byte da entrada 0xC0
              	;       JUMP        -   Desvia PC para endereço. (JUMP 8000)
              	;       CALL        -   Salva monitor como retorno e desvia para endereço. (CALL 8000) o programa pode use RET e voltar para o Monitor.
              	;       DUMP        -   Mostra 40 bytes a partir do endereço atual da ram. (DUMP 8000)
              	;       WRITE       -   Escreve bytes a partir do endereço. (WRITE 8000) Linha vazia para inserção.
              	;       EDIT        -   Edita bytes a partir do endereço. (EDIT 8000) Linha vazia não alterar valor atual, "." para edição.
              	;       I2CLIST     -   Lista dispositivos i2c conectados no barramento.
              	;       FORMAT      -   Formata eeprom no drive atual.
              	;       DIR         -   Lista arquivos do driver atual.
              	;       LOAD        -   Carrega arquivo do drive atual. (LOAD NAME)
              	;       EXEC        -   Carrega e execulta arquivo do drive atual. (EXEC NAME)
              	;       DEL         -   Deleta arquivo no drive atual. (DEL NAME)
              	;       SAVE        -   Salva arquivo no drive atual. Name max 8 chars. (SAVE NAME RAM_ADDR_XXXX SIZE_XXXX) -> save blink 8000 004f
              	;       
              	;
              	;   API Z80Mini:
              	;       delay500ms          equ     0x0100  ;   Delay 500ms
              	;       delay               equ     0x0103  ;   On entry: DE = Delay time in milliseconds
              	;       I2C_Open            equ     0x0106  ;   On entry: A = Device address (bit zero is read flag), I2CLIST(32H) -> SLA -> 64H(bit 0 = 0 - Write), 64+1(bit 0 = 1 - Read) 
              	;       I2C_Close           equ     0x0109  ;   Close
              	;       I2C_Read            equ     0x010C  ;   On exit: If successful A = data byte and Z flagged
              	;       I2C_Write           equ     0x010F  ;   On entry: A = Data byte, or Address byte (bit zero is read flag)
              	;       keyboardIsEsc       equ     0x0112  ;   Verifica se ESC foi precionada. On exit: If press A = CTRLC and NZ flagged
              	;       keyboardWaitA       equ     0x0115  ;   Aguarda tecla, letra em A. (BC DE HL preserved)
              	;       keyboardA           equ     0x0118  ;   Lê teclado, Se tecla Carry=1. Letra em A. (BC DE HL preserved)
              	;       setDefaultSerialA   equ     0x011B  ;   Seta terminal padrao porta A, Quando reinicia volta para A.
              	;       setDefaultSerialB   equ     0x011E  ;   Seta terminal padrao porta B (P2), Quando reinicia volta para A.
              	;       serialPrintA        equ     0x0121  ;   Imprime char in A no terminal setado.
              	;       serialInputA        equ     0x0124  ;   Aguarda receber char no terminal setado. Retorno em A.
              	;       serialPrintStr      equ     0x0127  ;   Imprime string (HL) terminado em 0 no terminal setado. MAX 128 chars. MODIFIES : A,B,C
              	;       serialCRLF          equ     0x012A  ;   Imprime CR e LF no terminal setado.
              	;       serialHexA          equ     0x012D  ;   Imprime byte em A no formato HEX, no terminal setado. Ex: 'D' = 44
              	;       serialHexHL         equ     0x0130  ;   Imprime HL como 4 digitos hexadecimais, no terminal setado. Ex: HL=$80FF -> imprime "80FF"
              	;       serialInHexA        equ     0x0133  ;   Pegar 2 caracteres ASCII (0-9 A-F), do terminal setado e converte em um byte em A. SEM ECHO
              	;       serialInHexHL       equ     0x0136  ;   Pegar 4 caracteres ASCII (0-9 A-F), do terminal setado e converte em HL. SEM ECHO
              	
              	;       initLCD             equ     0x0139  ;   Inicializa GLCD
              	;       clearGBUF           equ     0x013C  ;   Limpa buffer da memoria de grafico. Precisa do plotToLCD para refletir no lcd.
              	;       clearGrLCD          equ     0x013F  ;   Limpa memoria grafico do GLCD. Sem o plotToLCD.
              	;       clearTxtLCD         equ     0x0142  ;   Limpar caracteres do LCD
              	;       setGrMode           equ     0x0145  ;   Seta modo Grafico. 128x64
              	;       setTxtMode          equ     0x0148  ;   Seta mode Text. 16x4 equivalente
              	;       drawBox             equ     0x014B  ;   Desenha caixa. Entradas: BC = X0,Y0 - DE = X1,Y1    Destroys: HL
              	;       drawLine            equ     0x014E  ;   Desenha linha.  Entradas: BC = X0,Y0 - DE = X1,Y1
              	;       drawCircle          equ     0x0151  ;   Desenha circulo. Entradas BC = xm,ym (Ponro do Meio) - E = radius
              	;       drawPixel           equ     0x0154  ;   Desenha um pixel em X Y.  Entrada B = column/X (0-127), C = row/Y (0-63)   Destroys: HL
              	;       fillBox             equ     0x0157  ;   Desenha caixa preenchida. Entradas: BC = X0,Y0 - DE = X1,Y1    Destroys: HL
              	;       fillCircle          equ     0x015A  ;   Desenha circulo preenchido. Entradas BC = xm,ym (Ponro do Meio) - E = radius
              	;       plotToLCD           equ     0x015D  ;   Rotina principal de desenho. Move GBUF para o LCD e limpa o buffer ou não (setBufClear, setBufNoClear).  Destroys: ALL
              	;       printString         equ     0x0160  ;   Imprimir texto ASCII em uma determinada linha. Entradas: A = 0 a 3 Número da linha. .db "String" na próxima linha, terminar com 0
              	;       printChars          equ     0x0163  ;   (Ver detalhes) Imprimir caracteres na posição X,Y. Entrada B = coluna/X (0-7), C = linha/Y (0-3). HL = Endereço inicial do texto a ser exibido, termina com 0
              	;       setInt38            equ     0x0166  ;   Seta vetor de interrupcao int38. Entradas HL = RST38_ADDR
              	;       setint66            equ     0x0169  ;   Seta vetor de interrupcao int66. Entradas HL = RST66_ADDR
              	;       setBufClear         equ     0x016C  ;   Configura limpeza do buffer após a saída para o LCD e vai para clearGBUF.
              	;       setBufNoClear       equ     0x016F  ;   Configura para não limpar o buffer após a saída para o LCD.
              	;       clearPixel          equ     0x0172  ;   Limpa um pixel X Y.  Input B = column/X (0-127), C = row/Y (0-63)    Destroy HL
              	;       flipPixel           equ     0x0175  ;   Inverte um pixel X Y.  Input B = column/X (0-127), C = row/Y (0-63)    Destroy HL
              	;       drawGraphic         equ     0x0178  ;   Desenha no buffer. Entrada: A = número ASCII ou se A=0 Então  HL = Endereço dos dados gráficos. B = (MULTIPLO DE 8) largura do gráfico em pixels (1-128). C = altura do gráfico em pixels (1-64). Destroy: ALL
              	;       invGraphic          equ     0x017B  ;   Altera a flag de desenho inverso. (não inverte grafico atual) Destroy A
              	;       initTerminal        equ     0x017E  ;   Inicializa o Terminal GLCD. Cursor 0,0 e limpa buffer.
              	;       sendCharToLCD       equ     0x0181  ;   Envia ou manipula caracteres ASCII para a tela GLCD (Terminal). Entrada: A = caractere ASCII a ser enviado para a tela GLCD. A = somente cursor desenhado.
              	;       sendStringToLCD     equ     0x0184  ;   Imprime string no terminal GLCD. DE = inicio da string. A = caractere para parar a impressão. A impressão para e retorna quando um CR é impresso. Destroy ALL
              	;       sendRegToLCD        equ     0x0187  ;   Imprime byte em A no formato HEX, no GLCD. Ex: 'D' = 44
              	;       sendHLToLCD         equ     0x018A  ;   Imprime HL como 4 digitos hexadecimais, no GLCD. Ex: HL=$80FF -> imprime "80FF"
              	;       setCursor           equ     0x018D  ;   Define a posição do cursor gráfico. Entradas: BC = X,Y onde X = 0..127, Y = 0..63   Destroy A
              	;       getCursor           equ     0x0190  ;   Obter a posição do cursor. Saídas: BC = X,Y onde X = 0..127, Y = 0..63
              	;       displayCursor       equ     0x0193  ;   Exibir Cursor. Entrada: A = 0, Ativar cursor, A = diferente de zero, Desativar cursor.
              	;       autoLF              equ     0x0196  ;   Avanço de linha automático quando o cursor atinge o final da linha (Terminal). Entrada: A = 0, Avanço de linha automático; A = diferente de zero, Sem avanço de linha automático. Padrao LIGADO.
              	;       underline           equ     0x0199  ;   Exibir sublinhado no caractere (Terminal). O estado inicial é sem sublinhado. Chamar esta rotina irá ALTERAR/DESLIGAR o sinalizador de sublinhado.
              	;       plotAlways          equ     0x019C  ;   Quando sendCharToLCD é chamado, Atualiza GLCD ou não. Se Desativado plotToLCD deve ser chamado atualizar o GLCD. Entrada: A=0, Plotar sempre; A>0, Não plotar. O padrão é Plotar sempre.
              	;       resetCollisionPixel equ     0x0294  ;   Limpa flag de colisao
              	;       checkCollisionPixel equ     0x0299  ;   Check se um pixel ja estava ligado quando tenta ligar. JP Z, SEM_COLISAO. JP NZ, COLISAO.
              	;       I2C_OpenRead        equ     0x01A5  ;   I2C Open Read  (On entry: A = Device address)
              	;       I2C_OpenWrite       equ     0x01A8  ;   I2C Open Write (On entry: A = Device address)
              	
              	; -----------------------------------------------------------------------------
              	; H_Delay CONFIG
              	; -----------------------------------------------------------------------------
708000:         	kCPUClock:          .EQU 7372800       ;CPU clock speed in Hz
0024:         	kDelayOH:           .EQU 36             ;Overhead for each 1ms in Tcycles
001A:         	kDelayLP:           .EQU 26             ;Inner loop time in Tcycles
1CCC:         	kDelayTA:           .EQU kCPUClock / 1000 ;CPU clock cycles per millisecond
1CA8:         	kDelayTB:           .EQU kDelayTA - kDelayOH  ;Cycles required for inner loop
011A:         	kDelayCnt:          .EQU kDelayTB / kDelayLP  ;Loop counter for inner loop
              	
              	
              	; -----------------------------------------------------------------------------
              	; SYSTEM SETTINGS
              	; -----------------------------------------------------------------------------
FFF0:         	SYSTEM_SP:	        .EQU 	$FFF0	;INITIAL STACK POINTER
              	
              	; -----------------------------------------------------------------------------
              	; SIO/2 - SERIAL
              	; -----------------------------------------------------------------------------
0000:         	SIOA_D		        .EQU	$00
0002:         	SIOA_C		        .EQU	$02
0001:         	SIOB_D		        .EQU	$01 ; Conector P2
0003:         	SIOB_C		        .EQU	$03 ; Conector P2
              	
              	
              	; -----------------------------------------------------------------------------
              	; I2C SETTINGS
              	; -----------------------------------------------------------------------------
2710:         	TIMEOUT:        .EQU    10000      ; Timeout loop counter
00A0:         	EEDRIVE_A       .EQU    $A0        ; 50h - Drive A ----|
00A2:         	EEDRIVE_B       .EQU    $A2        ; 51h - Drive B     |___ EEPROM Disk 128kb (4x 32Kb) - AT24C256
00A4:         	EEDRIVE_C       .EQU    $A4        ; 52h - Drive C     |      With Write protect by jumpers
00A6:         	EEDRIVE_D       .EQU    $A6        ; 53h - Drive D ----|
00A8:         	EEDRIVE_E       .EQU    $A8        ; 54h - Drive E
00AC:         	EEDRIVE_F       .EQU    $AC        ; 56h - Drive F
00AE:         	EEDRIVE_G       .EQU    $AE        ; 57h - Drive G
00AA:         	EEDRIVE_Z       .EQU    $AA        ; 55h - Drive Z - onboard eeprom (32Kb - AT24C256)
              	
              	; -----------------------------------------------------------------------------
              	; PORTS
              	; -----------------------------------------------------------------------------
0070:         	GLCD_INST           .EQU    $70
0071:         	GLCD_DATA           .EQU    $71
              	
0040:         	KEYBOARD		    .EQU	$40
              	
              	
              	
              	
0008:         	BKSP:   EQU 08H                 ; Back space 08H
0009:         	TAB:    EQU 09H                 ; Horizontal TAB
000A:         	LF:     EQU 0AH                 ; Line feed
000C:         	CS:     EQU 0CH                 ; Clear screen
000D:         	CR:     EQU 0DH                 ; Carriage return
0020:         	SPACE:  EQU 20H                 ; Space
008F:         	CURSOR: EQU 8FH                 ; Cursor
              	
              	
              	
0000:         	    .ORG $0000
0000: C37602  	    JP INICIO
              	
              	    .ORG $0008
0008: C38704  	RST08:	JP	CONOUT
              	
              	    .ORG $0010
0010: C37503  	RST10:	JP	CONIN
              	
              	    .ORG 0018H ; check break - BASIC
0018: C35B03  	RST18   JP CHKKEY
              	
              	
              		.ORG	0038H
0038: E5      		PUSH	HL
0039: 2A00F0  		LD	HL,(RST38)
003C: E9      		JP	(HL)
              	
              	;
              	; RESTART 66H NMI VECTOR
              	; SAME AS ABOVE BUT NMI CANNOT BE DISABLED.
              	;
              		.ORG	0066H
0066: E5      		PUSH	HL
0067: 2A02F0  		LD	HL,(RST66)
006A: E9      		JP	(HL)
              	
              	
              	    .ORG $0100
              	    ;   Delay
0100: C3F726  	    JP DELAY_500MS
0103: C34603  	    JP H_Delay
              	    ;   I2C
0106: C3601A  	    JP I2C_Open
0109: C3671A  	    JP I2C_Close
010C: C3B11A  	    JP I2C_Read
010F: C3741A  	    JP I2C_Write
              	    ;   Keyboard
0112: C35B03  	    JP CHKKEY
0115: C37503  	    JP CONIN
0118: C37F03  	    JP CONIN_NOT_LOOP
              	    ;   Serial
011B: C30027  	    JP SET_DEFAULT_SERIAL_A
011E: C30D27  	    JP SET_DEFAULT_SERIAL_B
0121: C38C10  	    JP OUTCH
0124: C39210  	    JP INCH
0127: C39810  	    JP SNDSTR
012A: C3C819  	    JP SERIAL_A_TXCRLF
012D: C3A019  	    JP SERIAL_A_PRINT_A_HEX
0130: C39719  	    JP SERIAL_A_PRINT_HL_HEX
0133: C31A27  	    JP SERIAL_GET_HEX_A
0136: C32627  	    JP SERIAL_GET_HEX_HL
              	    ;   GLCD
0139: C3A904  	    JP initLCD
013C: C3C604  	    JP clearGBUF
013F: C3D604  	    JP clearGrLCD
0142: C30005  	    JP clearTxtLCD
0145: C31605  	    JP setGrMode
0148: C32405  	    JP setTxtMode
014B: C32B05  	    JP drawBox
014E: C36605  	    JP drawLine
0151: C31106  	    JP drawCircle
0154: C3E606  	    JP drawPixel
0157: C35605  	    JP fillBox
015A: C3D806  	    JP fillCircle
015D: C34507  	    JP plotToLCD
0160: C37807  	    JP printString
0163: C39907  	    JP printChars
0166: C3AB01  	    JP SET_INT38
0169: C3AF01  	    JP SET_INT66
016C: C3C007  	    JP setBufClear
016F: C3C807  	    JP setBufNoClear
0172: C30307  	    JP clearPixel
0175: C31507  	    JP flipPixel
0178: C39709  	    JP drawGraphic
017B: C37F09  	    JP invGraphic
017E: C3CD07  	    JP initTerminal
0181: C3FA07  	    JP sendCharToLCD
0184: C36A08  	    JP sendStringToLCD
0187: C39108  	    JP sendRegToLCD
018A: C3AE08  	    JP sendHLToLCD
018D: C3BA08  	    JP setCursor
0190: C37009  	    JP getCursor
0193: C37509  	    JP displayCursor
0196: C38F09  	    JP autoLF
0199: C38709  	    JP underline
019C: C39309  	    JP plotAlways
019F: C33C03  	    JP resetCollisionPixel
01A2: C34103  	    JP checkCollisionPixel
01A5: C36A1A  	    JP I2C_OpenRead
01A8: C36F1A  	    JP I2C_OpenWrite
              	
              	
01AB:         	SET_INT38:
01AB: 2200F0  	    LD (RST38), HL
01AE: C9      	    RET
              	
01AF:         	SET_INT66:
01AF: 2202F0  	    LD (RST66), HL
01B2: C9      	    RET
              	
              	; exemplo de uso de interrupcao
              	; IM 1
              	; EI
              	; RETI
01B3:         	INT_DEFAULT:
01B3: E1      	    POP HL ; sempre usar o POP HL
              	    ; faz alguma coisa
              	    ; EI
01B4: ED4D    	    RETI
              	
              	
              	
              	
              	
              	
              	
              	; ============================================================
              	; KEYMAPS
              	; ============================================================
              	
              	;	$FF - Capslock
              	;	$FE - Shift left
              	;	$FD - Ctrl left
              	;	$FC - Windows
              	;	$FB - Alt left
              	;	$FA - Alt Gr    (Load intel hex - Serial A)
              	;	$F9 - LUZ   (CALL 8000H)
              	;	$F8 - Shift Right   (Display Scroll UP)
              	;	$F7 - Ctrl Right    (Display Scroll DOWN)
              	;	$F6 - Fn
              	;	$F5 - 
              	;	$F4 - 
              	
01B6:         	KEYMAP_NORMAL:
01B6: 1B09FFFE	    DB  $1B,  $09,  $FF,  $FE,  $FD,  $FC,  $FB,  $20
01BA: FDFCFB20	
01BE: 3171615C	    DB   '1', 'q',  'a',  '\',  $00,  $FA,  $F6,  $F9
01C2: 00FAF6F9	
01C6: 33656478	    DB   '3', 'e',  'd',  'x',  ',',  'l',  'o',  '9'
01CA: 2C6C6F39	
01CE: 34726663	    DB   '4', 'r',  'f',  'c',  '.',  'ç',  'p',  '0'
01D2: 2EE77030	
01D6: 36796862	    DB   '6', 'y',  'h',  'b',  $F8,  $F7,  0x0D, 0x08
01DA: F8F70D08	
01DE: 35746776	    DB   '5', 't',  'g',  'v',  ';',  '~', 	'`',  '-'
01E2: 3B7E602D	
01E6: 37756A6E	    DB   '7', 'u',  'j',  'n',  '/',  ']',  '[',  '='
01EA: 2F5D5B3D	
01EE: 3277737A	    DB   '2', 'w',  's',  'z',  'm',  'k',  'i',  '8'
01F2: 6D6B6938	
              	    
01F6:         	KEYMAP_SHIFT:
01F6: 1B09FFFE	    DB  $1B,  $09,  $FF,  $FE,  $FD,  $FC,  $FB,  $20
01FA: FDFCFB20	
01FE: 2151417C	    DB   '!', 'Q',  'A',  '|',  $00,  $FA,  $F6,  $F9
0202: 00FAF6F9	
0206: 23454458	    DB   '#', 'E',  'D',  'X',  '<',  'L',  'O',  '('
020A: 3C4C4F28	
020E: 24524643	    DB   '$', 'R',  'F',  'C',  '>',  'Ç',  'P',  ')'
0212: 3EC75029	
0216: A8594842	    DB   '¨', 'Y',  'H',  'B',  $F8,  $F7,  0x0D, 0x08
021A: F8F70D08	
021E: 25544756	    DB   '%', 'T',  'G',  'V',  ':',  '^', 	$22,  '_'
0222: 3A5E225F	
0226: 26554A4E	    DB   '&', 'U',  'J',  'N',  '?',  '}',  '{',  '+'
022A: 3F7D7B2B	
022E: 4057535A	    DB   '@', 'W',  'S',  'Z',  'M',  'K',  'I',  '*'
0232: 4D4B492A	
              	
0236:         	KEYMAP_CAPSLOCK:
0236: 1B09FFFE	    DB  $1B,  $09,  $FF,  $FE,  $FD,  $FC,  $FB,  $20
023A: FDFCFB20	
023E: 3151415C	    DB   '1', 'Q',  'A',  '\',  $00,  $FA,  $F6,  $F9
0242: 00FAF6F9	
0246: 33454458	    DB   '3', 'E',  'D',  'X',  ',',  'L',  'O',  '9'
024A: 2C4C4F39	
024E: 34524643	    DB   '4', 'R',  'F',  'C',  '.',  'Ç',  'P',  '0'
0252: 2EC75030	
0256: 36594842	    DB   '6', 'Y',  'H',  'B',  $F8,  $F7,  0x0D, 0x08
025A: F8F70D08	
025E: 35544756	    DB   '5', 'T',  'G',  'V',  ';',  '~', 	'`',  '-'
0262: 3B7E602D	
0266: 37554A4E	    DB   '7', 'U',  'J',  'N',  '/',  ']',  '[',  '='
026A: 2F5D5B3D	
026E: 3257535A	    DB   '2', 'W',  'S',  'Z',  'M',  'K',  'I',  '8'
0272: 4D4B4938	
              	
0276:         	INICIO:
0276: 21B301  	    LD HL, INT_DEFAULT
0279: 2200F0  	    LD (RST38), HL
027C: 2202F0  	    LD (RST66), HL
              	
              	    ; Set defult I2C device addess: 24LC256 (Copy from/to Mem)
027F: 3EA0    	    LD A, EEDRIVE_A
0281: 3204FC  	    LD (I2CA_BLOCK), A     
              	
0284: 3E01    	    LD A, 1 ;capslock OFF
0286: 32A3FB  	    LD (MEN_CAPSL), A
0289: 010606  	    LD BC, $0606
028C: ED43A5FB	    LD (MEN_CURSR), BC   
              	
              	
0290: 3E01    	    LD A, $01
0292: 3244FD  	    LD (FS_DIR_CUR), A ; default folder - HOME
              	
0295: CDDA02  	    CALL M_C_DIR_C
              	
0298: CD6E22  	    CALL FS_CHK_SIG
029B: CAA402  	    JP Z, INICIO1
029E: 214226  	    LD HL, str_notfmt
02A1: CD9304  	    CALL PUTS
02A4:         	INICIO1:
              	
02A4: 31F0FF  	    LD SP, SYSTEM_SP
              	
02A7: 116400  	    LD DE, $0064 ; 100ms
02AA: CD4603  	    CALL H_Delay
              	
              	    ;Init Serial
02AD: CD4910  	    CALL initSerial
              	
              	    ;Init Teclado
02B0: 3EFF    	    LD      A, 0xFF
02B2: D340    	    OUT     (KEYBOARD), A           ; Todas as colunas desativadas
              	
              	    ; Init LCD
02B4: CDCD07  	    CALL initTerminal
02B7: CD1605  	    CALL setGrMode
02BA: CDC807  	    CALL setBufNoClear
              	
              	
              	    ; Show init string
02BD: 010000  	    LD BC, $0000
02C0: CDBA08  	    CALL setCursor
02C3: 114527  	    LD DE, WELLCOME_LCD
              	    ; set cursor ON
02C6: 3E00    	    LD A, 0
02C8: 3298FB  	    LD (CURSOR_ON), A
              	    ; send cursor
02CB: CD6A08  	    CALL sendStringToLCD
              	
              	
02CE:         	MAIN_LOOP:
02CE: CDEF02  	    CALL showCurrentDriver
              	
02D1: CD3F14  	    CALL GETLINE             ; Lê linha em LINEBUF
02D4: CDE410  	    CALL PARSE_CMD           ; Interpreta e executa
              	
02D7: C3CE02  	    JP      MAIN_LOOP
              	
              	
02DA:         	M_C_DIR_C:
02DA: 0611    	    LD B, FS_NAME_SZ + 1
02DC: 2145FD  	    LD HL, FS_DIR_NAME
02DF: 115A27  	    LD DE, FOLDER_HOME
02E2:         	M_C_DIR:
02E2: 1A      	    LD A, (DE)
02E3: FE00    	    CP 0
02E5: 2805    	    JR Z, M_C_DIR_F
02E7: 77      	    LD (HL), A
02E8: 23      	    INC HL
02E9: 13      	    INC DE
02EA: 10F6    	    djnz M_C_DIR
02EC:         	M_C_DIR_F:
02EC: AF      	    XOR A
02ED: 77      	    LD (HL), A
02EE: C9      	    RET
              	
              	
02EF:         	showCurrentDriver:
02EF: 3A04FC  	    LD A, (I2CA_BLOCK)
02F2: FEA0    	    CP EEDRIVE_A  ; Drive A
02F4: 281D    	    JR Z, showDriveA
02F6: FEA2    	    CP EEDRIVE_B  ; Drive B
02F8: 281D    	    JR Z, showDriveB
02FA: FEA4    	    CP EEDRIVE_C  ; Drive C
02FC: 281D    	    JR Z, showDriveC
02FE: FEA6    	    CP EEDRIVE_D  ; Drive D
0300: 281D    	    JR Z, showDriveD
0302: FEA8    	    CP EEDRIVE_E  ; Drive E
0304: 281D    	    JR Z, showDriveE
0306: FEAC    	    CP EEDRIVE_F  ; Drive F
0308: 281D    	    JR Z, showDriveF
030A: FEAE    	    CP EEDRIVE_G  ; Drive G
030C: 281D    	    JR Z, showDriveG
030E: FEAA    	    CP EEDRIVE_Z  ; Drive Z
0310: 281D    	    JR Z, showDriveZ
0312: C9      	    RET
              	
0313:         	showDriveA:
0313: 3E41    	    LD A, 'A'
0315: 181C    	    JR showCursor
0317:         	showDriveB:
0317: 3E42    	    LD A, 'B'
0319: 1818    	    JR showCursor
031B:         	showDriveC:
031B: 3E43    	    LD A, 'C'
031D: 1814    	    JR showCursor
031F:         	showDriveD:
031F: 3E44    	    LD A, 'D'
0321: 1810    	    JR showCursor
0323:         	showDriveE:
0323: 3E45    	    LD A, 'E'
0325: 180C    	    JR showCursor
0327:         	showDriveF:
0327: 3E46    	    LD A, 'F'
0329: 1808    	    JR showCursor
032B:         	showDriveG:
032B: 3E47    	    LD A, 'G'
032D: 1804    	    JR showCursor
032F:         	showDriveZ:
032F: 3E5A    	    LD A, 'Z'
0331: 1800    	    JR showCursor
0333:         	showCursor:
0333: CDFA07  	    CALL sendCharToLCD
0336: 3E3A    	    LD A, ':'
0338: CDFA07  	    CALL sendCharToLCD
033B: C9      	    RET
              	
              	
              	
033C:         	resetCollisionPixel:
033C: AF      	    XOR A
033D: 3241FD  	    LD (DRAW_PIXEL_COLLISION), A
0340: C9      	    RET
              	
              	; FLAG ZERO, 
              	; JP Z, SEM_COLISAO. 
              	; JP NZ, COLISAO.
0341:         	checkCollisionPixel:
0341: 3A41FD  	    LD A, (DRAW_PIXEL_COLLISION)
0344: B7      	    OR A
0345: C9      	    RET
              	
              	
              	
              	; **********************************************************************
              	; Delay by DE milliseconds
              	;   On entry: DE = Delay time in milliseconds
              	;   On exit:  AF BC DE HL IX IY I AF' BC' DE' HL' preserved
0346: F5      	H_Delay:    PUSH AF
0347: C5      	            PUSH BC
0348: D5      	            PUSH DE
              	; 1 ms loop, DE times...        ;[=36]   [=29]    Overhead for each 1ms
0349: 011A01  	LoopDE:    LD   BC, kDelayCnt   ;[10]    [9]
              	; Inner loop, BC times...       ;[=26]   [=20]    Loop time in Tcycles
034C: 0B      	LoopBC:    DEC  BC             ;[6]     [4]
034D: 79      	            LD   A,C            ;[4]     [4]
034E: B0      	            OR   B              ;[4]     [4]
034F: C24C03  	            JP   NZ,LoopBC     ;[12/7]  [8/6] 
              	; Have we looped once for each millisecond requested?
0352: 1B      	            DEC  DE             ;[6]     [4]
0353: 7B      	            LD   A,E            ;[4]     [4]
0354: B2      	            OR   D              ;[4]     [4]
0355: 20F2    	            JR   NZ, LoopDE     ;[12/7]  [8/6]
0357: D1      	            POP  DE
0358: C1      	            POP  BC
0359: F1      	            POP  AF
035A: C9      	            RET
              	
              	
              	
              	
              	
              	
              	
              	
              	
              	
              	
              	
              	
              	
              	
              	
              	
              	
              	
              	
              	
              	
              	
              	
              	
              	
              	
              	
              	
              	
              	
              	#include "TECLADO.asm"
0016:         	DB_OUTER    EQU     22          ; iterações externas
00F0:         	DB_INNER    EQU     240         ; iterações DJNZ internas
              	
              	
              	; -----------------------------------------------------------------------------
              	;   Check break key (Basic)
              	;       On exit: If press A = CTRLC and NZ flagged
              	;       BC DE HL preserved
              	; -----------------------------------------------------------------------------
035B:         	CHKKEY:
035B: 3EFE    	    LD      A, 0xFE             ; Máscara: bit 0 baixo = col 0
035D: D340    	    OUT     (KEYBOARD), A       ; Ativa coluna B
035F: 00      	    NOP                         ; ~270 ns de estabilização
0360: 00      	    NOP
0361: 00      	    NOP
0362: 00      	    NOP
0363: DB40    	    IN      A, (KEYBOARD)       ; Lê linhas
0365: 2F      	    CPL                         ; Pull-up: inverte (pressionado = 1)
0366: FE01    	    CP 1
0368: C27003  	    jp nz, GRET
036B: 3E03    		LD  A, CTRLC
036D: FE00    		CP	0
036F: C9      		RET
0370:         	GRET:
0370: 3E00    		LD  A, 0
0372: FE00    		CP 0
0374: C9      		RET
              	
              	
              	;   CONIN: Lê um teclado → A
              	;       On exit: A = KEY
              	;       BC DE HL preserved
              	;       loop until key is pressed 
0375:         	CONIN:
0375: C5      	    PUSH BC
0376: D5      	    PUSH DE
0377: E5      	    PUSH HL
0378: CDFC03  	    CALL readKeyboarWaitPressA
037B: E1      	    POP HL
037C: D1      	    POP DE
037D: C1      	    POP BC
037E: C9      	    RET
              	
              	
              	
              	;   CONIN: Lê um teclado → A
              	;       On exit: A = KEY
              	;       BC DE HL preserved
              	;       sem loop, Carry=1 se tecla
037F:         	CONIN_NOT_LOOP:
037F: C5      	    PUSH BC
0380: D5      	    PUSH DE
0381: E5      	    PUSH HL
0382: CD8903  	    CALL readKeyboarPressA
0385: E1      	    POP HL
0386: D1      	    POP DE
0387: C1      	    POP BC
0388: C9      	    RET
              	
              	
0389:         	readKeyboarPressA;
0389: AF      	    XOR A
038A: 32A2FB  	    LD (MEN_SHIFT), A ; reset shift
038D: CD3A04  	    CALL    SCAN_MATRIX
0390: D0      	    RET      NC
0391: CD9C03  	    CALl GetKeycode
0394: CDA203  	    CALL checkShiftKey
0397: 3AA4FB  	    LD A, (KEY_PRESS)
039A: 37      	    SCF  ; Carry = 1
039B: C9      	    RET
              	
              	
              	
              	; A = col*8 + row  (0x00 – 0x3F)
039C:         	GetKeycode:
              	    ; --- Tecla confirmada: calcula keycode ---
              	    ; col*8 + row  (0x00 – 0x3F)
039C: 78      	    LD      A, B                ; B = coluna
039D: 87      	    ADD     A, A                ; ×2
039E: 87      	    ADD     A, A                ; ×4
039F: 87      	    ADD     A, A                ; ×8
03A0: 81      	    ADD     A, C                ; + linha (C) = keycode
03A1: C9      	    RET
              	
              	
              	; Verifica se shift e recupera ascii
              	;   Salva tecla em KEY_PRESS
03A2:         	checkShiftKey:
              	    ; Verifica Shift
03A2: 5F      	    LD E, A
03A3: 21B601  	    LD HL, KEYMAP_NORMAL
03A6: 3AA2FB  	    LD A, (MEN_SHIFT)
03A9: FE01    	    CP 1
03AB: C2B803  	    JP NZ, NO_SHIFT
03AE: 21F601  	    LD HL, KEYMAP_SHIFT
03B1: CD3504  	    CALL DO_LOOKUP
03B4: 32A4FB  	    LD (KEY_PRESS), A
03B7: C9      	    RET
03B8:         	NO_SHIFT:
03B8: CD3504  	    CALL 	DO_LOOKUP	; pega tecla
03BB: 32A4FB  	    LD (KEY_PRESS), A
03BE: FEFF    	    CP $FF ;capslook?
03C0: CAD303  	    JP Z, CAPSLOCK
03C3: 3AA3FB  	    LD A, (MEN_CAPSL)
03C6: FE00    	    CP 0
03C8: C0      	    RET NZ
03C9: 213602  	    LD HL, KEYMAP_CAPSLOCK
03CC: CD3504  	    CALL DO_LOOKUP
03CF: 32A4FB  	    LD (KEY_PRESS), A
03D2: C9      	    RET
              	
              	
              	
              	
              	
03D3:         	CAPSLOCK:
03D3: 3AA3FB  	    LD A, (MEN_CAPSL)
03D6: FE00    	    CP 0
03D8: CAE903  	    JP Z, CAPSLOCK_OFF
03DB: AF      	    XOR A
03DC: 32A3FB  	    LD (MEN_CAPSL), A
03DF: 010306  	    LD BC, $0603
03E2: ED43A5FB	    LD (MEN_CURSR), BC
03E6: C3F503  	    JP CAPSLOCK_OK
03E9:         	CAPSLOCK_OFF:
03E9: 3E01    	    LD A, 1
03EB: 32A3FB  	    LD (MEN_CAPSL), A
03EE: 010606  	    LD BC, $0606
03F1: ED43A5FB	    LD (MEN_CURSR), BC
03F5:         	CAPSLOCK_OK:
03F5: 116400  	    LD DE, $0064 ; 100ms
03F8: CD4603  	    CALL H_Delay
03FB: C9      	    RET
              	
              	
              	
              	
              	; LER TECLADO
              	; Aguarda até uma teclad for pressionada e retorna em A
03FC:         	readKeyboarWaitPressA:
03FC: CD3A04  	    CALL    SCAN_MATRIX
03FF: D2FC03  	    JP      NC, readKeyboarWaitPressA       ; Nenhuma tecla, continua
              	
              	    ; --- Primeira leitura positiva: aguarda debounce ---
0402: CD2904  	    CALL    DEBOUNCE
              	
              	    ; --- Confirma que a tecla ainda está pressionada ---
0405: AF      	    XOR A
0406: 32A2FB  	    LD (MEN_SHIFT), A ; reset shift
0409: CD3A04  	    CALL    SCAN_MATRIX
040C: D2FC03  	    JP      NC, readKeyboarWaitPressA       ; Foi ruído, descarta
              	
040F: CD9C03  	    CALL GetKeycode
              	    
0412: CDA203  	    CALL checkShiftKey
              	    
              	    ; --- Aguarda soltar + debounce de release ---
0415:         	WAIT_RELEASE:
0415: CD3A04  	    CALL    SCAN_MATRIX
0418: DA1504  	    JP      C, WAIT_RELEASE     ; Ainda pressionada
041B: CD2904  	    CALL    DEBOUNCE            ; Debounce do soltar
041E: CD3A04  	    CALL    SCAN_MATRIX
0421: DA1504  	    JP      C, WAIT_RELEASE     ; Bounce no release, volta a esperar
              	
0424: 3AA4FB  	    LD A, (KEY_PRESS)
0427: B7      	    OR A
0428: C9      	    RET
              	
              	
              	
              	
              	
              	
              	; ============================================================
              	; DEBOUNCE  –  espera ~10 ms (calibrado para 7.3728 MHz)
              	;   Usa DE como contador, preserva BC
              	;   T-states totais ≈ 69.080  →  ~9.36 ms
              	; ============================================================
0429:         	DEBOUNCE:
0429: C5      	    PUSH    BC
042A: 0616    	    LD      B, DB_OUTER         ; B = contador externo
042C:         	DB_OUTER_LOOP:
042C: 0EF0    	    LD      C, DB_INNER         ; C = contador interno
042E:         	DB_INNER_LOOP:
042E: 0D      	    DEC     C                   ; 4 T
042F: 20FD    	    JR      NZ, DB_INNER_LOOP   ; 12 T (não salta) / 7 T (salta)
0431: 10F9    	    DJNZ    DB_OUTER_LOOP       ; 13 T (não salta) / 8 T (salta)
0433: C1      	    POP     BC
0434: C9      	    RET
              	
              	
              	; Pega char in table
0435:         	DO_LOOKUP:
0435: 1600    	    LD      D, 0
0437: 19      	    ADD     HL, DE
0438: 7E      	    LD      A, (HL)
0439: C9      	    RET
              	
              	
              	; ============================================================
              	; SCAN_MATRIX
              	;   Varre 8 colunas, uma por vez (bit baixo = ativo)
              	;   Saída: B = col (0-7), C = row (0-7), Carry=1 se tecla
              	; ============================================================
043A:         	SCAN_MATRIX:
043A: 0600    	    LD      B, 0                ; Coluna atual
043C: 16FE    	    LD      D, 0xFE             ; Máscara: bit 0 baixo = col 0
043E:         	SCAN_COL:
043E: 7A      	    LD      A, D
043F: D340    	    OUT     (KEYBOARD), A       ; Ativa coluna B
0441: 00      	    NOP                         ; ~270 ns de estabilização
0442: 00      	    NOP
0443: 00      	    NOP
0444: 00      	    NOP
0445: DB40    	    IN      A, (KEYBOARD)       ; Lê linhas
0447: 2F      	    CPL                         ; Pull-up: inverte (pressionado = 1)
              	    
              	    ; SHIFT
0448: F5      	    PUSH AF
0449: 7A      	    LD A, D
044A: FEFE    	    CP $FE
044C: C25F04  	    JP NZ, FIM
044F: F1      	    POP AF
0450: F5      	    PUSH AF
0451: FE08    	    CP $08
0453: C25F04  	    JP NZ, FIM
0456: 3E01    	    LD A, 1
0458: 32A2FB  	    LD (MEN_SHIFT), A
045B: F1      	    POP AF
045C: 3E00    	    LD A, 0
045E: F5      	    PUSH AF
              	    
045F:         	FIM:
045F: F1      		POP AF
              	    
0460: E6FF    	    AND     0xFF
0462: 280E    	    JR      Z, NEXT_COL         ; Nenhuma linha nesta coluna
              	    
              	    ; Encontrou linha — identifica bit
0464: 0E00    	    LD      C, 0
0466:         	FIND_ROW:
0466: 1F      	    RRA
0467: 3803    	    JR      C, ROW_FOUND
0469: 0C      	    INC     C
046A: 18FA    	    JR      FIND_ROW
              	
046C:         	ROW_FOUND:
046C: 3EFF    	    LD      A, 0xFF
046E: D340    	    OUT     (KEYBOARD), A           ; Desativa colunas
0470: 37      	    SCF                         ; Carry = 1
0471: C9      	    RET
              	
0472:         	NEXT_COL:
0472: 04      	    INC     B
0473: 78      	    LD      A, B
0474: FE08    	    CP      8
0476: 2809    	    JR      Z, SCAN_NONE        ; Todas varridas, nada encontrado
              	
              	    ; Rotaciona máscara para próxima coluna
0478: 7A      	    LD      A, D
0479: 37      	    SCF
047A: CB17    	    RL      A                   ; Desloca bit baixo para esquerda
047C: F601    	    OR      0x01                ; Garante que o bit 0 volta alto (inativo)
047E: 57      	    LD      D, A
047F: 18BD    	    JR      SCAN_COL
              	
0481:         	SCAN_NONE:
0481: 3EFF    	    LD      A, 0xFF
0483: D340    	    OUT     (KEYBOARD), A
0485: B7      	    OR      A                   ; Limpa Carry
0486: C9      	    RET
              	
              	
              	    
              	    
              	    
              	#include "GLCD.asm"
              	; Graphical LCD 128 x 64 Library
              	; ------------------------------
              	; By B. Chiha May-2023
              	; Modificações para funcionar no Z80 Mini - 2026
              	;
              	; This is a native Z80 Graphics library to be used with 128x64 Graphical LCD Screens
              	;
              	; There are a few variants of these LCD screens, but they must all must use the ST7920
              	; LCD Controller.  The LCD Screen that I used is the QC12864B.  This screen has two
              	; ST7921 Panels (128 x 32) stacked one above the other.
              	;
              	; These screens have DDRAM (Graphics) and CGRAM (Text) areas.  Both RAM areas can 
              	; be displayed at the same time.
              	;
              	; The Pinout for the QC12864B board is as follows:
              	;
              	; Pin	Name	Desc                    Serial  Parallel
              	; ---   ----    -------------           ------  -------------
              	; 1     VSS     Ground                  GND     GND
              	; 2     VDD     Power                   5v      5v
              	; 3     V0      Contrast                N/A     N/A
              	; 4     D/I     IR/DR (CS)              5v      A7
              	; 5     R/W     R/W (SID)               D0      RD (inverted)
              	; 6     E       Enable (SCLK)           D1      Port 7 (inverted)
              	; 7     DB0     Data                    N/A     D0
              	; 8     DB1     Data                    N/A     D1
              	; 9     DB2     Data                    N/A     D2
              	; 10    DB3     Data                    N/A     D3
              	; 11    DB4     Data                    N/A     D4
              	; 12    DB5     Data                    N/A     D5
              	; 13    DB6     Data                    N/A     D6
              	; 14    DB7     Data                    N/A     D7
              	; 15    PSB     Serial/Para             GND     5v
              	; 16    NC
              	; 17    RST     Reset                   RST     RST
              	; 18    VEE     LCD Drive               N/A     N/A
              	; 19    A       Backlight               5v/NC   5v/NC
              	; 20    K       Backlight               GND/NC  GND/NC
              	;
              	;
              	        
              	        
              	; Modifiable values.  Thse three values can be modified to suit your own set up
              	; GLCD_INST and GLCD_DATA are the output ports to send an Instruction or Data value.
              	; V_DELAY_US is the minimum delay needed for a command to be processed by the
              	; LCD board.  If only some of the data is being sent, make this value larger
              	        
              	;Port 7 on TEC is connected to LCD Enable (Pin 6)
              	;A7 is connected to Register select (Pin 4).  (A7=0 for Instruction, A7=1 for Data)
0010:         	V_DELAY_US: .equ $0010   ;Delay for 76us on your system
              	
              	; Dont need to modify anything else below.
00F8:         	UP:     .equ $F8                 ; Up Arrow
00F7:         	DN:     .equ $F7                 ; Down Arrow
000C:         	FF:     .equ 0CH                 ; Form Feed
008F:         	CURSOR: .equ 8FH                 ; Cursor
              	        
              	
              	
              	
              	
              	; --- CONOUT: Envia byte em A ---
0487:         	PUTCHAR:
0487:         	CONOUT:
0487: F5      	        PUSH AF
0488: C5      	        PUSH BC
0489: D5      	        PUSH DE
048A: E5      	        PUSH HL
048B: CDFA07  	        CALL sendCharToLCD
048E: E1      	        POP HL
048F: D1      	        POP DE
0490: C1      	        POP BC
0491: F1      	        POP AF
0492: C9      	        RET
              	
              	
              	; --- PUTS: Envia string terminada em NUL apontada por HL ---
0493:         	PUTS:
0493: F5      	        PUSH AF
0494: C5      	        PUSH BC
0495: D5      	        PUSH DE
0496: E5      	        PUSH HL
0497: 545D    	        LD DE, HL
0499: 3E00    	        LD A, NUL
049B: CD6A08  	        CALL sendStringToLCD
049E: E1      	        POP HL
049F: D1      	        POP DE
04A0: C1      	        POP BC
04A1: F1      	        POP AF
04A2: C9      	        RET
              	
              	; --- CRLF: Envia CR+LF ---
04A3:         	CRLF:
04A3: 3E0D    	        LD   A, CR
04A5: CD8704  	        CALL PUTCHAR
04A8: C9      	        RET
              	
              	
              	
              	; Initialise LCD
04A9:         	initLCD:
04A9: 21450A  	        LD HL, INIT_BASIC       ;POINT HL TO LCD INITIALIZE TABLE
04AC: 0604    	        LD B, 04H               ;B=4 BYTES
04AE:         	NEXT_CMD:
04AE: 7E      	        LD A, (HL)
04AF: D370    	        OUT (GLCD_INST), A
04B1: CDB707  	        CALL delayUS
04B4: 23      	        INC HL
04B5: 10F7    	        DJNZ NEXT_CMD
04B7: 114001  	        LD DE, 0140H            ;1.6 ms
04BA: CDBA07  	        CALL delayMS
              	        
04BD: 2184F7  	        LD HL,GBUF              ;Set viewport
04C0: 2284FB  	        LD (VPORT),HL           ;to GBUF
              	
04C3: CDD604  	        CALL clearGrLCD
              	        
              	; Clears the Graphics Memory Buffer
04C6:         	clearGBUF:
04C6: 2A84FB  	        LD HL, (VPORT)
04C9: ED5B84FB	        LD DE, (VPORT)
04CD: 13      	        INC DE
04CE: AF      	        XOR A
04CF: 77      	        LD (HL), A
04D0: 01FF03  	        LD BC, 03FFH
04D3: EDB0    	        LDIR
04D5: C9      	        RET
              	        
              	; Clears the Graphics LCD Buffer
04D6:         	clearGrLCD:
04D6: CD1605  	        CALL setGrMode
04D9: 0E00    	        LD C, 00H
04DB:         	CLR_X:
04DB: 3E80    	        LD A, 80H
04DD: B1      	        OR C
04DE: D370    	        OUT (GLCD_INST), A
04E0: CDB707  	        CALL delayUS
04E3: 3E80    	        LD A, 80H
04E5: D370    	        OUT (GLCD_INST), A
04E7: CDB707  	        CALL delayUS
04EA: AF      	        XOR A                   ;Clear Byte
04EB: 0610    	        LD B, 10H
04ED:         	CLR_Y:
04ED: D371    	        OUT (GLCD_DATA), A
04EF: CDB707  	        CALL delayUS
04F2: D371    	        OUT (GLCD_DATA), A
04F4: CDB707  	        CALL delayUS
04F7: 10F4    	        DJNZ CLR_Y
04F9: 0C      	        INC C
04FA: 79      	        LD A, C
04FB: FE20    	        CP 20H
04FD: 20DC    	        JR NZ, CLR_X        
04FF: C9      	        RET
              	
              	; Clears the ASCII Text LCD
0500:         	clearTxtLCD:
0500: CD2405  	        CALL setTxtMode
0503: 3E80    	        LD A, 80H
0505: D370    	        OUT (GLCD_INST), A
0507: CDB707  	        CALL delayUS
050A: 0640    	        LD B, 40H
050C:         	CLR_ROWS:
050C: 3E20    	        LD A,  " "
050E: D371    	        OUT (GLCD_DATA), A
0510: CDB707  	        CALL delayUS
0513: 10F7    	        DJNZ CLR_ROWS
0515: C9      	        RET
              	        
              	; Set Graphics Mode
0516:         	setGrMode:
0516: 3E34    	        LD A, 34H
0518: D370    	        OUT (GLCD_INST), A
051A: CDB707  	        CALL delayUS
051D: 3E36    	        LD A, 36H
051F: D370    	        OUT (GLCD_INST), A
0521: C3B707  	        JP delayUS
              	        
              	; Set Text Mode
0524:         	setTxtMode:
0524: 3E30    	        LD A, 30H
0526: D370    	        OUT (GLCD_INST), A
0528: C3B707  	        JP delayUS
              	        
              	;Draw Box
              	;Inputs: BC = X0,Y0
              	;        DE = X1,Y1
              	;Destroys: HL
052B:         	drawBox:
052B: C5      	        PUSH BC
052C:         	TOP:
052C: CDE606  	        CALL drawPixel
052F: 7A      	        LD A, D
0530: 04      	        INC B
0531: B8      	        CP B
0532: 30F8    	        JR NC, TOP
0534: C1      	        POP BC
              	        
0535: C5      	        PUSH BC
0536: 4B      	        LD C, E
0537:         	BOTTOM:
0537: CDE606  	        CALL drawPixel
053A: 7A      	        LD A, D
053B: 04      	        INC B
053C: B8      	        CP B
053D: 30F8    	        JR NC, BOTTOM
053F: C1      	        POP BC
              	        
0540: C5      	        PUSH BC
0541:         	B_LEFT:
0541: CDE606  	        CALL drawPixel
0544: 7B      	        LD A, E
0545: 0C      	        INC C
0546: B9      	        CP C
0547: 30F8    	        JR NC, B_LEFT
0549: C1      	        POP BC
              	        
054A: C5      	        PUSH BC
054B: 42      	        LD B, D
054C:         	B_RIGHT:
054C: CDE606  	        CALL drawPixel
054F: 7B      	        LD A, E
0550: 0C      	        INC C
0551: B9      	        CP C
0552: 30F8    	        JR NC, B_RIGHT
0554: C1      	        POP BC
0555: C9      	        RET
              	        
              	;Fill Box
              	;Draws vertical lines from X0,Y0 to X0,Y1 and increase X0 to X1 until X0=X1
              	;Inputs: BC = X0,Y0
              	;        DE = X1,Y1
              	;Destroys: HL
0556:         	fillBox:
0556: C5      	        PUSH BC
0557:         	NEXT_PIXEL:
0557: CDE606  	        CALL drawPixel
055A: 7B      	        LD A, E
055B: 0C      	        INC C
055C: B9      	        CP C
055D: 30F8    	        JR NC, NEXT_PIXEL
055F: C1      	        POP BC
0560: 7A      	        LD A, D
0561: 04      	        INC B
0562: B8      	        CP B
0563: 30F1    	        JR NC, fillBox
0565: C9      	        RET
              	        
              	;Draw a line between two points using Bresenham Line Algorithm
              	; void plotLine(int x0, int y0, int x1, int y1)
              	; {
              	;    int dx =  abs(x1-x0), sx = x0<x1 ? 1 : -1;
              	;    int dy = -abs(y1-y0), sy = y0<y1 ? 1 : -1;
              	;    int err = dx+dy, e2; /* error value e_xy */
              	        
              	;    for(;;){  /* loop */
              	;       setPixel(x0,y0);
              	;       if (x0==x1 && y0==y1) break;
              	;       e2 = 2*err;
              	;       if (e2 >= dy) { err += dy; x0 += sx; } /* e_xy+e_x > 0 */
              	;       if (e2 <= dx) { err += dx; y0 += sy; } /* e_xy+e_y < 0 */
              	;    }
              	; }
              	;Inputs: BC = X0,Y0
              	;        DE = X1,Y1
0566:         	drawLine:
              	;check that points are in range
0566: 79      	        LD A, C
0567: FE40    	        CP 40H
0569: D0      	        RET NC
056A: 78      	        LD A, B
056B: FE80    	        CP 80H
056D: D0      	        RET NC
056E: 7B      	        LD A, E
056F: FE40    	        CP 40H
0571: D0      	        RET NC
0572: 7A      	        LD A, D
0573: FE80    	        CP 80H
0575: D0      	        RET NC
              	        
              	;sx = x0<x1 ? 1 : -1
0576: 2601    	        LD H, 01H
0578: 78      	        LD A, B
0579: BA      	        CP D
057A: 3802    	        JR C, $ + 4
057C: 26FF    	        LD H, 0FFH
057E: 7C      	        LD A, H
057F: 328AFB  	        LD (SX), A
              	        
              	;sy = y0<y1 ? 1 : -1
0582: 2601    	        LD H, 01H
0584: 79      	        LD A, C
0585: BB      	        CP E
0586: 3802    	        JR C, $ + 4
0588: 26FF    	        LD H, 0FFH
058A: 7C      	        LD A, H
058B: 328BFB  	        LD (SY), A
              	        
058E: ED5388FB	        ld (ENDPT), DE
              	        
              	;dx =  abs(x1-x0)
0592: C5      	        PUSH BC
0593: 6A      	        LD L, D
0594: 2600    	        LD H, 0
0596: 48      	        LD C, B
0597: 0600    	        LD B, 0
0599: B7      	        OR A
059A: ED42    	        SBC HL, BC
059C: CD0706  	        CALL ABSHL
059F: 228CFB  	        LD (DX), HL
05A2: C1      	        POP BC
              	        
              	;dy = -abs(y1-y0)
05A3: C5      	        PUSH BC
05A4: 6B      	        LD L, E
05A5: 2600    	        LD H, 0
05A7: 0600    	        LD B, 0
05A9: B7      	        OR A
05AA: ED42    	        SBC HL, BC
05AC: CD0706  	        CALL ABSHL
05AF: AF      	        XOR A
05B0: 95      	        SUB L
05B1: 6F      	        LD L, A
05B2: 9F      	        SBC A, A
05B3: 94      	        SUB H
05B4: 67      	        LD H, A
05B5: 228EFB  	        LD (DY), HL
05B8: C1      	        POP BC
              	        
              	;err = dx+dy,
05B9: ED5B8CFB	        LD DE, (DX)
05BD: 19      	        ADD HL, DE
05BE: 2290FB  	        LD (ERR), HL
              	        
05C1:         	LINE_LOOP:
              	;setPixel(x0,y0)
05C1: CDE606  	        CALL drawPixel
              	        
              	;if (x0==x1 && y0==y1) break;
05C4: 3A89FB  	        LD A, (ENDPT + 1)
05C7: B8      	        CP B
05C8: 2005    	        JR NZ, $ + 7
05CA: 3A88FB  	        LD A, (ENDPT)
05CD: B9      	        CP C
05CE: C8      	        RET Z
              	        
              	;e2 = 2*err;
05CF: 2A90FB  	        LD HL, (ERR)
05D2: 29      	        ADD HL, HL              ;E2
              	        
              	;if (e2 >= dy)  err += dy; x0 += sx;
05D3: ED5B8EFB	        LD DE, (DY)
05D7: B7      	        OR A
05D8: ED52    	        SBC HL, DE
05DA: 19      	        ADD HL, DE
05DB: FAEC05  	        JP M, LL2
              	        
05DE: E5      	        PUSH HL
05DF: 2A90FB  	        LD HL, (ERR)
05E2: 19      	        ADD HL, DE
05E3: 2290FB  	        LD (ERR), HL
05E6: 3A8AFB  	        LD A, (SX)
05E9: 80      	        ADD A, B
05EA: 47      	        LD B, A
05EB: E1      	        POP HL
              	        
05EC:         	LL2:
              	;if (e2 <= dx)  err += dx; y0 += sy;
05EC: ED5B8CFB	        LD DE, (DX)
05F0: B7      	        OR A
05F1: ED52    	        SBC HL, DE
05F3: 19      	        ADD HL, DE
05F4: 2803    	        JR Z, LL3
05F6: F2C105  	        JP P, LINE_LOOP
05F9:         	LL3:
05F9: 2A90FB  	        LD HL, (ERR)
05FC: 19      	        ADD HL, DE
05FD: 2290FB  	        LD (ERR), HL
0600: 3A8BFB  	        LD A, (SY)
0603: 81      	        ADD A, C
0604: 4F      	        LD C, A
              	        
0605: 18BA    	        JR LINE_LOOP
              	        
0607:         	ABSHL:
0607: CB7C    	        BIT 7, H
0609: C8      	        RET Z
060A: AF      	        XOR A
060B: 95      	        SUB L
060C: 6F      	        LD L, A
060D: 9F      	        SBC A, A
060E: 94      	        SUB H
060F: 67      	        LD H, A
0610: C9      	        RET
              	        
              	;Draw a circle from a midpoint to a radius using Bresenham Line Algorithm
              	; void plotCircle(int xm, int ym, int r)
              	; {
              	;    int x = -r, y = 0, err = 2-2*r, i = 0; /* II. Quadrant */
              	;    printf("Midpoint = (%X,%X), Radius = %X\n", xm, ym, r);
              	;    do {
              	;       printf("(%X,%X) ", xm-x, ym+y); /*   I. Quadrant */
              	;       printf("(%X,%X) ", xm-y, ym-x); /*  II. Quadrant */
              	;       printf("(%X,%X) ", xm+x, ym-y); /* III. Quadrant */
              	;       printf("(%X,%X) ", xm+y, ym+x); /*  IV. Quadrant */
              	;       r = err;
              	;       if (r <= y) err += ++y*2+1;           /* e_xy+e_y < 0 */
              	;       if (r > x || err > y) err += ++x*2+1; /* e_xy+e_x > 0 or no 2nd y-step */
              	;       printf("x = %d, r = %d, y = %d, err =%d\n", x, r, y, err);
              	;    } while (x < 0);
              	; }
              	;Inputs BC = xm,ym (Midpoint)
              	;       E = radius
0611:         	drawCircle:
              	;   int x = -r, err = 2-2*r; /* II. Quadrant */
0611: AF      	        XOR A
0612: 93      	        SUB E
0613: 328AFB  	        LD (SX), A              ;x
              	;   y = 0
0616: AF      	        XOR A
0617: 328BFB  	        LD (SY), A              ;y
              	;   RAD = r
061A: 1600    	        LD D, 00H
061C: 7B      	        LD A, E
061D: ED5392FB	        LD (RAD), DE            ;r
              	;   err = 2-2*r
0621: EB      	        EX DE, HL
0622: 29      	        ADD HL, HL
0623: EB      	        EX DE, HL
0624: 210200  	        LD HL, 0002H
0627: B7      	        OR A
0628: ED52    	        SBC HL, DE              ;err
062A: 2290FB  	        LD (ERR), HL
              	        
062D:         	CIRCLE_LOOP:
              	;       setPixel(xm-x, ym+y); /*   I. Quadrant */
062D: C5      	        PUSH BC
062E: 3A8AFB  	        LD A, (SX)
0631: ED44    	        NEG
0633: 80      	        ADD A, B
0634: 47      	        LD B, A
0635: 3A8BFB  	        LD A, (SY)
0638: 81      	        ADD A, C
0639: 4F      	        LD C, A
063A: CDE606  	        CALL drawPixel
063D: C1      	        POP BC
              	;       setPixel(xm+x, ym-y); /* III. Quadrant */
063E: C5      	        PUSH BC
063F: 3A8AFB  	        LD A, (SX)
0642: 80      	        ADD A, B
0643: 47      	        LD B, A
0644: 3A8BFB  	        LD A, (SY)
0647: ED44    	        NEG
0649: 81      	        ADD A, C
064A: 4F      	        LD C, A
064B: CDE606  	        CALL drawPixel
064E: C1      	        POP BC
              	;       setPixel(xm-y, ym-x); /*  II. Quadrant */
064F: C5      	        PUSH BC
0650: 3A8BFB  	        LD A, (SY)
0653: ED44    	        NEG
0655: 80      	        ADD A, B
0656: 47      	        LD B, A
0657: 3A8AFB  	        LD A, (SX)
065A: ED44    	        NEG
065C: 81      	        ADD A, C
065D: 4F      	        LD C, A
065E: CDE606  	        CALL drawPixel
0661: C1      	        POP BC
              	;       setPixel(xm+y, ym+x); /*  IV. Quadrant */
0662: C5      	        PUSH BC
0663: 3A8BFB  	        LD A, (SY)
0666: 80      	        ADD A, B
0667: 47      	        LD B, A
0668: 3A8AFB  	        LD A, (SX)
066B: 81      	        ADD A, C
066C: 4F      	        LD C, A
066D: CDE606  	        CALL drawPixel
0670: C1      	        POP BC
              	;       r = err;
0671: 2A90FB  	        LD HL, (ERR)
0674: 2292FB  	        LD (RAD), HL
              	;       if (r <= y) err += ++y*2+1;           /* e_xy+e_y < 0 */
0677: 3A8BFB  	        LD A, (SY)
067A: 5F      	        LD E, A
067B: 1600    	        LD D, 0
067D: B7      	        OR A
067E: ED52    	        SBC HL, DE
0680: 19      	        ADD HL, DE
0681: 2803    	        JR Z, $ + 5
0683: F29906  	        JP P, DS1
0686: 3A8BFB  	        LD A, (SY)
0689: 3C      	        INC A
068A: 328BFB  	        LD (SY), A
068D: 87      	        ADD A, A
068E: 3C      	        INC A
068F: 5F      	        LD E, A
0690: 1600    	        LD D, 0
0692: 2A90FB  	        LD HL, (ERR)
0695: 19      	        ADD HL, DE
0696: 2290FB  	        LD (ERR), HL
              	;       if (r > x || err > y) err += ++x*2+1; /* e_xy+e_x > 0 or no 2nd y-step */
0699:         	DS1:
0699: 2A92FB  	        LD HL, (RAD)
069C: 3A8AFB  	        LD A, (SX)
069F: 16FF    	        LD D, 0FFH
06A1: 5F      	        LD E, A
06A2: B7      	        OR A
06A3: ED52    	        SBC HL, DE
06A5: 19      	        ADD HL, DE
06A6: 2803    	        JR Z, $ + 5
06A8: F2BD06  	        JP P, DS2
06AB: 2A90FB  	        LD HL, (ERR)
06AE: 3A8BFB  	        LD A, (SY)
06B1: 1600    	        LD D, 0
06B3: 5F      	        LD E, A
06B4: B7      	        OR A
06B5: ED52    	        SBC HL, DE
06B7: 19      	        ADD HL, DE
06B8: 2816    	        JR Z, DS3
06BA: FAD006  	        JP M, DS3
06BD:         	DS2:
06BD: 3A8AFB  	        LD A, (SX)
06C0: 3C      	        INC A
06C1: 328AFB  	        LD (SX), A
06C4: 87      	        ADD A, A
06C5: 3C      	        INC A
06C6: 5F      	        LD E, A
06C7: 16FF    	        LD D, 0FFH
06C9: 2A90FB  	        LD HL, (ERR)
06CC: 19      	        ADD HL, DE
06CD: 2290FB  	        LD (ERR), HL
              	;   } while (x < 0);
06D0:         	DS3:
06D0: 3A8AFB  	        LD A, (SX)
06D3: B7      	        OR A
06D4: C22D06  	        JP NZ, CIRCLE_LOOP
06D7: C9      	        RET
              	        
              	;Fill Circle
              	;Fills a circle by increasing radius until Radius = Original Radius E
              	;Inputs BC = xm,ym (Midpoint)
              	;       E = radius
06D8:         	fillCircle:
06D8: 1601    	        LD D, 01H               ;Start radius
06DA:         	NEXT_CIRCLE:
06DA: D5      	        PUSH DE                 ;Save end Radius
06DB: 5A      	        LD E, D
06DC: CD1106  	        CALL drawCircle
06DF: D1      	        POP DE                  ;Restore Radius
06E0: 7B      	        LD A, E
06E1: 14      	        INC D
06E2: BA      	        CP D
06E3: 30F5    	        JR NC, NEXT_CIRCLE
06E5: C9      	        RET
              	        
              	;Draw Pixel in position X Y
              	;Input B = column/X (0-127), C = row/Y (0-63)
              	;destroys HL
06E6:         	drawPixel:
06E6: 79      	        LD A, C
06E7: FE40    	        CP 40H
06E9: D0      	        RET NC
06EA: 78      	        LD A, B
06EB: FE80    	        CP 80H
06ED: D0      	        RET NC
              	        
06EE: D5      	        PUSH DE
06EF: CD2607  	        CALL SET_GBUF
              	
06F2: 7A      	        LD A, D
06F3: B6      	        OR (HL)
06F4: BE      	        CP (HL)
06F5: CCFD06  	        call z, set_collision
              	
06F8: 7A      	        LD A, D
06F9: B6      	        OR (HL)
06FA: 77      	        LD (HL), A
06FB: D1      	        POP DE
06FC: C9      	        RET
              	
              	
              	; Quando tenta ligar um pixel que ja esta ligado...
06FD:         	set_collision:
06FD: 3E01    	        LD A, 1
06FF: 3241FD  	        LD (DRAW_PIXEL_COLLISION), A
0702: C9      	        ret
              	
              	
              	
              	;Clear Pixel in position X Y
              	;Input B = column/X (0-127), C = row/Y (0-63)
              	;destroys HL
0703:         	clearPixel:
0703: 79      	        LD A, C
0704: FE40    	        CP 40H
0706: D0      	        RET NC
0707: 78      	        LD A, B
0708: FE80    	        CP 80H
070A: D0      	        RET NC
              	        
070B: D5      	        PUSH DE
070C: CD2607  	        CALL SET_GBUF
              	
070F: 7A      	        LD A, D
0710: 2F      	        CPL
0711: A6      	        AND (HL)
0712: 77      	        LD (HL), A
0713: D1      	        POP DE
0714: C9      	        RET
              	
              	;Flip Pixel in position X Y
              	;Input B = column/X (0-127), C = row/Y (0-63)
              	;destroys HL
0715:         	flipPixel:
0715: 79      	        LD A, C
0716: FE40    	        CP 40H
0718: D0      	        RET NC
0719: 78      	        LD A, B
071A: FE80    	        CP 80H
071C: D0      	        RET NC
              	        
071D: D5      	        PUSH DE
071E: CD2607  	        CALL SET_GBUF
              	
0721: 7A      	        LD A, D
0722: AE      	        XOR (HL)
0723: 77      	        LD (HL), A
0724: D1      	        POP DE
0725: C9      	        RET
              	
              	;Helper routine to set HL to the correct GBUF address given X and Y
              	;Input B = column/X (0-127), C = row/Y (0-63)
              	;Output HL = address of GBUF X,Y byte, D = Byte with Pixel Bit Set
              	;Destroys E
0726:         	SET_GBUF:
0726: 69      	        LD L, C
0727: 2600    	        LD H, 00H
0729: 29      	        ADD HL, HL
072A: 29      	        ADD HL, HL
072B: 29      	        ADD HL, HL
072C: 29      	        ADD HL, HL
072D: ED5B84FB	        LD DE, (VPORT)
0731: 1B      	        DEC DE
0732: 19      	        ADD HL, DE
              	        
0733: 78      	        LD A, B
0734: 1608    	        LD D, 08H
0736:         	BASE_COL:
0736: 23      	        INC HL
0737: 92      	        SUB D
0738: 30FC    	        JR NC, BASE_COL
              	        
073A: 2F      	        CPL
073B: 1601    	        LD D, 01H
073D: B7      	        OR A
073E: C8      	        RET Z
073F:         	SHIFT_BIT:
073F: CB22    	        SLA D
0741: 3D      	        DEC A
0742: 20FB    	        JR NZ, SHIFT_BIT
0744: C9      	        RET
              	
              	;Main draw routine.  Moves GBUF to LCD and clears buffer
              	;Destroys all
0745:         	plotToLCD:
0745: 2A84FB  	        LD HL, (VPORT)
0748: 0E80    	        LD C, 80H
074A:         	PLOT_ROW:
074A: 79      	        LD A, C
074B: E69F    	        AND 9FH
074D: D370    	        OUT (GLCD_INST), A      ;Vertical
074F: CDB707  	        CALL delayUS        
0752: 3E80    	        LD A, 80H
0754: CB69    	        BIT 5, C
0756: 2802    	        JR Z, $ + 4
0758: F608    	        OR 08H
075A: D370    	        OUT (GLCD_INST), A      ;Horizontal
075C: CDB707  	        CALL delayUS        
075F: 0610    	        LD B, 10H               ;send eight double bytes (16 bytes)
0761:         	PLOT_COLUMN:
0761: 7E      	        LD A, (HL)
0762: D371    	        OUT (GLCD_DATA), A
0764: CDB707  	        CALL delayUS
0767: 3A94FB  	        LD A, (CLRBUF)
076A: B7      	        OR A
076B: 2802    	        JR Z, $ + 4
076D: 3600    	        LD (HL), 00H            ;Clear Buffer if CLRBUF is non zero
076F: 23      	        INC HL
0770: 10EF    	        DJNZ PLOT_COLUMN
0772: 0C      	        INC C
0773: CB71    	        BIT 6, C                ;Is Row = 64?
0775: 28D3    	        JR Z, PLOT_ROW
0777: C9      	        RET
              	        
              	; Print ASCII text on a given row
              	; Inputs: A = 0 to 3 Row Number
              	;         .db "String" on next line, terminate with 0
              	; EG:
              	;   LD A,2
              	;   CALL printString
              	;   .db "This Text",0
              	;
0778:         	printString:
0778: 47      	        LD B, A
0779: CD2405  	        CALL setTxtMode
077C: 21410A  	        LD HL, ROWS
077F: 78      	        LD A, B
0780: 85      	        ADD A, L
0781: 3001    	        JR NC, $ + 3
0783: 24      	        INC H
0784: 6F      	        LD L, A
0785: 7E      	        LD A, (HL)
0786: D370    	        OUT (GLCD_INST), A
0788: CDB707  	        CALL delayUS
078B: E1      	        POP HL
078C:         	DS_LOOP:
078C: 7E      	        LD A, (HL)
078D: 23      	        INC HL
078E: B7      	        OR A
078F: 2807    	        JR Z, DS_EXIT
0791: D371    	        OUT (GLCD_DATA), A
0793: CDB707  	        CALL delayUS
0796: 18F4    	        JR DS_LOOP
0798:         	DS_EXIT:
0798: E9      	        JP (HL)
              	        
              	;Print Characters at a position X,Y
              	;Even though there are 16 columns, only every second column can be written
              	;to and two characters are to be printed.  IE: if you want to print one
              	;character in column 2, then you must set B=0 and print " x", putting
              	;a space before the character.
              	;Input B = column/X (0-7), C = row/Y (0-3)
              	;      HL = Start address of text to display, terminate with 0
0799:         	printChars:
0799: CD2405  	        CALL setTxtMode
079C: 11410A  	        LD DE, ROWS
079F: 79      	        LD A, C
07A0: 83      	        ADD A, E
07A1: 3001    	        JR NC, $ + 3
07A3: 14      	        INC D
07A4: 5F      	        LD E, A
07A5: 1A      	        LD A, (DE)
07A6: 80      	        ADD A, B
07A7: D370    	        OUT (GLCD_INST), A
07A9: CDB707  	        CALL delayUS
07AC:         	PC_LOOP:
07AC: 7E      	        LD A, (HL)
07AD: 23      	        INC HL
07AE: B7      	        OR A
07AF: C8      	        RET Z
07B0: D371    	        OUT (GLCD_DATA), A
07B2: CDB707  	        CALL delayUS
07B5: 18F5    	        JR PC_LOOP
              	        
              	; Delay for LCD write
07B7:         	delayUS:
07B7: 111000  	        LD DE, V_DELAY_US       ;DELAY BETWEEN, was 0010H
07BA:         	delayMS:
07BA: 1B      	        DEC DE                  ;EACH BYTE
07BB: 7A      	        LD A, D                 ;AS PER
07BC: B3      	        OR E                    ;LCD MANUFACTER'S
07BD: 20FB    	        JR NZ, delayMS         ;INSTRUCTIONS
07BF: C9      	        RET
              	        
              	; Set Buffer Clearing after outputting to LCD
              	; Input: A = 0 Buffer to be cleared, A <> 0 Buffer kept
07C0:         	setBufClear:
07C0: 3EFF    	        LD A, 0FFH
07C2: 3294FB  	        LD (CLRBUF), A
07C5: C3C604  	        JP clearGBUF
              	        
07C8:         	setBufNoClear:
07C8: AF      	        XOR A
07C9: 3294FB  	        LD (CLRBUF), A
07CC: C9      	        RET
              	
              	
              	;Initialise the GLCD Terminal
              	;Clears the GBUF, sets cursor to top left and displays cursor.
              	;This must be called prior to any Terminal routine.  This routine
              	;will as call INIT_LCD.
07CD:         	initTerminal:
07CD: CDA904  	        CALL initLCD            ;Clear LCD GBUF
07D0: CD1605  	        CALL setGrMode          ;Graphics mode
07D3: CDC807  	        CALL setBufNoClear      ;Retain screen
07D6: 2184F7  	        LD HL,TGBUF             ;Reset VPORT and BUFF_TOP to TGBUF
07D9: 2284FB  	        LD (VPORT),HL           ;to GBUF
07DC: 2286FB  	        LD (TBUF),HL
07DF: CDC604  	        CALL clearGBUF
07E2: AF      	        XOR A                   ;Clear A
07E3: 3298FB  	        LD (CURSOR_ON),A        ;Cursor ON
07E6: 3299FB  	        LD (INVERSE),A          ;Inverse OFF
07E9: 329CFB  	        LD (AUTO_LF),A          ;Auto LF ON
07EC: 329BFB  	        LD (ULINE),A            ;UnderLine OFF
07EF: 329DFB  	        LD (PLOT_ALWAYS),A      ;Plot always ON
07F2: 010000  	        LD BC,0000H
07F5: CDBA08  	        CALL setCursor          ;Move cursor to top left
07F8: 1865    	        JR DRAW_CURSOR          ;Draw Cursor and exit
              	        
              	
              	;Send or handle ASCII characters to the GLCD screen.  This routines displays
              	;ASCII characters to the GLCD screen and handles some special control characters
              	;It also handles scrolling history of 10 lines.  Characters are drawn at the 
              	;current cursor position.  Cursor increments if character is drawn.
              	;       CR / 0DH = will move the cursor down and reset it column
              	;       LF / 0AH = is ignored
              	;       FF / 0CH = clears the terminal (restarts)
              	;       BS / 08H = will delete the character at the cursor and move cursor back one
              	;       HT / 09H = will TAB 4 spaces
              	;       UP / F8H = will scroll up one line if any
              	;       DN / F7H = will scroll down one line if any
              	;Input: A = ASCII character to send to the GLCD screen.
              	;       A = 0  cursor drawn only
07FA:         	sendCharToLCD:
              	        ;Check for special characters
07FA: B7      	        OR A                    ;Zero?
07FB: 2862    	        JR Z,DRAW_CURSOR
07FD:         	DO_SCRL_UP:
07FD: FEF8    	        CP UP                   ;Up Arrow
07FF: 2007    	        JR NZ,DO_SCRL_DN
0801: AF      	        XOR A
0802: CD2B09  	        CALL MOVE_VPORT
0805: C34507  	        JP plotToLCD
0808:         	DO_SCRL_DN:
0808: FEF7    	        CP DN                   ;Down Arrow
080A: 2004    	        JR NZ,DO_CR
080C: 3E01    	        LD A,1
080E: 18F2    	        JR $-12                 ;Move VPORT above
0810:         	DO_CR:
              	        ;Key is now a drawing character, reset VPORT first
0810: 2184F7  	        LD HL,TGBUF
0813: 2284FB  	        LD (VPORT),HL
0816: FE0A    	        CP LF      ;LF
0818: C8      	        RET Z
0819: FE0D    	        CP CR      ;CR
081B: 2014    	        JR NZ,DO_FF
081D: 3A96FB  	        LD A,(CURSOR_X)         ;Are we on the first column?
0820: B7      	        OR A
0821: F5      	        PUSH AF
0822: CC050A  	        CALL Z,drawCursor
0825: F1      	        POP AF
0826: C4280A  	        CALL NZ,drawBlank          ;Clear cursor
0829: CDD808  	        CALL INC_ROW
082C: 3297FB  	        LD (CURSOR_YS),A        ;Save start row
082F: 182E    	        JR DRAW_CURSOR
0831:         	DO_FF:
0831: FE0C    	        CP FF                   ;Form Feed / Clear Screen
0833: 2898    	        JR Z,initTerminal       ;Reset All.
0835:         	DO_BS:
0835: FE08    	        CP BKSP                 ;Backspace
0837: 200B    	        JR NZ,DO_TAB
0839: CD280A  	        CALL drawBlank          ;Clear cursor
083C: CD4B09  	        CALL DEC_CURSOR
083F: CD280A  	        CALL drawBlank
0842: 181B    	        JR DRAW_CURSOR
0844:         	DO_TAB:
0844: FE09    	        CP TAB                  ;Horizontal Tab
0846: 2011    	        JR NZ,DO_CHAR
0848: CD280A  	        CALL drawBlank          ;Clear cursor
084B: CDCB08  	        CALL INC_CURSOR
084E: CDCB08  	        CALL INC_CURSOR
0851: CDCB08  	        CALL INC_CURSOR
0854: CDCB08  	        CALL INC_CURSOR
0857: 1806    	        JR DRAW_CURSOR
0859:         	DO_CHAR:
0859: CD9709  	        CALL drawGraphic
085C: CDCB08  	        CALL INC_CURSOR
085F:         	DRAW_CURSOR:
085F: CD050A  	        CALL drawCursor         ;Attempt to Draw cursor
0862:         	JUST_PLOT:
0862: 3A9DFB  	        LD A,(PLOT_ALWAYS)      ;Only plot if set
0865: B7      	        OR A
0866: C0      	        RET NZ                  ;Exit if not set
0867: C34507  	        JP plotToLCD          ;Plot screen and exit
              	
              	
              	
              	
              	
              	;Send a string of characters to the GLCD.  Prints a string pointed 
              	;by DE.  It stops printing when the next byte is the same as what is in register A
              	;Inputs: DE = address of string to print
              	;        A = character to stop printing.
              	;Destroy: All
086A:         	sendStringToLCD:
086A: 47      	        LD B, A                  ;Save cp in B
086B:         	NEXT_CHAR:
086B: 1A      	        LD A,(DE)               ;Get character
086C: 13      	        INC DE                  ;Move pointer
086D: B8      	        CP B                    ;Same as B?
086E: 28F2    	        JR Z,JUST_PLOT          ;Yes exit and plot LCD screen
0870: FE0D    	        CP CR                   ;Is it a CR?
0872: 200E    	        JR NZ,CHECK_FF
0874: 2184F7  	        LD HL,TGBUF
0877: 2284FB  	        LD (VPORT),HL
087A: CDD808  	        CALL INC_ROW
087D: 3297FB  	        LD (CURSOR_YS),A        ;Save start row
0880: 18E0    	        JR JUST_PLOT
0882:         	CHECK_FF:
0882: FE0C    	        CP FF                   ;Is it a FF?
0884: 28AB    	        JR Z,DO_FF              ;Yes do a Form Feed and plot LCD screen and exit
0886: D9      	        EXX                     ;Save bulk registers
0887: CD9709  	        CALL drawGraphic        ;Draw the character
088A: CDCB08  	        CALL INC_CURSOR         ;Move cursor by one
088D: D9      	        EXX                     ;Restore bulk registers
088E: 18DB    	        JR NEXT_CHAR            ;Repeat for next character
0890: C9      	        RET
              	
              	;Display a register in ASCII on the GLCD
              	;Input: A = value to convert and display
0891:         	sendRegToLCD:
0891: CD9608  	        CALL DRAW_A             ;Do the conversion
0894: 18C9    	        JR DRAW_CURSOR          ;exit and plot LCD screen
0896:         	DRAW_A:
0896: F5      	        PUSH AF                 ;Save AF
0897: 0F      	        RRCA                    ;move high
0898: 0F      	        RRCA                    ;nibble to low nibble
0899: 0F      	        RRCA
089A: 0F      	        RRCA
089B: CD9F08  	        CALL NIBBLE_TO_LCD      ;Convert and display
089E: F1      	        POP AF                  ;Restore AF
089F:         	NIBBLE_TO_LCD:
089F: E60F    	        AND 0FH                 ;mask out high nibble
08A1: C690    	        ADD A,90H               ;convert to 
08A3: 27      	        DAA                     ;ASCII
08A4: CE40    	        ADC A,40H               ;using this
08A6: 27      	        DAA                     ;amazing routine
08A7: CD9709  	        CALL drawGraphic       ;Draw the character
08AA: CDCB08  	        CALL INC_CURSOR         ;Move cursor by one
08AD: C9      	        RET
              	
              	;Display the register HL in ASCII on the GLCD
              	;Input: HL = value to convert and display
08AE:         	sendHLToLCD:
08AE: E5      	        PUSH HL                 ;Save HL
08AF: 7C      	        LD A,H                  ;get H
08B0: CD9608  	        CALL DRAW_A             ;Do the conversion
08B3: E1      	        POP HL
08B4: 7D      	        LD A,L                  ;get L
08B5: CD9608  	        CALL DRAW_A             ;Do the conversion
08B8: 18A5    	        JR DRAW_CURSOR          ;exit and plot LCD screen
              	
              	;Set the Graphic cursor position
              	;Inputs: BC = X,Y where X = 0..127, Y = 0..63
              	;Ignores update if one of the X,Y values are out of range
              	;Destroys: A
08BA:         	setCursor:
              	        ;Check range. Exit if X,Y out of range
08BA: 79      	        LD A, C
08BB: FE40    	        CP 40H
08BD: D0      	        RET NC
08BE: 78      	        LD A, B
08BF: FE80    	        CP 80H
08C1: D0      	        RET NC
              	        ;Set Cursor and initial start row
08C2: ED4395FB	        LD (CURSOR_XY),BC       ;Save cursor
08C6: 79      	        LD A,C
08C7: 3297FB  	        LD (CURSOR_YS),A        ;And initial Y Start
08CA: C9      	        RET
              	
              	;Increment the cursor by one font character
              	;A Font Character is 6x6 Pixels.  Move column 6 across until it can't then reset
              	;column back to 0 and move 6 down.
              	;If can't go down any further then keep on last row but move column back to 0
              	;Font Characters maximum 20 across and 10 down
              	;Output: Carry Set = No screen overflow
              	;Destroys: A
08CB:         	INC_CURSOR:
08CB: 3A96FB  	        LD A,(CURSOR_X)         ;Get X
08CE: C606    	        ADD A,6                 ;Add 6
08D0: FE7E    	        CP 126                  ;Is it >= 126?
08D2: 3004    	        JR NC,INC_ROW           ;Yes, reset column and increment row
08D4: 3296FB  	        LD (CURSOR_X),A         ;Save new column
08D7: C9      	        RET
08D8:         	INC_ROW:
08D8: AF      	        XOR A
08D9: 3296FB  	        LD (CURSOR_X),A         ;reset column to 0
08DC: 3A9CFB  	        LD A,(AUTO_LF)          ;Check for AutoLF
08DF: B7      	        OR A
08E0: C0      	        RET NZ                  ;Don't CR and exit
08E1: 3A95FB  	        LD A,(CURSOR_Y)         ;get row
08E4: C606    	        ADD A,6                 ;Add 6
08E6: FE3C    	        CP 60                   ;Is it >= 60
08E8: 3807    	        JR C,SAVE_ROW           ;No, save new row
08EA: F5      	        PUSH AF
08EB: CDF508  	        CALL SHIFT_BUFFER       ;Shift buffer up one row
08EE: F1      	        POP AF
08EF: D606    	        SUB 6                   ;overflow, just leave the same
08F1:         	SAVE_ROW:
08F1: 3295FB  	        LD (CURSOR_Y),A         ;Save new row
08F4: C9      	        RET
              	
              	;Shift the graphics buffer (GBUF) into the scroll buffer (SBUF) by
              	;one row (6 lines).  Move the top buffer address to the new top of 
              	;the scroll buffer
08F5:         	SHIFT_BUFFER:
              	        ;Check if anymore buffer left
08F5: 2A86FB  	        LD HL,(TBUF)        ;Get top buffer address
08F8: 1104F0  	        LD DE,TGBUF-SBUF    ;Get scroll buffer address
08FB: B7      	        OR A                ;Clear carry
08FC: ED52    	        SBC HL,DE           ;TBUF-SBUF
08FE: 2809    	        JR Z,SKIP_TBUF
0900: 19      	        ADD HL,DE           ;restore HL
0901: 116000  	        LD DE,16*6          ;Six pixel rows
0904: ED52    	        SBC HL,DE           ;Move TBUF down by 6 rows
0906: 2286FB  	        LD (TBUF),HL        ;Save new TBUF
0909:         	SKIP_TBUF:
0909: 2164F0  	        LD HL,TGBUF-SBUF+(16*6) ;Top of scroll buffer less one row
090C: 1104F0  	        LD DE,TGBUF-SBUF    ;Top of scroll buffer
              	        ;LD BC,16*6*19       ;19 rows
090F: 01E00A  	        LD BC,16*6*29       ;19 rows (change to 20 lines 19 to 29 (+10)) Z80 Mini
0912: EDB0    	        LDIR
0914: 21E4FA  	        LD HL,TGBUF+0360H   ;clear last row (9*16)
0917: 11E5FA  	        LD DE,TGBUF+0361H
091A: 015F00  	        LD BC,5FH
091D: AF      	        XOR A
091E: 77      	        LD (HL),A
091F: EDB0    	        LDIR
              	        ;Move Y Start up one row
0921: 3A97FB  	        LD A,(CURSOR_YS)    ;Get Y Start row
0924: D606    	        SUB 6
0926: D8      	        RET C               ;Ignore if less than zero
0927: 3297FB  	        LD (CURSOR_YS),A    
092A: C9      	        RET
              	
              	;Move the VPORT vertically between TBUF and end of GBUB.  VPORT will be 
              	;shifted by a standard termial row of 6 lines.
              	;input: A = 0 shift up else shift down
092B:         	MOVE_VPORT:
092B: 2A84FB  	        LD HL,(VPORT)       ;get viewport
092E: EB      	        EX DE,HL
092F: B7      	        OR A                ;check move
0930: 200E    	        JR NZ,MOVE_DOWN     ;shift down
0932:         	MOVE_UP:
0932: 2A86FB  	        LD HL,(TBUF)        ;get top of buffer
0935: ED52    	        SBC HL,DE           ;
0937: C8      	        RET Z               ;if the same, then at top already
0938: 21A0FF  	        LD HL,0-60H         ;one row up
093B:         	SAVE_VPORT:
093B: 19      	        ADD HL,DE           ;get new VPORT value
093C: 2284FB  	        LD (VPORT),HL
093F: C9      	        RET
0940:         	MOVE_DOWN:
0940: 2184F7  	        LD HL,TGBUF         ;get top of graphics buffer
0943: ED52    	        SBC HL,DE           ;
0945: C8      	        RET Z               ;if the same, then at top already
0946: 216000  	        LD HL,60H           ;one row down
0949: 18F0    	        JR SAVE_VPORT
              	
              	;Decrement the cursor by one font character up to the current row start
              	;Used to help with Backspace character or left arrow?
              	;Destroys: A
094B:         	DEC_CURSOR:
094B: 3A96FB  	        LD A,(CURSOR_X)         ;Get X
094E: D606    	        SUB 6                   ;subract 6
0950:         	SAVE_COL:
0950: 3296FB  	        LD (CURSOR_X),A         ;Save new column
              	        ;if < 0 then just make 0 or 20 depending on Y Start
0953: D0      	        RET NC
0954: C5      	        PUSH BC
0955: 3A97FB  	        LD A,(CURSOR_YS)        ;Get Y Start
0958: 47      	        LD B,A
0959: 3A95FB  	        LD A,(CURSOR_Y)         ;Get Y
095C: 90      	        SUB B
095D: C1      	        POP BC
095E: 3E00    	        LD A,0                  ;reset to 0
0960: 28EE    	        JR Z,SAVE_COL
0962: 3E78    	        LD A,6*20               ;last column
0964: 3296FB  	        LD (CURSOR_X),A         ;Save new column
0967: 3A95FB  	        LD A,(CURSOR_Y)
096A: D606    	        SUB 6                   ;move row one line up
096C: 3295FB  	        LD (CURSOR_Y),A         ;Save new row
096F: C9      	        RET
              	
              	;Get cursor position
              	;Outputs: BC = X,Y where X = 0..127, Y = 0..63
0970:         	getCursor:
0970: ED4B95FB	        LD BC,(CURSOR_XY)
0974: C9      	        RET
              	
              	;Display Cursor
              	;Input: A = 0, Turn cursor on, A = non zero, Turn cursor off
              	;Default is Cursor ON
0975:         	displayCursor:
0975: 3298FB  	        LD (CURSOR_ON),A
0978: B7      	        OR A
0979: C2280A  	        JP NZ,drawBlank
097C: C35F08  	        JP DRAW_CURSOR
              	
              	;Inverse Graphic Drawing
              	;Initial state is normal.  Calling this routine will TOGGLE the inverse drawing flag
              	;Destroys: A
097F:         	invGraphic:
097F: 3A99FB  	        LD A,(INVERSE)
0982: 2F      	        CPL                 ;flip bits
0983: 3299FB  	        LD (INVERSE),A
0986: C9      	        RET
              	
              	;Display underline on character
              	;Initial state is no underline.  Calling this routine will TOGGLE the underline flag
              	;Destroys: A
0987:         	underline:
0987: 3A9BFB  	        LD A,(ULINE)
098A: 2F      	        CPL                 ;flip bits
098B: 329BFB  	        LD (ULINE),A
098E: C9      	        RET
              	
              	;Automatic Line Feed when cursor reaches the end of the row
              	;Input: A = 0, Automatic Line Feed, CA= non zero, No Automatic Line Feed
              	;Default is AutoLF ON
098F:         	autoLF:
098F: 329CFB  	        LD (AUTO_LF),A
0992: C9      	        RET
              	
              	;When sendCharToLCD is called, determine if character should be sent to the GLCD
              	;or not.  If not sent, then a call to plotToLCD will be made to update the GLCD
              	;Input: A = 0, Plot Always, A = non zero, Do not plot
              	;Default is Plot Always
0993:         	plotAlways:
0993: 329DFB  	        LD (PLOT_ALWAYS),A
0996: C9      	        RET
              	
              	;Draw Graphic at the current cursor.  Draw either an ASCII character or
              	;a custom sprite/picture
              	;Input: A = ASCII number or 
              	;    if A=0 Then 
              	;       HL = Address of graphic data
              	;       B = width of graphic in pixels (1-128)
              	;       C = height of graphic in pixels (1-64)
              	;Destroys: All
0997:         	drawGraphic:
0997: B7      	        OR A                ;is A=0
0998: 2810    	        JR Z,PLOT_GRAPHIC   ;yes, use data pointing to HL
              	        ;Use internal font table and index it to value in A
099A: 3D      	        DEC A               ;fix for A = 0..255
099B: 2600    	        LD H,0
099D: 6F      	        LD L,A
099E: 29      	        ADD HL,HL           ;Multipy A by 2
099F: 54      	        LD D,H
09A0: 5D      	        LD E,L              ;Save in DE
09A1: 29      	        ADD HL,HL           ;Multipy A by 4
09A2: 19      	        ADD HL,DE           ;Multiply by 6
09A3: 11490A  	        LD DE,FONT_DATA     ;Font Table
09A6: 19      	        ADD HL,DE           ;Add index (A*8) to HL
09A7: 010606  	        LD BC,0606H         ;Six pixels across, Six pixels down
09AA:         	PLOT_GRAPHIC:
09AA: 50      	        LD D,B              ;D=Column pixel count
09AB: 7A      	        LD A,D
09AC: 329AFB  	        LD (PIXEL_X),A      ;Save original pixel length
09AF: 59      	        LD E,C              ;E=Row pixel count
09B0: ED4B95FB	        LD BC,(CURSOR_XY)   ;Get graphics cursor position
09B4:         	PLOT_BYTE:
09B4: 7A      	        LD A,D              ;Get column bit count
09B5: D608    	        SUB 8
09B7: 57      	        LD D,A
09B8: D5      	        PUSH DE 
09B9: 1608    	        LD D,8 
09BB: F5      	        PUSH AF
              	        ;underline check
09BC: 7B      	        LD A,E
09BD: FE01    	        CP 1                ;are we on the last row?
09BF: 200A    	        JR NZ,GET_ROW_DATA  ;no, just continue
09C1: 3A9BFB  	        LD A,(ULINE)        ;check underline flag
09C4: B7      	        OR A                ;is it set?
09C5: 2804    	        JR Z,GET_ROW_DATA   ;no, just continue
09C7: 1EFF    	        LD E,0FFH           ;yes, set to all ones
09C9: 1801    	        JR $+3
09CB:         	GET_ROW_DATA:
09CB: 5E      	        LD E,(HL)           ;get pixel data
09CC: F1      	        POP AF
09CD: 3009    	        JR NC,INV_BIT
09CF: 82      	        ADD A, D ;Restore column bit count
09D0: 57      	        LD D,A
09D1: 7A      	        LD A,D
              	        ;D = Rotate adjust count
09D2: CB0B    	        RRC E               ;rotate it to get first bit in bit 7
09D4: 15      	        DEC D
09D5: 20FB    	        JR NZ,$-3
09D7: 57      	        LD D,A              ;reset D to actual bit count
09D8:         	INV_BIT:
09D8: 3A99FB  	        LD A,(INVERSE)      ;check inverse flag
09DB: AB      	        XOR E               ;flip bits
09DC: 5F      	        LD E,A              ;save new data
09DD:         	PLOT_BIT:
09DD: CB03    	        RLC E
09DF: E5      	        PUSH HL
09E0: 3005    	        JR NC,REMOVE_PIXEL
09E2: CDE606  	        CALL drawPixel
09E5: 1803    	        JR $+5
09E7:         	REMOVE_PIXEL:
09E7: CD0307  	        CALL clearPixel
09EA: E1      	        POP HL
09EB: 04      	        INC B               ;move X to the right by one
09EC: 15      	        DEC D
09ED: 20EE    	        JR NZ,PLOT_BIT
              	        ;All bits are plotted check if D <= 0
09EF: 23      	        INC HL              ;move to next pixel byte
09F0: D1      	        POP DE              ;restore Column/Row bit count
09F1: 7A      	        LD A,D
09F2: B7      	        OR A                ;check for zero or lessor
09F3: 2803    	        JR Z,$+5
09F5: F2B409  	        JP P,PLOT_BYTE      ;its greater or zero, do next byte
              	        ;Move down a row and set column to the start
09F8: 1D      	        DEC E               ;move column pixel count down by one
09F9: C8      	        RET Z               ;if its zero no more to do, just exit
09FA: 0C      	        INC C               ;move down a row
09FB: 3A96FB  	        LD A,(CURSOR_X)
09FE: 47      	        LD B,A              ;reset column
09FF: 3A9AFB  	        LD A,(PIXEL_X)
0A02: 57      	        LD D,A              ;reset pixel length per row
0A03: 18AF    	        JR PLOT_BYTE
              	
              	;Draw a cursor at the current cursor position.  This will XOR the bits underneith
              	;the cursor position.  The cursor is a 6x6 pixel square.
0A05:         	drawCursor:
0A05: 3A98FB  	        LD A,(CURSOR_ON)
0A08: B7      	        OR A
0A09: C0      	        RET NZ              ;exit if cursor off
0A0A: ED5BA5FB	        LD DE, (MEN_CURSR) ;0606H         ;Six pixels across, Six pixels down
0A0E: ED4B95FB	        LD BC,(CURSOR_XY)   ;Get graphics cursor position
0A12:         	FLIP_BIT:        
0A12: 3A99FB  	        LD A,(INVERSE)      ;check inverse flag
0A15: B7      	        OR A
0A16: CC1507  	        CALL Z,flipPixel    ;Flip the bit at the cursor position if not inverse
0A19: 04      	        INC B               ;move X to the right by one
0A1A: 15      	        DEC D
0A1B: 20F5    	        JR NZ,FLIP_BIT
0A1D: 1D      	        DEC E               ;move column pixel count down by one
0A1E: C8      	        RET Z               ;if its zero no more to do, just exit
0A1F: 0C      	        INC C               ;move down a row
0A20: 1606    	        LD D,6              ;reset pixel length per row
0A22: 3A96FB  	        LD A,(CURSOR_X)     ;restore original column
0A25: 47      	        LD B,A              ;reset column
0A26: 18EA    	        JR FLIP_BIT
              	
              	;Draw a blank at the current cursor position.  This is for DELETE character
0A28:         	drawBlank:
0A28: 110606  	        LD DE,0606H         ;Six pixels across, Six pixels down
0A2B: ED4B95FB	        LD BC,(CURSOR_XY)   ;Get graphics cursor position
0A2F:         	FLIP_BIT1:        
0A2F: CD0307  	        CALL clearPixel     ;clear the bit at the cursor position
0A32: 04      	        INC B               ;move X to the right by one
0A33: 15      	        DEC D
0A34: 20F9    	        JR NZ,FLIP_BIT1
0A36: 1D      	        DEC E               ;move column pixel count down by one
0A37: C8      	        RET Z               ;if its zero no more to do, just exit
0A38: 0C      	        INC C               ;move down a row
0A39: 1606    	        LD D,6              ;reset pixel length per row
0A3B: 3A96FB  	        LD A,(CURSOR_X)     ;restore original column
0A3E: 47      	        LD B,A              ;reset column
0A3F: 18EE    	        JR FLIP_BIT1
              	
              	; Contstants
0A41: 80908898	ROWS:   .db      80H,90H,88H,98H ;Text Row start position
              	        
0A45:         	INIT_BASIC:
0A45: 30      	        .db      30H             ;8 Bit interface, basic instruction
0A46: 0C      	        .db      0CH             ;display on, cursor & blink off
0A47: 06      	        .db      06H             ;cursor move to right ,no shift
0A48: 01      	        .db      01H             ;clear RAM
              	
              	;General Graphic Data
              	;Byte n = Pixel data where set bits represent pixels.  Read from LSB
              	
              	; 256 Character Font 
0A49:         	FONT_DATA:
              	        ;001
0A49: 1E      	        .db 00011110b   ;  ####
0A4A: 21      	        .db 00100001b   ; #    #
0A4B: 21      	        .db 00100001b   ; #    #
0A4C: 21      	        .db 00100001b   ; #    #
0A4D: 21      	        .db 00100001b   ; #    #
0A4E: 1E      	        .db 00011110b   ;  ####
              	        ;002
0A4F: 1E      	        .db 00011110b   ;  ####
0A50: 3F      	        .db 00111111b   ; ######
0A51: 3F      	        .db 00111111b   ; ######
0A52: 3F      	        .db 00111111b   ; ######
0A53: 3F      	        .db 00111111b   ; ######
0A54: 1E      	        .db 00011110b   ;  ####
              	        ;003 Up Arrow
0A55: 0C      	        .db 00001100b   ;   ##
0A56: 1E      	        .db 00011110b   ;  ####
0A57: 3F      	        .db 00111111b   ; ######
0A58: 0C      	        .db 00001100b   ;   ##
0A59: 0C      	        .db 00001100b   ;   ##
0A5A: 0C      	        .db 00001100b   ;   ##
              	        ;004 Down Arrow
0A5B: 0C      	        .db 00001100b   ;   ##
0A5C: 0C      	        .db 00001100b   ;   ##
0A5D: 0C      	        .db 00001100b   ;   ##
0A5E: 3F      	        .db 00111111b   ; ######
0A5F: 1E      	        .db 00011110b   ;  ####
0A60: 0C      	        .db 00001100b   ;   ##
              	        ;005 Left Arrow
0A61: 08      	        .db 00001000b   ;   #
0A62: 18      	        .db 00011000b   ;  ##
0A63: 3F      	        .db 00111111b   ; ######
0A64: 3F      	        .db 00111111b   ; ######
0A65: 18      	        .db 00011000b   ;  ##
0A66: 08      	        .db 00001000b   ;   #
              	        ;006 Right Arrow
0A67: 04      	        .db 00000100b   ;    #
0A68: 06      	        .db 00000110b   ;    ##
0A69: 3F      	        .db 00111111b   ; ######
0A6A: 3F      	        .db 00111111b   ; ######
0A6B: 06      	        .db 00000110b   ;    ##
0A6C: 04      	        .db 00000100b   ;    #
              	        ;007 Up Hat
0A6D: 0C      	        .db 00001100b   ;   ##
0A6E: 1E      	        .db 00011110b   ;  ####
0A6F: 3F      	        .db 00111111b   ; ######
0A70: 00      	        .db 00000000b   ;
0A71: 00      	        .db 00000000b   ;
0A72: 00      	        .db 00000000b   ;
              	        ;008 Down Hat
0A73: 00      	        .db 00000000b   ;
0A74: 00      	        .db 00000000b   ;
0A75: 00      	        .db 00000000b   ;
0A76: 3F      	        .db 00111111b   ; ######
0A77: 1E      	        .db 00011110b   ;  ####
0A78: 0C      	        .db 00001100b   ;   ##
              	        ;009 Left Hat
0A79: 08      	        .db 00001000b   ;   #
0A7A: 18      	        .db 00011000b   ;  ##
0A7B: 38      	        .db 00111000b   ; ###
0A7C: 38      	        .db 00111000b   ; ###
0A7D: 18      	        .db 00011000b   ;  ##
0A7E: 08      	        .db 00001000b   ;   #
              	        ;010 Right Hat
0A7F: 04      	        .db 00000100b   ;    #
0A80: 06      	        .db 00000110b   ;    ##
0A81: 07      	        .db 00000111b   ;    ###
0A82: 07      	        .db 00000111b   ;    ###
0A83: 06      	        .db 00000110b   ;    ##
0A84: 04      	        .db 00000100b   ;    #
              	        ;011 Note 1
0A85: 04      	        .db 00000100b   ;    #
0A86: 04      	        .db 00000100b   ;    # 
0A87: 04      	        .db 00000100b   ;    # 
0A88: 1C      	        .db 00011100b   ;  ###
0A89: 3C      	        .db 00111100b   ; ####
0A8A: 18      	        .db 00011000b   ;  ##
              	        ;012 Note 2
0A8B: 04      	        .db 00000100b   ;    #
0A8C: 06      	        .db 00000110b   ;    ## 
0A8D: 05      	        .db 00000101b   ;    # #
0A8E: 1C      	        .db 00011100b   ;  ###
0A8F: 3C      	        .db 00111100b   ; ####
0A90: 18      	        .db 00011000b   ;  ##
              	        ;013 Rocket
0A91: 0C      	        .db 00001100b   ;   ##
0A92: 0C      	        .db 00001100b   ;   ##
0A93: 0C      	        .db 00001100b   ;   ##
0A94: 0C      	        .db 00001100b   ;   ##
0A95: 1E      	        .db 00011110b   ;  ####
0A96: 33      	        .db 00110011b   ; ##  ##
              	        ;014 Bomb
0A97: 1E      	        .db 00011110b   ;  ####
0A98: 0C      	        .db 00001100b   ;   ##
0A99: 1E      	        .db 00011110b   ;  ####
0A9A: 1E      	        .db 00011110b   ;  ####
0A9B: 1E      	        .db 00011110b   ;  ####
0A9C: 0C      	        .db 00001100b   ;   ##
              	        ;015 Explosion
0A9D: 0C      	        .db 00001100b   ;   ##
0A9E: 3F      	        .db 00111111b   ; ######
0A9F: 06      	        .db 00000110b   ;    ##
0AA0: 0C      	        .db 00001100b   ;   ##
0AA1: 18      	        .db 00011000b   ;  ##
0AA2: 0C      	        .db 00001100b   ;   ##
              	        ;016
0AA3: 36      	        .db 00110110b   ; ## ##
0AA4: 24      	        .db 00100100b   ; #  #
0AA5: 00      	        .db 00000000b   ;
0AA6: 00      	        .db 00000000b   ;
0AA7: 00      	        .db 00000000b   ;
0AA8: 00      	        .db 00000000b   ;
              	        ;017
0AA9: 36      	        .db 00110110b   ; ## ##
0AAA: 12      	        .db 00010010b   ;  #  #
0AAB: 00      	        .db 00000000b   ;
0AAC: 00      	        .db 00000000b   ;
0AAD: 00      	        .db 00000000b   ;
0AAE: 00      	        .db 00000000b   ;
              	        ;018
0AAF: 0E      	        .db 00001110b   ;   ###
0AB0: 12      	        .db 00010010b   ;  #  #
0AB1: 38      	        .db 00111000b   ; ###
0AB2: 12      	        .db 00010010b   ;  #  #
0AB3: 3E      	        .db 00111110b   ; #####
0AB4: 00      	        .db 00000000b   ;
              	        ;019
0AB5: 1C      	        .db 00011100b   ;  ###
0AB6: 22      	        .db 00100010b   ; #   #
0AB7: 2A      	        .db 00101010b   ; # # #
0AB8: 22      	        .db 00100010b   ; #   #
0AB9: 1C      	        .db 00011100b   ;  ###
0ABA: 00      	        .db 00000000b   ;
              	        ;020
0ABB: 3E      	        .db 00111110b   ; #####
0ABC: 34      	        .db 00110100b   ; ## #
0ABD: 34      	        .db 00110100b   ; ## #
0ABE: 14      	        .db 00010100b   ;  # #
0ABF: 14      	        .db 00010100b   ;  # #
0AC0: 00      	        .db 00000000b   ;
              	        ;021
0AC1: 1C      	        .db 00011100b   ;  ###
0AC2: 18      	        .db 00011000b   ;  ##
0AC3: 24      	        .db 00100100b   ; #  #
0AC4: 18      	        .db 00011000b   ;  ##
0AC5: 38      	        .db 00111000b   ; ###
0AC6: 00      	        .db 00000000b   ;
              	        ;022
0AC7: 0C      	        .db 00001100b   ;   ##
0AC8: 0C      	        .db 00001100b   ;   ##
0AC9: 02      	        .db 00000010b   ;     #
0ACA: 00      	        .db 00000000b   ;
0ACB: 00      	        .db 00000000b   ;
0ACC: 00      	        .db 00000000b   ;
              	        ;023
0ACD: 14      	        .db 00010100b   ;  # #
0ACE: 00      	        .db 00000000b   ;
0ACF: 08      	        .db 00001000b   ;   #
0AD0: 22      	        .db 00100010b   ; #   # 
0AD1: 1C      	        .db 00011100b   ;  ###
0AD2: 00      	        .db 00000000b   ;
              	        ;024
0AD3: 14      	        .db 00010100b   ;  # #
0AD4: 00      	        .db 00000000b   ;
0AD5: 00      	        .db 00000000b   ;
0AD6: 1C      	        .db 00011100b   ;  ###
0AD7: 22      	        .db 00100010b   ; #   # 
0AD8: 00      	        .db 00000000b   ;
              	        ;025
0AD9: 08      	        .db 00001000b   ;   #
0ADA: 00      	        .db 00000000b   ;
0ADB: 18      	        .db 00011000b   ;  ##
0ADC: 22      	        .db 00100010b   ; #   #
0ADD: 1C      	        .db 00011100b   ;  ###
0ADE: 00      	        .db 00000000b   ;
              	        ;026
0ADF: 08      	        .db 00001000b   ;   #
0AE0: 00      	        .db 00000000b   ;
0AE1: 08      	        .db 00001000b   ;   #
0AE2: 08      	        .db 00001000b   ;   #
0AE3: 08      	        .db 00001000b   ;   #
0AE4: 00      	        .db 00000000b   ;
              	        ;027
0AE5: 00      	        .db 00000000b   ;
0AE6: 00      	        .db 00000000b   ;
0AE7: 3E      	        .db 00111110b   ; #####
0AE8: 06      	        .db 00000110b   ;    ##
0AE9: 06      	        .db 00000110b   ;    ##
0AEA: 00      	        .db 00000000b   ;
              	        ;028
0AEB: 1C      	        .db 00011100b   ;  ###
0AEC: 1C      	        .db 00011100b   ;  ###
0AED: 3E      	        .db 00111110b   ; #####
0AEE: 08      	        .db 00001000b   ;   #
0AEF: 1C      	        .db 00011100b   ;  ###
0AF0: 00      	        .db 00000000b   ;
              	        ;029
0AF1: 08      	        .db 00001000b   ;   #
0AF2: 1C      	        .db 00011100b   ;  ###
0AF3: 3E      	        .db 00111110b   ; #####
0AF4: 1C      	        .db 00011100b   ;  ###
0AF5: 08      	        .db 00001000b   ;   #
0AF6: 00      	        .db 00000000b   ;
              	        ;030
0AF7: 14      	        .db 00010100b   ;  # #
0AF8: 3E      	        .db 00111110b   ; #####
0AF9: 3E      	        .db 00111110b   ; #####
0AFA: 1C      	        .db 00011100b   ;  ###
0AFB: 08      	        .db 00001000b   ;   #
0AFC: 00      	        .db 00000000b   ;
              	        ;031
0AFD: 08      	        .db 00001000b   ;   #
0AFE: 1C      	        .db 00011100b   ;  ###
0AFF: 3E      	        .db 00111110b   ; #####
0B00: 08      	        .db 00001000b   ;   #
0B01: 1C      	        .db 00011100b   ;  ###
0B02: 00      	        .db 00000000b   ;
              	        ;032 Space
0B03: 00      	        .db 00000000b   ;
0B04: 00      	        .db 00000000b   ;
0B05: 00      	        .db 00000000b   ;
0B06: 00      	        .db 00000000b   ;
0B07: 00      	        .db 00000000b   ;
0B08: 00      	        .db 00000000b   ;
              	        ;033 !
0B09: 08      	        .db 00001000b   ;   #
0B0A: 08      	        .db 00001000b   ;   #
0B0B: 08      	        .db 00001000b   ;   #
0B0C: 00      	        .db 00000000b   ;
0B0D: 08      	        .db 00001000b   ;   #
0B0E: 00      	        .db 00000000b   ;
              	        ;034 "
0B0F: 14      	        .db 00010100b   ;  # #
0B10: 14      	        .db 00010100b   ;  # #
0B11: 00      	        .db 00000000b   ;
0B12: 00      	        .db 00000000b   ;
0B13: 00      	        .db 00000000b   ;
0B14: 00      	        .db 00000000b   ;
              	        ;035 #
0B15: 14      	        .db 00010100b   ;  # #
0B16: 3E      	        .db 00111110b   ; #####
0B17: 14      	        .db 00010100b   ;  # #
0B18: 3E      	        .db 00111110b   ; #####
0B19: 14      	        .db 00010100b   ;  # #
0B1A: 00      	        .db 00000000b   ;
              	        ;036 $
0B1B: 1E      	        .db 00011110b   ;  ####
0B1C: 28      	        .db 00101000b   ; # #
0B1D: 1C      	        .db 00011100b   ;  ###
0B1E: 0A      	        .db 00001010b   ;   # #
0B1F: 3C      	        .db 00111100b   ; ####
0B20: 00      	        .db 00000000b   ;
              	        ;037 %
0B21: 32      	        .db 00110010b   ; ##  #
0B22: 34      	        .db 00110100b   ; ## #
0B23: 08      	        .db 00001000b   ;   #
0B24: 16      	        .db 00010110b   ;  # ##
0B25: 26      	        .db 00100110b   ; #  ##
0B26: 00      	        .db 00000000b   ;
              	        ;038 &
0B27: 18      	        .db 00011000b   ;  ##
0B28: 24      	        .db 00100100b   ; #  #
0B29: 1A      	        .db 00011010b   ;  ## #
0B2A: 24      	        .db 00100100b   ; #  #
0B2B: 1A      	        .db 00011010b   ;  ## #
0B2C: 00      	        .db 00000000b   ;
              	        ;039 '
0B2D: 04      	        .db 00000100b   ;    #
0B2E: 08      	        .db 00001000b   ;   #
0B2F: 00      	        .db 00000000b   ;
0B30: 00      	        .db 00000000b   ;
0B31: 00      	        .db 00000000b   ;
0B32: 00      	        .db 00000000b   ;
              	        ;040 (
0B33: 04      	        .db 00000100b   ;    #
0B34: 08      	        .db 00001000b   ;   #
0B35: 08      	        .db 00001000b   ;   #
0B36: 08      	        .db 00001000b   ;   #
0B37: 04      	        .db 00000100b   ;    #
0B38: 00      	        .db 00000000b   ;
              	        ;041 )
0B39: 10      	        .db 00010000b   ;  #
0B3A: 08      	        .db 00001000b   ;   #
0B3B: 08      	        .db 00001000b   ;   #
0B3C: 08      	        .db 00001000b   ;   #
0B3D: 10      	        .db 00010000b   ;  #
0B3E: 00      	        .db 00000000b   ;
              	        ;042 *
0B3F: 2A      	        .db 00101010b   ; # # #
0B40: 1C      	        .db 00011100b   ;  ###
0B41: 3E      	        .db 00111110b   ; #####
0B42: 1C      	        .db 00011100b   ;  ###
0B43: 2A      	        .db 00101010b   ; # # #
0B44: 00      	        .db 00000000b   ;
              	        ;043 +
0B45: 00      	        .db 00000000b   ;
0B46: 08      	        .db 00001000b   ;   #
0B47: 1C      	        .db 00011100b   ;  ###
0B48: 08      	        .db 00001000b   ;   #
0B49: 00      	        .db 00000000b   ;
0B4A: 00      	        .db 00000000b   ;
              	        ;044 ,
0B4B: 00      	        .db 00000000b   ;
0B4C: 00      	        .db 00000000b   ;
0B4D: 00      	        .db 00000000b   ;
0B4E: 08      	        .db 00001000b   ;   #
0B4F: 10      	        .db 00010000b   ;  #
0B50: 00      	        .db 00000000b   ;
              	        ;045 -
0B51: 00      	        .db 00000000b   ;
0B52: 00      	        .db 00000000b   ;
0B53: 1C      	        .db 00011100b   ;  ###
0B54: 00      	        .db 00000000b   ;
0B55: 00      	        .db 00000000b   ;
0B56: 00      	        .db 00000000b   ;
              	        ;046 .
0B57: 00      	        .db 00000000b   ;
0B58: 00      	        .db 00000000b   ;
0B59: 00      	        .db 00000000b   ;
0B5A: 00      	        .db 00000000b   ;
0B5B: 10      	        .db 00010000b   ;  #
0B5C: 00      	        .db 00000000b   ;
              	        ;047 /
0B5D: 02      	        .db 00000010b   ;     #
0B5E: 04      	        .db 00000100b   ;    #
0B5F: 08      	        .db 00001000b   ;   #
0B60: 10      	        .db 00010000b   ;  #
0B61: 20      	        .db 00100000b   ; #
0B62: 00      	        .db 00000000b   ;
              	        ;048 0
0B63: 1C      	        .db 00011100b   ;  ###
0B64: 14      	        .db 00010100b   ;  # #
0B65: 14      	        .db 00010100b   ;  # #
0B66: 14      	        .db 00010100b   ;  # #
0B67: 1C      	        .db 00011100b   ;  ###
0B68: 00      	        .db 00000000b   ;
              	        ;049 1
0B69: 08      	        .db 00001000b   ;   #
0B6A: 18      	        .db 00011000b   ;  ##
0B6B: 08      	        .db 00001000b   ;   #
0B6C: 08      	        .db 00001000b   ;   #
0B6D: 1C      	        .db 00011100b   ;  ###
0B6E: 00      	        .db 00000000b   ;
              	        ;050 2
0B6F: 1C      	        .db 00011100b   ;  ###
0B70: 04      	        .db 00000100b   ;    #
0B71: 1C      	        .db 00011100b   ;  ###
0B72: 10      	        .db 00010000b   ;  #
0B73: 1C      	        .db 00011100b   ;  ###
0B74: 00      	        .db 00000000b   ;
              	        ;051 3
0B75: 1C      	        .db 00011100b   ;  ###
0B76: 04      	        .db 00000100b   ;    #
0B77: 0C      	        .db 00001100b   ;   ##
0B78: 04      	        .db 00000100b   ;    #
0B79: 1C      	        .db 00011100b   ;  ###
0B7A: 00      	        .db 00000000b   ;
              	        ;052 4
0B7B: 10      	        .db 00010000b   ;  #
0B7C: 10      	        .db 00010000b   ;  #
0B7D: 14      	        .db 00010100b   ;  # #
0B7E: 1C      	        .db 00011100b   ;  ###
0B7F: 04      	        .db 00000100b   ;    #
0B80: 00      	        .db 00000000b   ;
              	        ;053 5
0B81: 1C      	        .db 00011100b   ;  ###
0B82: 10      	        .db 00010000b   ;  #
0B83: 1C      	        .db 00011100b   ;  ###
0B84: 04      	        .db 00000100b   ;    #
0B85: 1C      	        .db 00011100b   ;  ###
0B86: 00      	        .db 00000000b   ;
              	        ;054 6
0B87: 18      	        .db 00011000b   ;  ##
0B88: 10      	        .db 00010000b   ;  #
0B89: 1C      	        .db 00011100b   ;  ###
0B8A: 14      	        .db 00010100b   ;  # #
0B8B: 1C      	        .db 00011100b   ;  ###
0B8C: 00      	        .db 00000000b   ;
              	        ;055 7
0B8D: 1C      	        .db 00011100b   ;  ###
0B8E: 04      	        .db 00000100b   ;    #
0B8F: 08      	        .db 00001000b   ;   #
0B90: 10      	        .db 00010000b   ;  #
0B91: 10      	        .db 00010000b   ;  #
0B92: 00      	        .db 00000000b   ;
              	        ;056 8
0B93: 1C      	        .db 00011100b   ;  ###
0B94: 14      	        .db 00010100b   ;  # #
0B95: 1C      	        .db 00011100b   ;  ###
0B96: 14      	        .db 00010100b   ;  # #
0B97: 1C      	        .db 00011100b   ;  ###
0B98: 00      	        .db 00000000b   ;
              	        ;057 9
0B99: 1C      	        .db 00011100b   ;  ###
0B9A: 14      	        .db 00010100b   ;  # #
0B9B: 1C      	        .db 00011100b   ;  ###
0B9C: 04      	        .db 00000100b   ;    #
0B9D: 1C      	        .db 00011100b   ;  ###
0B9E: 00      	        .db 00000000b   ;
              	        ;058 :
0B9F: 00      	        .db 00000000b   ;
0BA0: 08      	        .db 00001000b   ;   #
0BA1: 00      	        .db 00000000b   ;
0BA2: 08      	        .db 00001000b   ;   #
0BA3: 00      	        .db 00000000b   ;
0BA4: 00      	        .db 00000000b   ;
              	        ;059 ;
0BA5: 00      	        .db 00000000b   ;
0BA6: 08      	        .db 00001000b   ;   #
0BA7: 00      	        .db 00000000b   ;
0BA8: 08      	        .db 00001000b   ;   #
0BA9: 10      	        .db 00010000b   ;  #
0BAA: 00      	        .db 00000000b   ;
              	        ;060 <
0BAB: 04      	        .db 00000100b   ;    #
0BAC: 08      	        .db 00001000b   ;   #
0BAD: 10      	        .db 00010000b   ;  #
0BAE: 08      	        .db 00001000b   ;   #
0BAF: 04      	        .db 00000100b   ;    #
0BB0: 00      	        .db 00000000b   ;
              	        ;061 =
0BB1: 00      	        .db 00000000b   ;
0BB2: 1C      	        .db 00011100b   ;  ###
0BB3: 00      	        .db 00000000b   ;
0BB4: 1C      	        .db 00011100b   ;  ###
0BB5: 00      	        .db 00000000b   ;
0BB6: 00      	        .db 00000000b   ;
              	        ;062 >
0BB7: 10      	        .db 00010000b   ;  #
0BB8: 08      	        .db 00001000b   ;   #
0BB9: 04      	        .db 00000100b   ;    #
0BBA: 08      	        .db 00001000b   ;   #
0BBB: 10      	        .db 00010000b   ;  #
0BBC: 00      	        .db 00000000b   ;
              	        ;063 ?
0BBD: 1C      	        .db 00011100b   ;  ###
0BBE: 22      	        .db 00100010b   ; #   # 
0BBF: 0C      	        .db 00001100b   ;   ##
0BC0: 00      	        .db 00000000b   ;
0BC1: 08      	        .db 00001000b   ;   #
0BC2: 00      	        .db 00000000b   ;
              	        ;064 @
0BC3: 1C      	        .db 00011100b   ;  ###
0BC4: 22      	        .db 00100010b   ; #   #
0BC5: 26      	        .db 00100110b   ; #  ##
0BC6: 2A      	        .db 00101010b   ; # # # 
0BC7: 0C      	        .db 00001100b   ;   ##
0BC8: 00      	        .db 00000000b   ;
              	        ;065 A
0BC9: 1C      	        .db 00011100b   ;  ###
0BCA: 22      	        .db 00100010b   ; #   #
0BCB: 22      	        .db 00100010b   ; #   #
0BCC: 3E      	        .db 00111110b   ; #####
0BCD: 22      	        .db 00100010b   ; #   #
0BCE: 00      	        .db 00000000b   ; 
              	        ;066 B
0BCF: 3C      	        .db 00111100b   ; ####
0BD0: 22      	        .db 00100010b   ; #   #
0BD1: 3C      	        .db 00111100b   ; ####
0BD2: 22      	        .db 00100010b   ; #   #
0BD3: 3C      	        .db 00111100b   ; ####
0BD4: 00      	        .db 00000000b   ; 
              	        ;067 C
0BD5: 1C      	        .db 00011100b   ;  ###
0BD6: 22      	        .db 00100010b   ; #   # 
0BD7: 20      	        .db 00100000b   ; #
0BD8: 22      	        .db 00100010b   ; #   # 
0BD9: 1C      	        .db 00011100b   ;  ###
0BDA: 00      	        .db 00000000b   ;
              	        ;068 D
0BDB: 3C      	        .db 00111100b   ; ####
0BDC: 22      	        .db 00100010b   ; #   #
0BDD: 22      	        .db 00100010b   ; #   #
0BDE: 22      	        .db 00100010b   ; #   #
0BDF: 3C      	        .db 00111100b   ; ####
0BE0: 00      	        .db 00000000b   ;
              	        ;069 E
0BE1: 3E      	        .db 00111110b   ; #####
0BE2: 20      	        .db 00100000b   ; #
0BE3: 3C      	        .db 00111100b   ; ####
0BE4: 20      	        .db 00100000b   ; #
0BE5: 3E      	        .db 00111110b   ; #####
0BE6: 00      	        .db 00000000b   ;
              	        ;070 F
0BE7: 3E      	        .db 00111110b   ; #####
0BE8: 20      	        .db 00100000b   ; #
0BE9: 3C      	        .db 00111100b   ; ####
0BEA: 20      	        .db 00100000b   ; #
0BEB: 20      	        .db 00100000b   ; #
0BEC: 00      	        .db 00000000b   ;
              	        ;071 G
0BED: 1C      	        .db 00011100b   ;  ###
0BEE: 20      	        .db 00100000b   ; #    
0BEF: 26      	        .db 00100110b   ; #  ##
0BF0: 22      	        .db 00100010b   ; #   # 
0BF1: 1C      	        .db 00011100b   ;  ###
0BF2: 00      	        .db 00000000b   ;
              	        ;072 H
0BF3: 22      	        .db 00100010b   ; #   #
0BF4: 22      	        .db 00100010b   ; #   #
0BF5: 3E      	        .db 00111110b   ; #####
0BF6: 22      	        .db 00100010b   ; #   #
0BF7: 22      	        .db 00100010b   ; #   #
0BF8: 00      	        .db 00000000b   ;
              	        ;073 I
0BF9: 1C      	        .db 00011100b   ;  ###
0BFA: 08      	        .db 00001000b   ;   #
0BFB: 08      	        .db 00001000b   ;   #
0BFC: 08      	        .db 00001000b   ;   #
0BFD: 1C      	        .db 00011100b   ;  ###
0BFE: 00      	        .db 00000000b   ;
              	        ;074 J
0BFF: 0C      	        .db 00001100b   ;   ##
0C00: 04      	        .db 00000100b   ;    #
0C01: 04      	        .db 00000100b   ;    #
0C02: 14      	        .db 00010100b   ;  # #
0C03: 1C      	        .db 00011100b   ;  ###
0C04: 00      	        .db 00000000b   ;
              	        ;075 K
0C05: 24      	        .db 00100100b   ; #  #
0C06: 28      	        .db 00101000b   ; # #
0C07: 30      	        .db 00110000b   ; ##
0C08: 28      	        .db 00101000b   ; # #
0C09: 24      	        .db 00100100b   ; #  #
0C0A: 00      	        .db 00000000b   ;
              	        ;076 L
0C0B: 20      	        .db 00100000b   ; #
0C0C: 20      	        .db 00100000b   ; #
0C0D: 20      	        .db 00100000b   ; #
0C0E: 20      	        .db 00100000b   ; #
0C0F: 3C      	        .db 00111100b   ; ####
0C10: 00      	        .db 00000000b   ; 
              	        ;077 M
0C11: 22      	        .db 00100010b   ; #   #
0C12: 36      	        .db 00110110b   ; ## ##
0C13: 2A      	        .db 00101010b   ; # # #
0C14: 22      	        .db 00100010b   ; #   #
0C15: 22      	        .db 00100010b   ; #   #
0C16: 00      	        .db 00000000b   ; 
              	        ;078 N
0C17: 22      	        .db 00100010b   ; #   #
0C18: 32      	        .db 00110010b   ; ##  #
0C19: 2A      	        .db 00101010b   ; # # #
0C1A: 26      	        .db 00100110b   ; #  ##
0C1B: 22      	        .db 00100010b   ; #   #
0C1C: 00      	        .db 00000000b   ; 
              	        ;079 O
0C1D: 1C      	        .db 00011100b   ;  ###
0C1E: 26      	        .db 00100110b   ; #  ## 
0C1F: 22      	        .db 00100010b   ; #   #
0C20: 22      	        .db 00100010b   ; #   # 
0C21: 1C      	        .db 00011100b   ;  ###
0C22: 00      	        .db 00000000b   ; 
              	        ;080 P
0C23: 38      	        .db 00111000b   ; ###
0C24: 24      	        .db 00100100b   ; #  #
0C25: 38      	        .db 00111000b   ; ###
0C26: 20      	        .db 00100000b   ; #
0C27: 20      	        .db 00100000b   ; #
0C28: 00      	        .db 00000000b   ; 
              	        ;081 Q
0C29: 1C      	        .db 00011100b   ;  ###
0C2A: 22      	        .db 00100010b   ; #   # 
0C2B: 22      	        .db 00100010b   ; #   #
0C2C: 26      	        .db 00100110b   ; #  ## 
0C2D: 1E      	        .db 00011110b   ;  ####
0C2E: 00      	        .db 00000000b   ; 
              	        ;082 R
0C2F: 38      	        .db 00111000b   ; ###
0C30: 24      	        .db 00100100b   ; #  #
0C31: 38      	        .db 00111000b   ; ###
0C32: 28      	        .db 00101000b   ; # #
0C33: 24      	        .db 00100100b   ; #  #
0C34: 00      	        .db 00000000b   ; 
              	        ;083 S
0C35: 1E      	        .db 00011110b   ;  ####
0C36: 20      	        .db 00100000b   ; #
0C37: 1C      	        .db 00011100b   ;  ###
0C38: 02      	        .db 00000010b   ;     #
0C39: 3C      	        .db 00111100b   ; ####
0C3A: 00      	        .db 00000000b   ; 
              	        ;084 T
0C3B: 3E      	        .db 00111110b   ; #####
0C3C: 08      	        .db 00001000b   ;   #
0C3D: 08      	        .db 00001000b   ;   #
0C3E: 08      	        .db 00001000b   ;   #
0C3F: 08      	        .db 00001000b   ;   #
0C40: 00      	        .db 00000000b   ; 
              	        ;085 U
0C41: 22      	        .db 00100010b   ; #   #
0C42: 22      	        .db 00100010b   ; #   #
0C43: 22      	        .db 00100010b   ; #   #
0C44: 22      	        .db 00100010b   ; #   #
0C45: 1C      	        .db 00011100b   ;  ###
0C46: 00      	        .db 00000000b   ; 
              	        ;086 V
0C47: 22      	        .db 00100010b   ; #   #
0C48: 22      	        .db 00100010b   ; #   #
0C49: 14      	        .db 00010100b   ;  # #
0C4A: 14      	        .db 00010100b   ;  # #
0C4B: 08      	        .db 00001000b   ;   #
0C4C: 00      	        .db 00000000b   ; 
              	        ;087 W
0C4D: 22      	        .db 00100010b   ; #   #
0C4E: 22      	        .db 00100010b   ; #   #
0C4F: 2A      	        .db 00101010b   ; # # #
0C50: 2A      	        .db 00101010b   ; # # #
0C51: 14      	        .db 00010100b   ;  # #
0C52: 00      	        .db 00000000b   ; 
              	        ;088 X
0C53: 22      	        .db 00100010b   ; #   #
0C54: 14      	        .db 00010100b   ;  # #
0C55: 08      	        .db 00001000b   ;   #
0C56: 14      	        .db 00010100b   ;  # #
0C57: 22      	        .db 00100010b   ; #   #
0C58: 00      	        .db 00000000b   ; 
              	        ;089 Y
0C59: 22      	        .db 00100010b   ; #   #
0C5A: 14      	        .db 00010100b   ;  # #
0C5B: 08      	        .db 00001000b   ;   #
0C5C: 08      	        .db 00001000b   ;   #
0C5D: 08      	        .db 00001000b   ;   #
0C5E: 00      	        .db 00000000b   ; 
              	        ;090 Z
0C5F: 3E      	        .db 00111110b   ; #####
0C60: 04      	        .db 00000100b   ;    #
0C61: 08      	        .db 00001000b   ;   #
0C62: 10      	        .db 00010000b   ;  #
0C63: 3E      	        .db 00111110b   ; #####
0C64: 00      	        .db 00000000b   ; 
              	        ;091 [
0C65: 0C      	        .db 00001100b   ;   ##
0C66: 08      	        .db 00001000b   ;   #
0C67: 08      	        .db 00001000b   ;   #
0C68: 08      	        .db 00001000b   ;   #
0C69: 0C      	        .db 00001100b   ;   ##
0C6A: 00      	        .db 00000000b   ; 
              	        ;092 \
0C6B: 20      	        .db 00100000b   ; #
0C6C: 10      	        .db 00010000b   ;  #
0C6D: 08      	        .db 00001000b   ;   #
0C6E: 04      	        .db 00000100b   ;    #
0C6F: 02      	        .db 00000010b   ;     #
0C70: 00      	        .db 00000000b   ; 
              	        ;093 ]
0C71: 18      	        .db 00011000b   ;  ##
0C72: 08      	        .db 00001000b   ;   #
0C73: 08      	        .db 00001000b   ;   #
0C74: 08      	        .db 00001000b   ;   #
0C75: 18      	        .db 00011000b   ;  ##
0C76: 00      	        .db 00000000b   ; 
              	        ;094 ^
0C77: 08      	        .db 00001000b   ;   #
0C78: 14      	        .db 00010100b   ;  # #
0C79: 00      	        .db 00000000b   ; 
0C7A: 00      	        .db 00000000b   ; 
0C7B: 00      	        .db 00000000b   ; 
0C7C: 00      	        .db 00000000b   ; 
              	        ;095 _
0C7D: 00      	        .db 00000000b   ; 
0C7E: 00      	        .db 00000000b   ; 
0C7F: 00      	        .db 00000000b   ; 
0C80: 00      	        .db 00000000b   ; 
0C81: 3E      	        .db 00111110b   ; #####
0C82: 00      	        .db 00000000b   ; 
              	        ;096 `
0C83: 08      	        .db 00001000b   ;   #
0C84: 04      	        .db 00000100b   ;    #
0C85: 00      	        .db 00000000b   ;
0C86: 00      	        .db 00000000b   ;
0C87: 00      	        .db 00000000b   ;
0C88: 00      	        .db 00000000b   ;
              	        ;097 a
0C89: 00      	        .db 00000000b   ; 
0C8A: 1C      	        .db 00011100b   ;  ###
0C8B: 22      	        .db 00100010b   ; #   #
0C8C: 26      	        .db 00100110b   ; #  ##
0C8D: 1A      	        .db 00011010b   ;  ## #
0C8E: 00      	        .db 00000000b   ; 
              	        ;098 b
0C8F: 20      	        .db 00100000b   ; #
0C90: 3C      	        .db 00111100b   ; ####
0C91: 22      	        .db 00100010b   ; #   #
0C92: 22      	        .db 00100010b   ; #   #
0C93: 3C      	        .db 00111100b   ; ####
0C94: 00      	        .db 00000000b   ; 
              	        ;099 c
0C95: 00      	        .db 00000000b   ; 
0C96: 1C      	        .db 00011100b   ;  ###
0C97: 20      	        .db 00100000b   ; #   
0C98: 20      	        .db 00100000b   ; #   
0C99: 1C      	        .db 00011100b   ;  ###
0C9A: 00      	        .db 00000000b   ; 
              	        ;100 d
0C9B: 02      	        .db 00000010b   ;     #
0C9C: 1E      	        .db 00011110b   ;  ####
0C9D: 22      	        .db 00100010b   ; #   #
0C9E: 22      	        .db 00100010b   ; #   #
0C9F: 1E      	        .db 00011110b   ;  ####
0CA0: 00      	        .db 00000000b   ; 
              	        ;101 e
0CA1: 1C      	        .db 00011100b   ;  ###
0CA2: 22      	        .db 00100010b   ; #   #
0CA3: 3C      	        .db 00111100b   ; ####
0CA4: 20      	        .db 00100000b   ; #
0CA5: 1E      	        .db 00011110b   ;  ####
0CA6: 00      	        .db 00000000b   ; 
              	        ;102 f
0CA7: 0E      	        .db 00001110b   ;   ###
0CA8: 10      	        .db 00010000b   ;  # 
0CA9: 3C      	        .db 00111100b   ; ####
0CAA: 10      	        .db 00010000b   ;  # 
0CAB: 10      	        .db 00010000b   ;  # 
0CAC: 00      	        .db 00000000b   ; 
              	        ;103 g
0CAD: 1E      	        .db 00011110b   ;  ####
0CAE: 22      	        .db 00100010b   ; #   #
0CAF: 1E      	        .db 00011110b   ;  ####
0CB0: 02      	        .db 00000010b   ;     #
0CB1: 3C      	        .db 00111100b   ; ####
0CB2: 00      	        .db 00000000b   ; 
              	        ;104 h
0CB3: 20      	        .db 00100000b   ; #
0CB4: 20      	        .db 00100000b   ; #
0CB5: 3C      	        .db 00111100b   ; ####
0CB6: 22      	        .db 00100010b   ; #   #
0CB7: 22      	        .db 00100010b   ; #   #
0CB8: 00      	        .db 00000000b   ; 
              	        ;105 i
0CB9: 08      	        .db 00001000b   ;   #
0CBA: 00      	        .db 00000000b   ; 
0CBB: 08      	        .db 00001000b   ;   #
0CBC: 08      	        .db 00001000b   ;   #
0CBD: 08      	        .db 00001000b   ;   #
0CBE: 00      	        .db 00000000b   ; 
              	        ;106 j
0CBF: 04      	        .db 00000100b   ;    # 
0CC0: 00      	        .db 00000000b   ; 
0CC1: 04      	        .db 00000100b   ;    # 
0CC2: 04      	        .db 00000100b   ;    # 
0CC3: 18      	        .db 00011000b   ;  ##
0CC4: 00      	        .db 00000000b   ; 
              	        ;107 k
0CC5: 20      	        .db 00100000b   ; #
0CC6: 24      	        .db 00100100b   ; #  #
0CC7: 28      	        .db 00101000b   ; # #
0CC8: 34      	        .db 00110100b   ; ## #
0CC9: 22      	        .db 00100010b   ; #   #
0CCA: 00      	        .db 00000000b   ; 
              	        ;108 l
0CCB: 08      	        .db 00001000b   ;   #
0CCC: 08      	        .db 00001000b   ;   #
0CCD: 08      	        .db 00001000b   ;   #
0CCE: 08      	        .db 00001000b   ;   #
0CCF: 0C      	        .db 00001100b   ;   ##
0CD0: 00      	        .db 00000000b   ; 
              	        ;109 m
0CD1: 00      	        .db 00000000b   ; 
0CD2: 14      	        .db 00010100b   ;  # #
0CD3: 2A      	        .db 00101010b   ; # # #
0CD4: 2A      	        .db 00101010b   ; # # #
0CD5: 2A      	        .db 00101010b   ; # # #
0CD6: 00      	        .db 00000000b   ; 
              	        ;110 n
0CD7: 00      	        .db 00000000b   ; 
0CD8: 1C      	        .db 00011100b   ;  ###
0CD9: 22      	        .db 00100010b   ; #   #
0CDA: 22      	        .db 00100010b   ; #   #
0CDB: 22      	        .db 00100010b   ; #   #
0CDC: 00      	        .db 00000000b   ; 
              	        ;111 o
0CDD: 00      	        .db 00000000b   ; 
0CDE: 1C      	        .db 00011100b   ;  ###
0CDF: 22      	        .db 00100010b   ; #   #
0CE0: 22      	        .db 00100010b   ; #   #
0CE1: 1C      	        .db 00011100b   ;  ###
0CE2: 00      	        .db 00000000b   ; 
              	        ;112 p
0CE3: 1C      	        .db 00011100b   ;  ###
0CE4: 22      	        .db 00100010b   ; #   #
0CE5: 22      	        .db 00100010b   ; #   #
0CE6: 3C      	        .db 00111100b   ; ####
0CE7: 20      	        .db 00100000b   ; #
0CE8: 00      	        .db 00000000b   ; 
              	        ;113 q
0CE9: 1C      	        .db 00011100b   ;  ###
0CEA: 22      	        .db 00100010b   ; #   #
0CEB: 22      	        .db 00100010b   ; #   #
0CEC: 1E      	        .db 00011110b   ;  ####
0CED: 02      	        .db 00000010b   ;     #
0CEE: 00      	        .db 00000000b   ; 
              	        ;114 r
0CEF: 00      	        .db 00000000b   ; 
0CF0: 2C      	        .db 00101100b   ; # ##
0CF1: 30      	        .db 00110000b   ; ##
0CF2: 20      	        .db 00100000b   ; #
0CF3: 20      	        .db 00100000b   ; #
0CF4: 00      	        .db 00000000b   ; 
              	        ;115 s
0CF5: 1C      	        .db 00011100b   ;  ###
0CF6: 20      	        .db 00100000b   ; #
0CF7: 1C      	        .db 00011100b   ;  ###
0CF8: 02      	        .db 00000010b   ;     #
0CF9: 3C      	        .db 00111100b   ; ####
0CFA: 00      	        .db 00000000b   ; 
              	        ;116 t
0CFB: 08      	        .db 00001000b   ;   #
0CFC: 1C      	        .db 00011100b   ;  ###
0CFD: 08      	        .db 00001000b   ;   #
0CFE: 08      	        .db 00001000b   ;   #
0CFF: 04      	        .db 00000100b   ;    #
0D00: 00      	        .db 00000000b   ; 
              	        ;117 u
0D01: 00      	        .db 00000000b   ; 
0D02: 22      	        .db 00100010b   ; #   # 
0D03: 22      	        .db 00100010b   ; #   # 
0D04: 22      	        .db 00100010b   ; #   # 
0D05: 1C      	        .db 00011100b   ;  ###
0D06: 00      	        .db 00000000b   ; 
              	        ;118 v
0D07: 00      	        .db 00000000b   ; 
0D08: 22      	        .db 00100010b   ; #   # 
0D09: 22      	        .db 00100010b   ; #   # 
0D0A: 14      	        .db 00010100b   ;  # # 
0D0B: 08      	        .db 00001000b   ;   #
0D0C: 00      	        .db 00000000b   ; 
              	        ;119 w
0D0D: 00      	        .db 00000000b   ; 
0D0E: 22      	        .db 00100010b   ; #   # 
0D0F: 22      	        .db 00100010b   ; #   # 
0D10: 2A      	        .db 00101010b   ; # # # 
0D11: 36      	        .db 00110110b   ; ## ##
0D12: 00      	        .db 00000000b   ; 
              	        ;120 x
0D13: 00      	        .db 00000000b   ; 
0D14: 22      	        .db 00100010b   ; #   # 
0D15: 1C      	        .db 00011100b   ;  ###
0D16: 1C      	        .db 00011100b   ;  ###
0D17: 22      	        .db 00100010b   ; #   # 
0D18: 00      	        .db 00000000b   ; 
              	        ;121 y
0D19: 22      	        .db 00100010b   ; #   # 
0D1A: 22      	        .db 00100010b   ; #   # 
0D1B: 1E      	        .db 00011110b   ;  ####
0D1C: 02      	        .db 00000010b   ;     #
0D1D: 3C      	        .db 00111100b   ; ####
0D1E: 00      	        .db 00000000b   ; 
              	        ;122 z
0D1F: 00      	        .db 00000000b   ; 
0D20: 3C      	        .db 00111100b   ; #### 
0D21: 08      	        .db 00001000b   ;   #
0D22: 10      	        .db 00010000b   ;  #
0D23: 3C      	        .db 00111100b   ; #### 
0D24: 00      	        .db 00000000b   ; 
              	        ;123 {
0D25: 0C      	        .db 00001100b   ;   ##
0D26: 08      	        .db 00001000b   ;   #
0D27: 10      	        .db 00010000b   ;  #
0D28: 08      	        .db 00001000b   ;   #
0D29: 0C      	        .db 00001100b   ;   ##
0D2A: 00      	        .db 00000000b   ; 
              	        ;124 |
0D2B: 08      	        .db 00001000b   ;   # 
0D2C: 08      	        .db 00001000b   ;   # 
0D2D: 08      	        .db 00001000b   ;   # 
0D2E: 08      	        .db 00001000b   ;   # 
0D2F: 08      	        .db 00001000b   ;   # 
0D30: 00      	        .db 00000000b   ; 
              	        ;125 }
0D31: 18      	        .db 00011000b   ;  ##
0D32: 08      	        .db 00001000b   ;   #
0D33: 04      	        .db 00000100b   ;    #
0D34: 08      	        .db 00001000b   ;   #
0D35: 18      	        .db 00011000b   ;  ##
0D36: 00      	        .db 00000000b   ; 
              	        ;126 ~
0D37: 14      	        .db 00010100b   ;  # #
0D38: 28      	        .db 00101000b   ; # #
0D39: 00      	        .db 00000000b   ; 
0D3A: 00      	        .db 00000000b   ; 
0D3B: 00      	        .db 00000000b   ; 
0D3C: 00      	        .db 00000000b   ; 
              	        ;127 
0D3D: 2A      	        .db 00101010b   ; # # #
0D3E: 15      	        .db 00010101b   ;  # # #
0D3F: 2A      	        .db 00101010b   ; # # #
0D40: 15      	        .db 00010101b   ;  # # #
0D41: 2A      	        .db 00101010b   ; # # #
0D42: 15      	        .db 00010101b   ;  # # #
              	        ;128
0D43: 00      	        .db 00000000b   ; 
0D44: 00      	        .db 00000000b   ; 
0D45: 00      	        .db 00000000b   ; 
0D46: 00      	        .db 00000000b   ; 
0D47: 00      	        .db 00000000b   ; 
0D48: 00      	        .db 00000000b   ; 
              	        ;129
0D49: 38      	        .db 00111000b   ; ###
0D4A: 38      	        .db 00111000b   ; ###
0D4B: 38      	        .db 00111000b   ; ###
0D4C: 00      	        .db 00000000b   ; 
0D4D: 00      	        .db 00000000b   ; 
0D4E: 00      	        .db 00000000b   ; 
              	        ;130
0D4F: 07      	        .db 00000111b   ;    ###
0D50: 07      	        .db 00000111b   ;    ###
0D51: 07      	        .db 00000111b   ;    ###
0D52: 00      	        .db 00000000b   ; 
0D53: 00      	        .db 00000000b   ; 
0D54: 00      	        .db 00000000b   ; 
              	        ;131
0D55: 3F      	        .db 00111111b   ; ######
0D56: 3F      	        .db 00111111b   ; ######
0D57: 3F      	        .db 00111111b   ; ######
0D58: 00      	        .db 00000000b   ; 
0D59: 00      	        .db 00000000b   ; 
0D5A: 00      	        .db 00000000b   ; 
              	        ;132
0D5B: 00      	        .db 00000000b   ; 
0D5C: 00      	        .db 00000000b   ; 
0D5D: 00      	        .db 00000000b   ; 
0D5E: 38      	        .db 00111000b   ; ###
0D5F: 38      	        .db 00111000b   ; ###
0D60: 38      	        .db 00111000b   ; ###
              	        ;133
0D61: 38      	        .db 00111000b   ; ###
0D62: 38      	        .db 00111000b   ; ###
0D63: 38      	        .db 00111000b   ; ###
0D64: 38      	        .db 00111000b   ; ###
0D65: 38      	        .db 00111000b   ; ###
0D66: 38      	        .db 00111000b   ; ###
              	        ;134
0D67: 07      	        .db 00000111b   ;    ###
0D68: 07      	        .db 00000111b   ;    ###
0D69: 07      	        .db 00000111b   ;    ###
0D6A: 38      	        .db 00111000b   ; ###
0D6B: 38      	        .db 00111000b   ; ###
0D6C: 38      	        .db 00111000b   ; ###
              	        ;135
0D6D: 3F      	        .db 00111111b   ; ######
0D6E: 3F      	        .db 00111111b   ; ######
0D6F: 3F      	        .db 00111111b   ; ######
0D70: 38      	        .db 00111000b   ; ###
0D71: 38      	        .db 00111000b   ; ###
0D72: 38      	        .db 00111000b   ; ###
              	        ;136
0D73: 00      	        .db 00000000b   ; 
0D74: 00      	        .db 00000000b   ; 
0D75: 00      	        .db 00000000b   ; 
0D76: 07      	        .db 00000111b   ;    ###
0D77: 07      	        .db 00000111b   ;    ###
0D78: 07      	        .db 00000111b   ;    ###
              	        ;137
0D79: 38      	        .db 00111000b   ; ###
0D7A: 38      	        .db 00111000b   ; ###
0D7B: 38      	        .db 00111000b   ; ###
0D7C: 07      	        .db 00000111b   ;    ###
0D7D: 07      	        .db 00000111b   ;    ###
0D7E: 07      	        .db 00000111b   ;    ###
              	        ;138
0D7F: 07      	        .db 00000111b   ;    ###
0D80: 07      	        .db 00000111b   ;    ###
0D81: 07      	        .db 00000111b   ;    ###
0D82: 07      	        .db 00000111b   ;    ###
0D83: 07      	        .db 00000111b   ;    ###
0D84: 07      	        .db 00000111b   ;    ###
              	        ;139
0D85: 3F      	        .db 00111111b   ; ######
0D86: 3F      	        .db 00111111b   ; ######
0D87: 3F      	        .db 00111111b   ; ######
0D88: 07      	        .db 00000111b   ;    ###
0D89: 07      	        .db 00000111b   ;    ###
0D8A: 07      	        .db 00000111b   ;    ###
              	        ;140
0D8B: 00      	        .db 00000000b   ; 
0D8C: 00      	        .db 00000000b   ; 
0D8D: 00      	        .db 00000000b   ; 
0D8E: 3F      	        .db 00111111b   ; ######
0D8F: 3F      	        .db 00111111b   ; ######
0D90: 3F      	        .db 00111111b   ; ######
              	        ;141
0D91: 38      	        .db 00111000b   ; ###
0D92: 38      	        .db 00111000b   ; ###
0D93: 38      	        .db 00111000b   ; ###
0D94: 3F      	        .db 00111111b   ; ######
0D95: 3F      	        .db 00111111b   ; ######
0D96: 3F      	        .db 00111111b   ; ######
              	        ;142
0D97: 07      	        .db 00000111b   ;    ###
0D98: 07      	        .db 00000111b   ;    ###
0D99: 07      	        .db 00000111b   ;    ###
0D9A: 3F      	        .db 00111111b   ; ######
0D9B: 3F      	        .db 00111111b   ; ######
0D9C: 3F      	        .db 00111111b   ; ######
              	        ;143
0D9D: 3F      	        .db 00111111b   ; ######
0D9E: 3F      	        .db 00111111b   ; ######
0D9F: 3F      	        .db 00111111b   ; ######
0DA0: 3F      	        .db 00111111b   ; ######
0DA1: 3F      	        .db 00111111b   ; ######
0DA2: 3F      	        .db 00111111b   ; ######
              	        ;144
0DA3: 00      	        .db 00000000b   ; 
0DA4: 00      	        .db 00000000b   ; 
0DA5: 0C      	        .db 00001100b   ;   ##
0DA6: 0C      	        .db 00001100b   ;   ##
0DA7: 00      	        .db 00000000b   ; 
0DA8: 00      	        .db 00000000b   ; 
              	        ;145
0DA9: 0C      	        .db 00001100b   ;   ##
0DAA: 0C      	        .db 00001100b   ;   ##
0DAB: 0C      	        .db 00001100b   ;   ##
0DAC: 0C      	        .db 00001100b   ;   ##
0DAD: 00      	        .db 00000000b   ; 
0DAE: 00      	        .db 00000000b   ; 
              	        ;146
0DAF: 00      	        .db 00000000b   ; 
0DB0: 00      	        .db 00000000b   ; 
0DB1: 0F      	        .db 00001111b   ;   ####
0DB2: 0F      	        .db 00001111b   ;   ####
0DB3: 00      	        .db 00000000b   ; 
0DB4: 00      	        .db 00000000b   ; 
              	        ;147
0DB5: 0C      	        .db 00001100b   ;   ##
0DB6: 0C      	        .db 00001100b   ;   ##
0DB7: 0F      	        .db 00001111b   ;   ####
0DB8: 07      	        .db 00000111b   ;    ###
0DB9: 00      	        .db 00000000b   ; 
0DBA: 00      	        .db 00000000b   ; 
              	        ;148
0DBB: 00      	        .db 00000000b   ; 
0DBC: 00      	        .db 00000000b   ; 
0DBD: 0C      	        .db 00001100b   ;   ##
0DBE: 0C      	        .db 00001100b   ;   ##
0DBF: 0C      	        .db 00001100b   ;   ##
0DC0: 0C      	        .db 00001100b   ;   ##
              	        ;149
0DC1: 0C      	        .db 00001100b   ;   ##
0DC2: 0C      	        .db 00001100b   ;   ##
0DC3: 0C      	        .db 00001100b   ;   ##
0DC4: 0C      	        .db 00001100b   ;   ##
0DC5: 0C      	        .db 00001100b   ;   ##
0DC6: 0C      	        .db 00001100b   ;   ##
              	        ;150
0DC7: 00      	        .db 00000000b   ; 
0DC8: 00      	        .db 00000000b   ; 
0DC9: 07      	        .db 00000111b   ;    ###
0DCA: 0F      	        .db 00001111b   ;   ####
0DCB: 0C      	        .db 00001100b   ;   ##
0DCC: 0C      	        .db 00001100b   ;   ##
              	        ;151
0DCD: 0C      	        .db 00001100b   ;   ##
0DCE: 0C      	        .db 00001100b   ;   ##
0DCF: 0F      	        .db 00001111b   ;   ####
0DD0: 0F      	        .db 00001111b   ;   ####
0DD1: 0C      	        .db 00001100b   ;   ##
0DD2: 0C      	        .db 00001100b   ;   ##
              	        ;152
0DD3: 00      	        .db 00000000b   ; 
0DD4: 00      	        .db 00000000b   ; 
0DD5: 3C      	        .db 00111100b   ; ####
0DD6: 3C      	        .db 00111100b   ; ####
0DD7: 00      	        .db 00000000b   ; 
0DD8: 00      	        .db 00000000b   ; 
              	        ;153
0DD9: 0C      	        .db 00001100b   ;   ##
0DDA: 0C      	        .db 00001100b   ;   ##
0DDB: 3C      	        .db 00111100b   ; ####
0DDC: 38      	        .db 00111000b   ; ###
0DDD: 00      	        .db 00000000b   ; 
0DDE: 00      	        .db 00000000b   ; 
              	        ;154
0DDF: 00      	        .db 00000000b   ; 
0DE0: 00      	        .db 00000000b   ; 
0DE1: 3F      	        .db 00111111b   ; ######
0DE2: 3F      	        .db 00111111b   ; ######
0DE3: 00      	        .db 00000000b   ; 
0DE4: 00      	        .db 00000000b   ; 
              	        ;155
0DE5: 0C      	        .db 00001100b   ;   ##
0DE6: 0C      	        .db 00001100b   ;   ##
0DE7: 3F      	        .db 00111111b   ; ######
0DE8: 3F      	        .db 00111111b   ; ######
0DE9: 00      	        .db 00000000b   ; 
0DEA: 00      	        .db 00000000b   ; 
              	        ;156
0DEB: 00      	        .db 00000000b   ; 
0DEC: 00      	        .db 00000000b   ; 
0DED: 38      	        .db 00111000b   ; ###
0DEE: 3C      	        .db 00111100b   ; ####
0DEF: 0C      	        .db 00001100b   ;   ##
0DF0: 0C      	        .db 00001100b   ;   ##
              	        ;157
0DF1: 0C      	        .db 00001100b   ;   ##
0DF2: 0C      	        .db 00001100b   ;   ##
0DF3: 3C      	        .db 00111100b   ; ####
0DF4: 3C      	        .db 00111100b   ; ####
0DF5: 0C      	        .db 00001100b   ;   ##
0DF6: 0C      	        .db 00001100b   ;   ##
              	        ;158
0DF7: 00      	        .db 00000000b   ; 
0DF8: 00      	        .db 00000000b   ; 
0DF9: 3F      	        .db 00111111b   ; ######
0DFA: 3F      	        .db 00111111b   ; ######
0DFB: 0C      	        .db 00001100b   ;   ##
0DFC: 0C      	        .db 00001100b   ;   ##
              	        ;159
0DFD: 0C      	        .db 00001100b   ;   ##
0DFE: 0C      	        .db 00001100b   ;   ##
0DFF: 3F      	        .db 00111111b   ; ######
0E00: 3F      	        .db 00111111b   ; ######
0E01: 0C      	        .db 00001100b   ;   ##
0E02: 0C      	        .db 00001100b   ;   ##
              	        ;160
0E03: 00      	        .db 00000000b   ; 
0E04: 12      	        .db 00010010b   ;  #  #
0E05: 00      	        .db 00000000b   ; 
0E06: 00      	        .db 00000000b   ; 
0E07: 12      	        .db 00010010b   ;  #  #
0E08: 00      	        .db 00000000b   ; 
              	        ;161
0E09: 12      	        .db 00010010b   ;  #  #
0E0A: 12      	        .db 00010010b   ;  #  #
0E0B: 12      	        .db 00010010b   ;  #  #
0E0C: 12      	        .db 00010010b   ;  #  #
0E0D: 00      	        .db 00000000b   ; 
0E0E: 00      	        .db 00000000b   ; 
              	        ;162
0E0F: 00      	        .db 00000000b   ; 
0E10: 0F      	        .db 00001111b   ;   ####
0E11: 00      	        .db 00000000b   ; 
0E12: 00      	        .db 00000000b   ; 
0E13: 0F      	        .db 00001111b   ;   ####
0E14: 00      	        .db 00000000b   ; 
              	        ;163
0E15: 12      	        .db 00010010b   ;  #  #
0E16: 13      	        .db 00010011b   ;  #  ##
0E17: 10      	        .db 00010000b   ;  #
0E18: 10      	        .db 00010000b   ;  #
0E19: 0F      	        .db 00001111b   ;   ####
0E1A: 00      	        .db 00000000b   ; 
              	        ;164
0E1B: 00      	        .db 00000000b   ; 
0E1C: 00      	        .db 00000000b   ; 
0E1D: 12      	        .db 00010010b   ;  #  #
0E1E: 12      	        .db 00010010b   ;  #  #
0E1F: 12      	        .db 00010010b   ;  #  #
0E20: 12      	        .db 00010010b   ;  #  #
              	        ;165
0E21: 12      	        .db 00010010b   ;  #  #
0E22: 12      	        .db 00010010b   ;  #  #
0E23: 12      	        .db 00010010b   ;  #  #
0E24: 12      	        .db 00010010b   ;  #  #
0E25: 12      	        .db 00010010b   ;  #  #
0E26: 12      	        .db 00010010b   ;  #  #
              	        ;166
0E27: 00      	        .db 00000000b   ; 
0E28: 0F      	        .db 00001111b   ;   ####
0E29: 10      	        .db 00010000b   ;  #
0E2A: 10      	        .db 00010000b   ;  #
0E2B: 13      	        .db 00010011b   ;  #  ##
0E2C: 12      	        .db 00010010b   ;  #  #
              	        ;167
0E2D: 12      	        .db 00010010b   ;  #  #
0E2E: 13      	        .db 00010011b   ;  #  ##
0E2F: 10      	        .db 00010000b   ;  #
0E30: 10      	        .db 00010000b   ;  #
0E31: 13      	        .db 00010011b   ;  #  ##
0E32: 12      	        .db 00010010b   ;  #  #
              	        ;168
0E33: 00      	        .db 00000000b   ; 
0E34: 3C      	        .db 00111100b   ; ####
0E35: 00      	        .db 00000000b   ; 
0E36: 00      	        .db 00000000b   ; 
0E37: 3C      	        .db 00111100b   ; ####
0E38: 00      	        .db 00000000b   ; 
              	        ;169
0E39: 12      	        .db 00010010b   ;  #  #
0E3A: 32      	        .db 00110010b   ; ##  #
0E3B: 02      	        .db 00000010b   ;     #
0E3C: 02      	        .db 00000010b   ;     #
0E3D: 3C      	        .db 00111100b   ; ####
0E3E: 00      	        .db 00000000b   ; 
              	        ;170
0E3F: 00      	        .db 00000000b   ; 
0E40: 3F      	        .db 00111111b   ; ######
0E41: 00      	        .db 00000000b   ; 
0E42: 00      	        .db 00000000b   ; 
0E43: 3F      	        .db 00111111b   ; ######
0E44: 00      	        .db 00000000b   ; 
              	        ;171
0E45: 12      	        .db 00010010b   ;  #  #
0E46: 33      	        .db 00110011b   ; ##  ##
0E47: 00      	        .db 00000000b   ; 
0E48: 00      	        .db 00000000b   ; 
0E49: 3F      	        .db 00111111b   ; ######
0E4A: 00      	        .db 00000000b   ; 
              	        ;172
0E4B: 00      	        .db 00000000b   ; 
0E4C: 3C      	        .db 00111100b   ; ####
0E4D: 02      	        .db 00000010b   ;     #
0E4E: 02      	        .db 00000010b   ;     #
0E4F: 32      	        .db 00110010b   ; ##  #
0E50: 12      	        .db 00010010b   ;  #  #
              	        ;173
0E51: 12      	        .db 00010010b   ;  #  #
0E52: 32      	        .db 00110010b   ; ##  #
0E53: 02      	        .db 00000010b   ;     #
0E54: 02      	        .db 00000010b   ;     #
0E55: 32      	        .db 00110010b   ; ##  #
0E56: 12      	        .db 00010010b   ;  #  #
              	        ;174
0E57: 00      	        .db 00000000b   ; 
0E58: 3F      	        .db 00111111b   ; ######
0E59: 00      	        .db 00000000b   ; 
0E5A: 00      	        .db 00000000b   ; 
0E5B: 33      	        .db 00110011b   ; ##  ##
0E5C: 12      	        .db 00010010b   ;  #  #
              	        ;175
0E5D: 12      	        .db 00010010b   ;  #  #
0E5E: 33      	        .db 00110011b   ; ##  ##
0E5F: 00      	        .db 00000000b   ; 
0E60: 00      	        .db 00000000b   ; 
0E61: 33      	        .db 00110011b   ; ##  ##
0E62: 12      	        .db 00010010b   ;  #  #
              	        ;176
0E63: 0C      	        .db 00001100b   ;   ##
0E64: 18      	        .db 00011000b   ;  ##
0E65: 30      	        .db 00110000b   ; ##
0E66: 20      	        .db 00100000b   ; #
0E67: 00      	        .db 00000000b   ; 
0E68: 00      	        .db 00000000b   ; 
              	        ;177
0E69: 0C      	        .db 00001100b   ;   ##
0E6A: 06      	        .db 00000110b   ;    ##
0E6B: 03      	        .db 00000011b   ;     ##
0E6C: 01      	        .db 00000001b   ;      #
0E6D: 00      	        .db 00000000b   ; 
0E6E: 00      	        .db 00000000b   ; 
              	        ;178
0E6F: 00      	        .db 00000000b   ; 
0E70: 00      	        .db 00000000b   ; 
0E71: 01      	        .db 00000001b   ;      #
0E72: 03      	        .db 00000011b   ;     ##
0E73: 06      	        .db 00000110b   ;    ##
0E74: 0C      	        .db 00001100b   ;   ##
              	        ;179
0E75: 00      	        .db 00000000b   ; 
0E76: 00      	        .db 00000000b   ; 
0E77: 20      	        .db 00100000b   ; #
0E78: 30      	        .db 00110000b   ; ##
0E79: 18      	        .db 00011000b   ;  ##
0E7A: 0C      	        .db 00001100b   ;   ##
              	        ;180
0E7B: 0C      	        .db 00001100b   ;   ##
0E7C: 1E      	        .db 00011110b   ;  ####
0E7D: 33      	        .db 00110011b   ; ##  ##
0E7E: 21      	        .db 00100001b   ; #    # 
0E7F: 00      	        .db 00000000b   ; 
0E80: 00      	        .db 00000000b   ; 
              	        ;181
0E81: 0C      	        .db 00001100b   ;   ##
0E82: 06      	        .db 00000110b   ;    ##
0E83: 03      	        .db 00000011b   ;     ##
0E84: 03      	        .db 00000011b   ;     ##
0E85: 06      	        .db 00000110b   ;    ##
0E86: 0C      	        .db 00001100b   ;   ##
              	        ;182
0E87: 00      	        .db 00000000b   ; 
0E88: 00      	        .db 00000000b   ; 
0E89: 21      	        .db 00100001b   ; #    # 
0E8A: 33      	        .db 00110011b   ; ##  ##
0E8B: 1E      	        .db 00011110b   ;  ####
0E8C: 0C      	        .db 00001100b   ;   ##
              	        ;183
0E8D: 0C      	        .db 00001100b   ;   ##
0E8E: 18      	        .db 00011000b   ;  ##
0E8F: 30      	        .db 00110000b   ; ##
0E90: 30      	        .db 00110000b   ; ##
0E91: 18      	        .db 00011000b   ;  ##
0E92: 0C      	        .db 00001100b   ;   ##
              	        ;184
0E93: 0C      	        .db 00001100b   ;   ##
0E94: 18      	        .db 00011000b   ;  ##
0E95: 31      	        .db 00110001b   ; ##   #
0E96: 23      	        .db 00100011b   ; #   ##
0E97: 06      	        .db 00000110b   ;    ##
0E98: 0C      	        .db 00001100b   ;   ##
              	        ;185
0E99: 0C      	        .db 00001100b   ;   ##
0E9A: 06      	        .db 00000110b   ;    ##
0E9B: 23      	        .db 00100011b   ; #   ##
0E9C: 31      	        .db 00110001b   ; ##   #
0E9D: 18      	        .db 00011000b   ;  ##
0E9E: 0C      	        .db 00001100b   ;   ##
              	        ;186
0E9F: 0C      	        .db 00001100b   ;   ##
0EA0: 1E      	        .db 00011110b   ;  ####
0EA1: 33      	        .db 00110011b   ; ##  ##
0EA2: 33      	        .db 00110011b   ; ##  ##
0EA3: 1E      	        .db 00011110b   ;  ####
0EA4: 0C      	        .db 00001100b   ;   ##
              	        ;187
0EA5: 33      	        .db 00110011b   ; ##  ##
0EA6: 33      	        .db 00110011b   ; ##  ##
0EA7: 0C      	        .db 00001100b   ;   ##
0EA8: 0C      	        .db 00001100b   ;   ##
0EA9: 33      	        .db 00110011b   ; ##  ##
0EAA: 33      	        .db 00110011b   ; ##  ##
              	        ;188
0EAB: 03      	        .db 00000011b   ;     ##
0EAC: 03      	        .db 00000011b   ;     ##
0EAD: 0C      	        .db 00001100b   ;   ##
0EAE: 0C      	        .db 00001100b   ;   ##
0EAF: 30      	        .db 00110000b   ; ##
0EB0: 30      	        .db 00110000b   ; ##
              	        ;189
0EB1: 30      	        .db 00110000b   ; ##
0EB2: 30      	        .db 00110000b   ; ##
0EB3: 0C      	        .db 00001100b   ;   ##
0EB4: 0C      	        .db 00001100b   ;   ##
0EB5: 03      	        .db 00000011b   ;     ##
0EB6: 03      	        .db 00000011b   ;     ##
              	        ;190
0EB7: 2A      	        .db 00101010b   ; # # #
0EB8: 14      	        .db 00010100b   ;  # #
0EB9: 2A      	        .db 00101010b   ; # # #
0EBA: 14      	        .db 00010100b   ;  # #
0EBB: 2A      	        .db 00101010b   ; # # #
0EBC: 00      	        .db 00000000b   ; 
              	        ;191
0EBD: 14      	        .db 00010100b   ;  # #
0EBE: 2A      	        .db 00101010b   ; # # #
0EBF: 14      	        .db 00010100b   ;  # #
0EC0: 2A      	        .db 00101010b   ; # # #
0EC1: 14      	        .db 00010100b   ;  # #
0EC2: 00      	        .db 00000000b   ; 
              	        ;192
0EC3: 00      	        .db 00000000b   ; 
0EC4: 1A      	        .db 00011010b   ;  ## #
0EC5: 24      	        .db 00100100b   ; #  #
0EC6: 24      	        .db 00100100b   ; #  #
0EC7: 1A      	        .db 00011010b   ;  ## #
0EC8: 00      	        .db 00000000b   ; 
              	        ;193
0EC9: 18      	        .db 00011000b   ;  ##
0ECA: 24      	        .db 00100100b   ; #  #
0ECB: 2C      	        .db 00101100b   ; # ##
0ECC: 22      	        .db 00100010b   ; #   #
0ECD: 2C      	        .db 00101100b   ; # ##
0ECE: 00      	        .db 00000000b   ; 
              	        ;194
0ECF: 00      	        .db 00000000b   ; 
0ED0: 22      	        .db 00100010b   ; #   #
0ED1: 1C      	        .db 00011100b   ;  ###
0ED2: 22      	        .db 00100010b   ; #   #
0ED3: 1C      	        .db 00011100b   ;  ###
0ED4: 00      	        .db 00000000b   ; 
              	        ;195
0ED5: 1C      	        .db 00011100b   ;  ###
0ED6: 30      	        .db 00110000b   ; ##
0ED7: 1C      	        .db 00011100b   ;  ###
0ED8: 22      	        .db 00100010b   ; #   #
0ED9: 1C      	        .db 00011100b   ;  ### 
0EDA: 00      	        .db 00000000b   ; 
              	        ;196
0EDB: 0E      	        .db 00001110b   ;   ### 
0EDC: 30      	        .db 00110000b   ; ##
0EDD: 3C      	        .db 00111100b   ; ####
0EDE: 30      	        .db 00110000b   ; ##
0EDF: 0E      	        .db 00001110b   ;   ###
0EE0: 00      	        .db 00000000b   ; 
              	        ;197
0EE1: 1C      	        .db 00011100b   ;  ###
0EE2: 22      	        .db 00100010b   ; #   #
0EE3: 3E      	        .db 00111110b   ; #####
0EE4: 22      	        .db 00100010b   ; #   #
0EE5: 1C      	        .db 00011100b   ;  ###
0EE6: 00      	        .db 00000000b   ; 
              	        ;198
0EE7: 20      	        .db 00100000b   ; #
0EE8: 10      	        .db 00010000b   ;  #
0EE9: 08      	        .db 00001000b   ;   #
0EEA: 14      	        .db 00010100b   ;  # #
0EEB: 22      	        .db 00100010b   ; #   # 
0EEC: 00      	        .db 00000000b   ; 
              	        ;199
0EED: 24      	        .db 00100100b   ; #  #
0EEE: 24      	        .db 00100100b   ; #  #
0EEF: 38      	        .db 00111000b   ; ###
0EF0: 20      	        .db 00100000b   ; #
0EF1: 20      	        .db 00100000b   ; # 
0EF2: 00      	        .db 00000000b   ; 
              	        ;200
0EF3: 00      	        .db 00000000b   ; 
0EF4: 3E      	        .db 00111110b   ; #####
0EF5: 14      	        .db 00010100b   ;  # #
0EF6: 14      	        .db 00010100b   ;  # #
0EF7: 24      	        .db 00100100b   ; #  #
0EF8: 00      	        .db 00000000b   ; 
              	        ;201
0EF9: 00      	        .db 00000000b   ; 
0EFA: 1E      	        .db 00011110b   ;  ####
0EFB: 34      	        .db 00110100b   ; ## #
0EFC: 34      	        .db 00110100b   ; ## #
0EFD: 18      	        .db 00011000b   ;  ##
0EFE: 00      	        .db 00000000b   ; 
              	        ;202
0EFF: 06      	        .db 00000110b   ;    ##
0F00: 1C      	        .db 00011100b   ;  ###
0F01: 36      	        .db 00110110b   ; ## ##
0F02: 1C      	        .db 00011100b   ;  ###
0F03: 30      	        .db 00110000b   ; ##
0F04: 00      	        .db 00000000b   ; 
              	        ;203
0F05: 06      	        .db 00000110b   ;    ##
0F06: 04      	        .db 00000100b   ;    #
0F07: 36      	        .db 00110110b   ; ## ##
0F08: 1C      	        .db 00011100b   ;  ###
0F09: 30      	        .db 00110000b   ; ##
0F0A: 00      	        .db 00000000b   ; 
              	        ;204
0F0B: 32      	        .db 00110010b   ; ##  #
0F0C: 1C      	        .db 00011100b   ;  ###
0F0D: 0C      	        .db 00001100b   ;   ##
0F0E: 16      	        .db 00010110b   ;  # ##
0F0F: 22      	        .db 00100010b   ; #   #
0F10: 00      	        .db 00000000b   ; 
              	        ;205
0F11: 00      	        .db 00000000b   ; 
0F12: 14      	        .db 00010100b   ;  # #
0F13: 22      	        .db 00100010b   ; #   #
0F14: 2A      	        .db 00101010b   ; # # #
0F15: 1C      	        .db 00011100b   ;  ###
0F16: 00      	        .db 00000000b   ; 
              	        ;206
0F17: 3E      	        .db 00111110b   ; #####
0F18: 12      	        .db 00010010b   ;  #  #
0F19: 08      	        .db 00001000b   ;   #
0F1A: 12      	        .db 00010010b   ;  #  #
0F1B: 3E      	        .db 00111110b   ; #####
0F1C: 00      	        .db 00000000b   ; 
              	        ;207
0F1D: 1C      	        .db 00011100b   ;  ###
0F1E: 22      	        .db 00100010b   ; #   #
0F1F: 22      	        .db 00100010b   ; #   #
0F20: 14      	        .db 00010100b   ;  # #
0F21: 36      	        .db 00110110b   ; ## ##
0F22: 00      	        .db 00000000b   ; 
              	        ;208
0F23: 1C      	        .db 00011100b   ;  ###
0F24: 1C      	        .db 00011100b   ;  ###
0F25: 0A      	        .db 00001010b   ;   # #
0F26: 1C      	        .db 00011100b   ;  ###
0F27: 28      	        .db 00101000b   ; # #
0F28: 08      	        .db 00001000b   ;   #
              	        ;209
0F29: 1C      	        .db 00011100b   ;  ###
0F2A: 1C      	        .db 00011100b   ;  ###
0F2B: 28      	        .db 00101000b   ; # #
0F2C: 1C      	        .db 00011100b   ;  ###
0F2D: 0A      	        .db 00001010b   ;   # #
0F2E: 08      	        .db 00001000b   ;   #
              	        ;210
0F2F: 1C      	        .db 00011100b   ;  ###
0F30: 1C      	        .db 00011100b   ;  ###
0F31: 2A      	        .db 00101010b   ; # # #
0F32: 1C      	        .db 00011100b   ;  ###
0F33: 08      	        .db 00001000b   ;   # 
0F34: 08      	        .db 00001000b   ;   #
              	        ;211
0F35: 1C      	        .db 00011100b   ;  ###
0F36: 1C      	        .db 00011100b   ;  ###
0F37: 08      	        .db 00001000b   ;   # 
0F38: 1C      	        .db 00011100b   ;  ###
0F39: 2A      	        .db 00101010b   ; # # #
0F3A: 08      	        .db 00001000b   ;   #
              	        ;212
0F3B: 14      	        .db 00010100b   ;  # # 
0F3C: 00      	        .db 00000000b   ; 
0F3D: 14      	        .db 00010100b   ;  # # 
0F3E: 14      	        .db 00010100b   ;  # # 
0F3F: 1C      	        .db 00011100b   ;  ###
0F40: 00      	        .db 00000000b   ; 
              	        ;213
0F41: 14      	        .db 00010100b   ;  # # 
0F42: 00      	        .db 00000000b   ; 
0F43: 1C      	        .db 00011100b   ;  ###
0F44: 14      	        .db 00010100b   ;  # # 
0F45: 1C      	        .db 00011100b   ;  ###
0F46: 00      	        .db 00000000b   ; 
              	        ;214
0F47: 14      	        .db 00010100b   ;  # # 
0F48: 00      	        .db 00000000b   ; 
0F49: 1C      	        .db 00011100b   ;  ###
0F4A: 14      	        .db 00010100b   ;  # # 
0F4B: 1E      	        .db 00011110b   ;  ####
0F4C: 00      	        .db 00000000b   ; 
              	        ;215
0F4D: 14      	        .db 00010100b   ;  # # 
0F4E: 00      	        .db 00000000b   ; 
0F4F: 1C      	        .db 00011100b   ;  ###
0F50: 14      	        .db 00010100b   ;  # # 
0F51: 14      	        .db 00010100b   ;  # # 
0F52: 00      	        .db 00000000b   ; 
              	        ;216
0F53: 28      	        .db 00101000b   ; # #
0F54: 2C      	        .db 00101100b   ; # ## 
0F55: 3E      	        .db 00111110b   ; ##### 
0F56: 0C      	        .db 00001100b   ;   ## 
0F57: 08      	        .db 00001000b   ;   #
0F58: 00      	        .db 00000000b   ; 
              	        ;217
0F59: 0A      	        .db 00001010b   ;   # #
0F5A: 1A      	        .db 00011010b   ;  ## #
0F5B: 3E      	        .db 00111110b   ; #####
0F5C: 18      	        .db 00011000b   ;  ## 
0F5D: 08      	        .db 00001000b   ;   #
0F5E: 00      	        .db 00000000b   ; 
              	        ;218
0F5F: 08      	        .db 00001000b   ;   #
0F60: 1C      	        .db 00011100b   ;  ###
0F61: 08      	        .db 00001000b   ;   #
0F62: 00      	        .db 00000000b   ;  
0F63: 1C      	        .db 00011100b   ;  ###
0F64: 00      	        .db 00000000b   ;
              	        ;219
0F65: 08      	        .db 00001000b   ;   #
0F66: 00      	        .db 00000000b   ; 
0F67: 3E      	        .db 00111110b   ; #####
0F68: 00      	        .db 00000000b   ;
0F69: 08      	        .db 00001000b   ;   #
0F6A: 00      	        .db 00000000b   ;
              	        ;220
0F6B: 04      	        .db 00000100b   ;    #
0F6C: 08      	        .db 00001000b   ;   # 
0F6D: 10      	        .db 00010000b   ;  #
0F6E: 08      	        .db 00001000b   ;   # 
0F6F: 1C      	        .db 00011100b   ;  ###
0F70: 00      	        .db 00000000b   ; 
              	        ;221
0F71: 10      	        .db 00010000b   ;  #
0F72: 08      	        .db 00001000b   ;   # 
0F73: 04      	        .db 00000100b   ;    #
0F74: 08      	        .db 00001000b   ;   # 
0F75: 1C      	        .db 00011100b   ;  ###
0F76: 00      	        .db 00000000b   ; 
              	        ;222
0F77: 1C      	        .db 00011100b   ;  ###
0F78: 00      	        .db 00000000b   ; 
0F79: 1C      	        .db 00011100b   ;  ###
0F7A: 00      	        .db 00000000b   ; 
0F7B: 1C      	        .db 00011100b   ;  ###
0F7C: 00      	        .db 00000000b   ; 
              	        ;223
0F7D: 06      	        .db 00000110b   ;    ## 
0F7E: 04      	        .db 00000100b   ;    # 
0F7F: 34      	        .db 00110100b   ; ## #
0F80: 14      	        .db 00010100b   ;  # # 
0F81: 08      	        .db 00001000b   ;   # 
0F82: 00      	        .db 00000000b   ; 
              	        ;224
0F83: 1E      	        .db 00011110b   ;  #### 
0F84: 0E      	        .db 00001110b   ;   ### 
0F85: 0E      	        .db 00001110b   ;   ### 
0F86: 12      	        .db 00010010b   ;  #  #
0F87: 20      	        .db 00100000b   ; # 
0F88: 00      	        .db 00000000b   ; 
              	        ;225
0F89: 20      	        .db 00100000b   ; #
0F8A: 12      	        .db 00010010b   ;  #  #
0F8B: 0E      	        .db 00001110b   ;   ###
0F8C: 0E      	        .db 00001110b   ;   ###
0F8D: 1E      	        .db 00011110b   ;  ####
0F8E: 00      	        .db 00000000b   ; 
              	        ;226
0F8F: 02      	        .db 00000010b   ;      #
0F90: 24      	        .db 00100100b   ;  #  #
0F91: 38      	        .db 00111000b   ;  ###
0F92: 38      	        .db 00111000b   ;  ###
0F93: 3C      	        .db 00111100b   ;  #### 
0F94: 00      	        .db 00000000b   ; 
              	        ;227
0F95: 3C      	        .db 00111100b   ; ####
0F96: 38      	        .db 00111000b   ; ###
0F97: 38      	        .db 00111000b   ; ###
0F98: 24      	        .db 00100100b   ; #  # 
0F99: 02      	        .db 00000010b   ;     #
0F9A: 00      	        .db 00000000b   ; 
              	        ;228
0F9B: 3E      	        .db 00111110b   ; #####
0F9C: 22      	        .db 00100010b   ; #   #
0F9D: 22      	        .db 00100010b   ; #   #
0F9E: 22      	        .db 00100010b   ; #   #
0F9F: 3E      	        .db 00111110b   ; #####
0FA0: 00      	        .db 00000000b   ; 
              	        ;229
0FA1: 3E      	        .db 00111110b   ; #####
0FA2: 26      	        .db 00100110b   ; #  ##
0FA3: 2A      	        .db 00101010b   ; # # #
0FA4: 32      	        .db 00110010b   ; ##  #
0FA5: 3E      	        .db 00111110b   ; #####
0FA6: 00      	        .db 00000000b   ; 
              	        ;230
0FA7: 08      	        .db 00001000b   ;   # 
0FA8: 12      	        .db 00010010b   ;  #  #
0FA9: 24      	        .db 00100100b   ; #  #
0FAA: 12      	        .db 00010010b   ;  #  #
0FAB: 08      	        .db 00001000b   ;   # 
0FAC: 00      	        .db 00000000b   ; 
              	        ;231
0FAD: 08      	        .db 00001000b   ;   # 
0FAE: 24      	        .db 00100100b   ; #  #
0FAF: 12      	        .db 00010010b   ;  #  #
0FB0: 24      	        .db 00100100b   ; #  #
0FB1: 08      	        .db 00001000b   ;   # 
0FB2: 00      	        .db 00000000b   ; 
              	        ;232 TEC-1G
0FB3: 1D      	        .db 00011101b   ;  ### #
0FB4: 08      	        .db 00001000b   ;   #
0FB5: 09      	        .db 00001001b   ;   #  #
0FB6: 08      	        .db 00001000b   ;   #
0FB7: 09      	        .db 00001001b   ;   #  #
0FB8: 00      	        .db 00000000b   ; 
              	        ;233 TEC-1G
0FB9: 37      	        .db 00110111b   ; ## ###
0FBA: 04      	        .db 00000100b   ;    #
0FBB: 34      	        .db 00110100b   ; ## #
0FBC: 04      	        .db 00000100b   ;    #
0FBD: 37      	        .db 00110111b   ; ## ###
0FBE: 00      	        .db 00000000b   ; 
              	        ;234 TEC-1G
0FBF: 00      	        .db 00000000b   ; 
0FC0: 01      	        .db 00000001b   ;      #
0FC1: 1C      	        .db 00011100b   ;  ###
0FC2: 00      	        .db 00000000b   ; 
0FC3: 00      	        .db 00000000b   ; 
0FC4: 00      	        .db 00000000b   ; 
              	        ;235 TEC-1G
0FC5: 2E      	        .db 00101110b   ; # ###
0FC6: 28      	        .db 00101000b   ; # #
0FC7: 2A      	        .db 00101010b   ; # # #
0FC8: 2A      	        .db 00101010b   ; # # #
0FC9: 2E      	        .db 00101110b   ; # ###
0FCA: 00      	        .db 00000000b   ; 
              	        ;236 Z80
0FCB: 1D      	        .db 00011101b   ;  ### #
0FCC: 05      	        .db 00000101b   ;    # #
0FCD: 09      	        .db 00001001b   ;   #  #
0FCE: 11      	        .db 00010001b   ;  #   #
0FCF: 1D      	        .db 00011101b   ;  ### #
0FD0: 00      	        .db 00000000b   ; 
              	        ;237 Z80
0FD1: 37      	        .db 00110111b   ; ## ###
0FD2: 15      	        .db 00010101b   ;  # # #
0FD3: 35      	        .db 00110101b   ; ## # #
0FD4: 15      	        .db 00010101b   ;  # # #
0FD5: 37      	        .db 00110111b   ; ## ###
0FD6: 00      	        .db 00000000b   ; 
              	        ;238 CPU
0FD7: 1D      	        .db 00011101b   ;  ### #
0FD8: 11      	        .db 00010001b   ;  #   #
0FD9: 11      	        .db 00010001b   ;  #   #
0FDA: 11      	        .db 00010001b   ;  #   #
0FDB: 1D      	        .db 00011101b   ;  ### #
0FDC: 00      	        .db 00000000b   ; 
              	        ;239 CPU
0FDD: 35      	        .db 00110101b   ; ## # #
0FDE: 15      	        .db 00010101b   ;  # # #
0FDF: 35      	        .db 00110101b   ; ## # #
0FE0: 05      	        .db 00000101b   ;    # #
0FE1: 07      	        .db 00000111b   ;    ###
0FE2: 00      	        .db 00000000b   ; 
              	        ;240
0FE3: 00      	        .db 00000000b   ; 
0FE4: 00      	        .db 00000000b   ; 
0FE5: 00      	        .db 00000000b   ; 
0FE6: 00      	        .db 00000000b   ; 
0FE7: 00      	        .db 00000000b   ; 
0FE8: 00      	        .db 00000000b   ; 
              	        ;241
0FE9: 00      	        .db 00000000b   ; 
0FEA: 00      	        .db 00000000b   ; 
0FEB: 00      	        .db 00000000b   ; 
0FEC: 00      	        .db 00000000b   ; 
0FED: 00      	        .db 00000000b   ; 
0FEE: 00      	        .db 00000000b   ; 
              	        ;242
0FEF: 00      	        .db 00000000b   ; 
0FF0: 00      	        .db 00000000b   ; 
0FF1: 00      	        .db 00000000b   ; 
0FF2: 00      	        .db 00000000b   ; 
0FF3: 00      	        .db 00000000b   ; 
0FF4: 00      	        .db 00000000b   ; 
              	        ;243
0FF5: 00      	        .db 00000000b   ; 
0FF6: 00      	        .db 00000000b   ; 
0FF7: 00      	        .db 00000000b   ; 
0FF8: 00      	        .db 00000000b   ; 
0FF9: 00      	        .db 00000000b   ; 
0FFA: 00      	        .db 00000000b   ; 
              	        ;244
0FFB: 00      	        .db 00000000b   ; 
0FFC: 00      	        .db 00000000b   ; 
0FFD: 00      	        .db 00000000b   ; 
0FFE: 00      	        .db 00000000b   ; 
0FFF: 00      	        .db 00000000b   ; 
1000: 00      	        .db 00000000b   ; 
              	        ;245
1001: 00      	        .db 00000000b   ; 
1002: 00      	        .db 00000000b   ; 
1003: 00      	        .db 00000000b   ; 
1004: 00      	        .db 00000000b   ; 
1005: 00      	        .db 00000000b   ; 
1006: 00      	        .db 00000000b   ; 
              	        ;246
1007: 00      	        .db 00000000b   ; 
1008: 00      	        .db 00000000b   ; 
1009: 00      	        .db 00000000b   ; 
100A: 00      	        .db 00000000b   ; 
100B: 00      	        .db 00000000b   ; 
100C: 00      	        .db 00000000b   ; 
              	        ;247
100D: 00      	        .db 00000000b   ; 
100E: 00      	        .db 00000000b   ; 
100F: 00      	        .db 00000000b   ; 
1010: 00      	        .db 00000000b   ; 
1011: 00      	        .db 00000000b   ; 
1012: 00      	        .db 00000000b   ; 
              	        ;248
1013: 00      	        .db 00000000b   ; 
1014: 00      	        .db 00000000b   ; 
1015: 00      	        .db 00000000b   ; 
1016: 00      	        .db 00000000b   ; 
1017: 00      	        .db 00000000b   ; 
1018: 00      	        .db 00000000b   ; 
              	        ;249
1019: 00      	        .db 00000000b   ; 
101A: 00      	        .db 00000000b   ; 
101B: 00      	        .db 00000000b   ; 
101C: 00      	        .db 00000000b   ; 
101D: 00      	        .db 00000000b   ; 
101E: 00      	        .db 00000000b   ; 
              	        ;250
101F: 00      	        .db 00000000b   ; 
1020: 00      	        .db 00000000b   ; 
1021: 00      	        .db 00000000b   ; 
1022: 00      	        .db 00000000b   ; 
1023: 00      	        .db 00000000b   ; 
1024: 00      	        .db 00000000b   ; 
              	        ;251
1025: 00      	        .db 00000000b   ; 
1026: 00      	        .db 00000000b   ; 
1027: 00      	        .db 00000000b   ; 
1028: 00      	        .db 00000000b   ; 
1029: 00      	        .db 00000000b   ; 
102A: 00      	        .db 00000000b   ; 
              	        ;252
102B: 00      	        .db 00000000b   ; 
102C: 00      	        .db 00000000b   ; 
102D: 00      	        .db 00000000b   ; 
102E: 00      	        .db 00000000b   ; 
102F: 00      	        .db 00000000b   ; 
1030: 00      	        .db 00000000b   ; 
              	        ;253
1031: 00      	        .db 00000000b   ; 
1032: 00      	        .db 00000000b   ; 
1033: 00      	        .db 00000000b   ; 
1034: 00      	        .db 00000000b   ; 
1035: 00      	        .db 00000000b   ; 
1036: 00      	        .db 00000000b   ; 
              	        ;254
1037: 00      	        .db 00000000b   ; 
1038: 00      	        .db 00000000b   ; 
1039: 00      	        .db 00000000b   ; 
103A: 00      	        .db 00000000b   ; 
103B: 00      	        .db 00000000b   ; 
103C: 00      	        .db 00000000b   ; 
              	        ;255
103D: 00      	        .db 00000000b   ; 
103E: 00      	        .db 00000000b   ; 
103F: 00      	        .db 00000000b   ; 
1040: 00      	        .db 00000000b   ; 
1041: 00      	        .db 00000000b   ; 
1042: 00      	        .db 00000000b   ; 
              	        ;256
1043: 00      	        .db 00000000b   ; 
1044: 00      	        .db 00000000b   ; 
1045: 00      	        .db 00000000b   ; 
1046: 00      	        .db 00000000b   ; 
1047: 00      	        .db 00000000b   ; 
1048: 01      	        .db 00000001b   ;      #
              	#include "SERIAL.asm"
              	; Inicializa SIO/2 Serial 115200
1049:         	initSerial:
1049: 21A610  	    LD    HL,TXDATA
104C: 229EFB  	    LD    (PUTCH),HL ;USE THE BITBANG SERIAL TRANSMIT
104F: 21B910  	    LD    HL,RXDATA
1052: 22A0FB  	    LD    (GETCH),HL  ;USE THE BITBANG SERIAL RECEIVE
              	
              	
              	    ;	Initialise SIO/2 A - Onboard USB
1055: 3E04    		LD	A,$04
1057: D302    		OUT	(SIOA_C),A
1059: 3EC4    		LD	A,$C4
105B: D302    		OUT	(SIOA_C),A
              	
105D: 3E03    		LD	A,$03
105F: D302    		OUT	(SIOA_C),A
1061: 3EE1    		LD	A,$E1
1063: D302    		OUT	(SIOA_C),A
              	
1065: 3E05    		LD	A,$05
1067: D302    		OUT	(SIOA_C),A
1069: 3E68    		LD	A, $68
106B: D302    		OUT	(SIOA_C),A
              	
              	    ; Initialise SIO/2 B - Printer (P2 conector)
106D: 3E04    		LD	A,$04
106F: D303    		OUT	(SIOB_C),A
1071: 3EC4    		LD	A,$C4
1073: D303    		OUT	(SIOB_C),A
              	
1075: 3E03    		LD	A,$03
1077: D303    		OUT	(SIOB_C),A
1079: 3EE1    		LD	A,$E1
107B: D303    		OUT	(SIOB_C),A
              	
107D: 3E05    		LD	A,$05
107F: D303    		OUT	(SIOB_C),A
1081: 3E68    		LD	A, $68
1083: D303    		OUT	(SIOB_C),A
              	
              	
              	    ; Print wellcome serial
1085: 212F27  	    LD HL, WELLCOME
1088: CD9810  	    CALL SNDSTR
              	
108B: C9      		RET
              	
              	
              	
              	;-----------------------------------
              	; OUTPUT A CHARACTER TO THE TERMINAL
              	;-----------------------------------       
108C: DD2A9EFB	OUTCH:  LD   IX,(PUTCH)
1090: DDE9    	       JP   (IX)
              	;------------------------------------
              	; INPUT A CHARACTER FROM THE TERMINAL
              	;------------------------------------
1092: DD2AA0FB	INCH:  LD   IX,(GETCH)
1096: DDE9    	      JP   (IX)
              	
              	
              		
              	
              	;-----------------------------------------
              	; SEND AN ASCII STRING OUT THE SERIAL PORT
              	;-----------------------------------------
              	; 
              	; SENDS A ZERO TERMINATED STRING OR 
              	; 128 CHARACTERS MAX. OUT THE SERIAL PORT
              	;
              	;      ENTRY : HL = POINTER TO 00H TERMINATED STRING
              	;      EXIT  : NONE
              	;
              	;       MODIFIES : A,B,C
              	;          
1098: 0680    	SNDSTR: LD    B,128         ;128 CHARS MAX
109A: 7E      	SDMSG1: LD    A,(HL)        ;GET THE CHAR
109B: FE00    	       CP    00H          ;ZERO TERMINATOR?
109D: 2806    	       JR    Z,SDMSG2      ;FOUND A ZERO TERMINATOR, EXIT  
109F: CD8C10  	       CALL  OUTCH         ;TRANSMIT THE CHAR
10A2: 23      	       INC   HL
10A3: 10F5    	       DJNZ  SDMSG1        ;128 CHARS MAX!    
10A5: C9      	SDMSG2: RET
              	
              	
              	;------------------------
              	; SERIAL A TRANSMIT ROUTINE
              	;------------------------
              	;TRANSMIT BYTE SERIALLY ON DOUT
              	;
              	; ENTRY : A = BYTE TO TRANSMIT
              	;  EXIT : NO REGISTERS MODIFIED
              	;
10A6:         	TXDATA:		
10A6: F5      			PUSH	AF		; Store character
10A7: CDB010  	conoutA1:	CALL	CKSIOA		; See if SIO channel A is finished transmitting
10AA: 28FB    			JR	Z,conoutA1	; Loop until SIO flag signals ready
10AC: F1      			POP	AF		; RETrieve character
10AD: D300    			OUT	(SIOA_D),A	; OUTput the character
10AF: C9      			RET
              	
              	
              	;------------------------------------------------------------------------------
              	; I/O status check routine
              	; Use the "primaryIO" flag to determine which port to check.
              	;------------------------------------------------------------------------------
10B0:         	CKSIOA
10B0: 97      			SUB	A
10B1: D302    			OUT 	(SIOA_C),A
10B3: DB02    			IN   	A,(SIOA_C)	; Status byte D2=TX Buff Empty, D0=RX char ready	
10B5: 0F      			RRCA			; Rotates RX status into Carry Flag,	
10B6: CB4F    			BIT  	1,A		; Set Zero flag if still transmitting character	
10B8: C9      	        RET
              	
              	    
              	;-----------------------
              	; SERIAL A RECEIVE ROUTINE
              	;-----------------------
              	;RECEIVE SERIAL BYTE FROM DIN
              	;
              	; ENTRY : NONE
              	;  EXIT : A= RECEIVED BYTE IF CARRY CLEAR
              	;
              	; REGISTERS MODIFIED A AND F
              	;
10B9:         	RXDATA:	
10B9:         	waitForChar:
              	        ; Check if there is a char in channel A
10B9: 97      			SUB	A
10BA: D302    			OUT 	(SIOA_C),A
10BC: DB02    			IN   	A,(SIOA_C)	; Status byte D2=TX Buff Empty, D0=RX char ready	
10BE: 0F      			RRCA			; Rotates RX status into Carry Flag,	
10BF: 30F8    			JR	NC, waitForChar
10C1: DB00    			IN	A,(SIOA_D)
10C3: B7      			OR A ; clear carry
10C4: C9      			RET
              	
              	
              	
              	;======================= Serial B ========================
              	;------------------------
              	; SERIAL B TRANSMIT ROUTINE
              	;------------------------
              	;TRANSMIT BYTE SERIALLY ON DOUT
              	;
              	; ENTRY : A = BYTE TO TRANSMIT
              	;  EXIT : NO REGISTERS MODIFIED
              	;
10C5:         	TXDATA_B:		
10C5: F5      			PUSH	AF		; Store character
10C6: CDCF10  	conoutB1:	CALL	CKSIOB		; See if SIO channel A is finished transmitting
10C9: 28FB    			JR	Z,conoutB1	; Loop until SIO flag signals ready
10CB: F1      			POP	AF		; RETrieve character
10CC: D301    			OUT	(SIOB_D),A	; OUTput the character
10CE: C9      			RET
              	
              	
              	;------------------------------------------------------------------------------
              	; I/O status check routine
              	; Use the "primaryIO" flag to determine which port to check.
              	;------------------------------------------------------------------------------
10CF:         	CKSIOB
10CF: 97      			SUB	A
10D0: D303    			OUT 	(SIOB_C),A
10D2: DB03    			IN   	A,(SIOB_C)	; Status byte D2=TX Buff Empty, D0=RX char ready	
10D4: 0F      			RRCA			; Rotates RX status into Carry Flag,	
10D5: CB4F    			BIT  	1,A		; Set Zero flag if still transmitting character	
10D7: C9      	        RET
              	
              	    
              	;-----------------------
              	; SERIAL B RECEIVE ROUTINE
              	;-----------------------
              	;RECEIVE SERIAL BYTE FROM DIN
              	;
              	; ENTRY : NONE
              	;  EXIT : A= RECEIVED BYTE IF CARRY CLEAR
              	;
              	; REGISTERS MODIFIED A AND F
              	;
10D8:         	RXDATA_B:	
10D8:         	waitForCharB:
              	        ; Check if there is a char in channel A
10D8: 97      			SUB	A
10D9: D303    			OUT 	(SIOB_C),A
10DB: DB03    			IN   	A,(SIOB_C)	; Status byte D2=TX Buff Empty, D0=RX char ready	
10DD: 0F      			RRCA			; Rotates RX status into Carry Flag,	
10DE: 30F8    			JR	NC, waitForCharB
10E0: DB01    			IN	A,(SIOB_D)
10E2: B7      			OR A ; clear carry
10E3: C9      			RET
              	
              	#include "COMANDOS.asm"
              	
              	; -------- Constantes gerais --------
000D:         	CR          EQU  0DH
000A:         	LF          EQU  0AH
0008:         	BkS          EQU  08H
007F:         	DEL         EQU  7FH
001B:         	ESC         EQU  1BH
0020:         	SPACE       EQU  20H
0000:         	NUL         EQU  00H
              	
              	
              	
              	; ============================================================
              	;  PARSE_CMD  -  Analisa LINEBUF e despacha comando
              	; ============================================================
10E4:         	PARSE_CMD:
10E4: 21A7FB  	            LD   HL, LINEBUF
10E7: CD9C14  	            CALL SKIP_SPACES
              	            ; Verifica linha vazia
10EA: 7E      	            LD   A, (HL)
10EB: FE0D    	            CP   CR
10ED: C8      	            RET  Z
10EE: FE00    	            CP   NUL
10F0: C8      	            RET  Z
              	
              	            ; Copia token do comando para comparação (uppercase)
10F1: CD0815  	            CALL UPCASE_TOKEN        ; HL aponta após token, DE=token
              	
              	            ; Compara com cada comando conhecido
10F4: 212D11  	            LD   HL, CMD_TABLE
10F7:         	CMD_SCAN:
10F7: 7E      	            LD   A, (HL)
10F8: FE00    	            CP   NUL
10FA: CA2611  	            JP   Z, CMD_UNKNOWN
              	            ; Compara string
10FD: E5      	            PUSH HL
10FE: 11F7FB  	            LD   DE, HEXBUF          ; token gravado aqui por UPCASE_TOKEN
1101: CD2D15  	            CALL STRCMP
1104: E1      	            POP  HL
1105: 280B    	            JR   Z, CMD_DISPATCH
              	            ; Avança para próxima entrada da tabela
              	            ; Formato: [str NUL] [addr 2 bytes]
1107:         	SKIP_ENTRY:
1107: 7E      	            LD   A, (HL)
1108: 23      	            INC  HL
1109: FE00    	            CP   NUL
110B: 20FA    	            JR   NZ, SKIP_ENTRY
110D: 23      	            INC  HL                  ; pula high byte do endereço
110E: 23      	            INC  HL                  ; pula low  byte do endereço
110F: C3F710  	            JP   CMD_SCAN
              	
1112:         	CMD_DISPATCH:
              	            ; Pula string do nome para chegar ao endereço
1112: 7E      	            LD   A, (HL)
1113: 23      	            INC  HL
1114: FE00    	            CP   NUL
1116: 20FA    	            JR   NZ, CMD_DISPATCH
              	            ; (HL) = low byte do handler, (HL+1) = high byte
1118: 7E      	            LD   A, (HL)
1119: 23      	            INC  HL
111A: 66      	            LD   H, (HL)
111B: 6F      	            LD   L, A
              	            ; HL = endereço do handler; HL aponta para resto da linha
              	            ; Precisamos salvar o ponteiro de argumento
              	            ; Reposiciona ponteiro de argumento
111C: 11A7FB  	            LD   DE, LINEBUF		 ; Inicio o buffer
111F: CD9514  	            CALL SKIP_COMMAND_DE	 ; pula comando e DE aponta para o primeiro espaço
1122: CDA314  	            CALL SKIP_SPACES_DE      ; DE aponta para args
1125: E9      	            JP   (HL)                ; chama handler
              	
1126:         	CMD_UNKNOWN:
1126: 213616  	            LD   HL, MSG_UNKNOWN
1129: CD9304  	            CALL PUTS
112C: C9      	            RET
              	
              	; -------- Tabela de comandos --------
112D:         	CMD_TABLE:
112D: 434C5300	            DB   "CLS",  NUL
1131: 5412    	            DW   CLS_CMD
1133: 44554D50	            DB   "DUMP", NUL
1137: 00      	
1138: 5A12    	            DW   DUMP_CMD
113A: 57524954	            DB   "WRITE", NUL
113E: 4500    	
1140: 9C12    	            DW   LOAD_CMD
1142: 45444954	            DB   "EDIT", NUL
1146: 00      	
1147: F012    	            DW   EDIT_CMD
1149: 4F555400	            DB   "OUT",  NUL
114D: 4513    	            DW   OUT_CMD
114F: 494E00  	            DB   "IN",   NUL
1152: 6313    	            DW   IN_CMD
1154: 4A554D50	            DB   "JUMP",    NUL
1158: 00      	
1159: 7913    	            DW   GO_CMD
115B: 43414C4C	            DB   "CALL",    NUL
115F: 00      	
1160: 8613    	            DW   CALL_CMD
1162: 4800    	            DB   "H",    NUL
1164: 9713    	            DW   HELP_CMD
1166: 3F00    	            DB   "?",    NUL
1168: 9713    	            DW   HELP_CMD
116A: 49484558	            DB   "IHEX",    NUL
116E: 00      	
116F: 4912    	            DW   LOAD_HEX_CMD
1171: 4932434C	            DB   "I2CLIST",    NUL
1175: 49535400	
1179: 3E1B    	            DW   I2CLIST
117B: 44495200	            DB   "DIR",    NUL
117F: 511E    	            DW   FS_DIR
1181: 52554E00	            DB   "RUN",    NUL
1185: 7421    	            DW   FS_EXEC
1187: 53415645	            DB   "SAVE",    NUL
118B: 00      	
118C: AE20    	            DW   FS_SAVE
118E: 44454C00	            DB   "DEL",    NUL
1192: A521    	            DW   FS_ERASE
1194: 464F524D	            DB   "FORMAT",    NUL
1198: 415400  	
119B: 0422    	            DW   FS_FORMAT
119D: 4C4F4144	            DB   "LOAD",    NUL
11A1: 00      	
11A2: 221F    	            DW   FS_LOAD_CMD
11A4: 42415349	            DB   "BASIC",    NUL
11A8: 4300    	
11AA: 0060    	            DW   COLD
11AC: 57424153	            DB   "WBASIC",    NUL
11B0: 494300  	
11B3: 0360    	            DW   WARM
11B5: 413A00  	            DB   "A:",    NUL
11B8: 0112    	            DW   CHANGE_DRIVE_A
11BA: 423A00  	            DB   "B:",    NUL
11BD: 0A12    	            DW   CHANGE_DRIVE_B
11BF: 433A00  	            DB   "C:",    NUL
11C2: 1312    	            DW   CHANGE_DRIVE_C
11C4: 443A00  	            DB   "D:",    NUL
11C7: 1C12    	            DW   CHANGE_DRIVE_D
11C9: 453A00  	            DB   "E:",    NUL
11CC: 2512    	            DW   CHANGE_DRIVE_E
11CE: 463A00  	            DB   "F:",    NUL
11D1: 2E12    	            DW   CHANGE_DRIVE_F
11D3: 473A00  	            DB   "G:",    NUL
11D6: 3712    	            DW   CHANGE_DRIVE_G
11D8: 5A3A00  	            DB   "Z:",    NUL
11DB: 4012    	            DW   CHANGE_DRIVE_Z
11DD: 49324300	            DB   "I2C", NUL
11E1: 5D15    	            DW   I2C_CMD
11E3: 4D4B4449	            DB   "MKDIR", NUL
11E7: 5200    	
11E9: C31F    	            DW   FS_MKDIR
11EB: 524D4449	            DB   "RMDIR", NUL
11EF: 5200    	
11F1: 4C20    	            DW   FS_RMDIR
11F3: 434400  	            DB   "CD", NUL
11F6: DF1E    	            DW   FS_CD
11F8: 46444953	            DB   "FDISK", NUL
11FC: 4B00    	
11FE: 5C1D    	            DW   FS_INFO
              	
1200: 00      	            DB   NUL                 ; fim da tabela
              	
              	
              	
              	
              	
              	; ============================================================
              	;  CHANGE_DRIVE_A  -  Altera drive para device A - EEDRIVE_A
              	; ============================================================
1201:         	CHANGE_DRIVE_A:
1201: 3EA0    	    LD A, EEDRIVE_A
1203: 3204FC  	    LD (I2CA_BLOCK), A
1206: CD6322  	    CALL CHECK_DISK_FORMAT
1209: C9      	    RET
              	
              	; ============================================================
              	;  CHANGE_DRIVE_B  -  Altera drive para device B - EEDRIVE_B
              	; ============================================================
120A:         	CHANGE_DRIVE_B:
120A: 3EA2    	    LD A, EEDRIVE_B
120C: 3204FC  	    LD (I2CA_BLOCK), A
120F: CD6322  	    CALL CHECK_DISK_FORMAT
1212: C9      	    RET
              	
              	; ============================================================
              	;  CHANGE_DRIVE_C  -  Altera drive para device C - EEDRIVE_C
              	; ============================================================
1213:         	CHANGE_DRIVE_C:
1213: 3EA4    	    LD A, EEDRIVE_C
1215: 3204FC  	    LD (I2CA_BLOCK), A
1218: CD6322  	    CALL CHECK_DISK_FORMAT
121B: C9      	    RET
              	
              	; ============================================================
              	;  CHANGE_DRIVE_D  -  Altera drive para device D - EEDRIVE_D
              	; ============================================================
121C:         	CHANGE_DRIVE_D:
121C: 3EA6    	    LD A, EEDRIVE_D
121E: 3204FC  	    LD (I2CA_BLOCK), A
1221: CD6322  	    CALL CHECK_DISK_FORMAT
1224: C9      	    RET
              	
              	; ============================================================
              	;  CHANGE_DRIVE_E  -  Altera drive para device E - EEDRIVE_E
              	; ============================================================
1225:         	CHANGE_DRIVE_E:
1225: 3EA8    	    LD A, EEDRIVE_E
1227: 3204FC  	    LD (I2CA_BLOCK), A
122A: CD6322  	    CALL CHECK_DISK_FORMAT
122D: C9      	    RET
              	
              	; ============================================================
              	;  CHANGE_DRIVE_F  -  Altera drive para device F - EEDRIVE_F
              	; ============================================================
122E:         	CHANGE_DRIVE_F:
122E: 3EAC    	    LD A, EEDRIVE_F
1230: 3204FC  	    LD (I2CA_BLOCK), A
1233: CD6322  	    CALL CHECK_DISK_FORMAT
1236: C9      	    RET
              	
              	; ============================================================
              	;  CHANGE_DRIVE_G  -  Altera drive para device G - EEDRIVE_G
              	; ============================================================
1237:         	CHANGE_DRIVE_G:
1237: 3EAE    	    LD A, EEDRIVE_G
1239: 3204FC  	    LD (I2CA_BLOCK), A
123C: CD6322  	    CALL CHECK_DISK_FORMAT
123F: C9      	    RET
              	
              	
              	; ============================================================
              	;  CHANGE_DRIVE_Z  -  Altera drive para device Z - EEDRIVE_Z
              	; ============================================================
1240:         	CHANGE_DRIVE_Z:
1240: 3EAA    	    LD A, EEDRIVE_Z
1242: 3204FC  	    LD (I2CA_BLOCK), A
1245: CD6322  	    CALL CHECK_DISK_FORMAT
1248: C9      	    RET
              	
              	
              	; ============================================================
              	;  LOAD_HEX_CMD  -  Carrega intel hex pela porta serial
              	; ============================================================
1249:         	LOAD_HEX_CMD;
1249: CD5A18  	    CALL loadInit
124C: C9      	    RET
              	
              	; ============================================================
              	;  CALL_8000  - Atalho - Call 8000H
              	; ============================================================
124D:         	CALL_8000:
124D: 11CE02  	    LD DE, MAIN_LOOP ; endereço de retorno do CALL
1250: D5      	    PUSH DE
1251: C30080  	    JP  $8000
              	
              	
              	; ============================================================
              	;  CLS_CMD  -  Limpa tela via sequência ANSI
              	; ============================================================
1254:         	CLS_CMD:
1254: 3E0C    	            LD A, 0CH ; FF
1256: CDFA07  	            CALL sendCharToLCD
1259: C9      	            RET
              	
              	; ============================================================
              	;  DUMP_CMD  -  Dump hex+ASCII
              	;  Sintaxe: DUMP xxxx
              	; ============================================================
125A:         	DUMP_CMD:
              	            ; DE aponta para argumentos
125A: CDFD14  	            CALL PARSE_HEX16_DE      ; HL = endereço
125D: 3836    	            JR   C, DUMP_BAD_ADDR
125F: 22FDFB  	            LD   (ADDR_TMP), HL
              	
1262: 0608    	            LD   B, 8               ; 8 linhas de 5 bytes
              	
1264:         	DUMP_LINE:
1264: C5      	            PUSH BC
              	            ; Exibe endereço
1265: 2AFDFB  	            LD   HL, (ADDR_TMP)
1268: CD5415  	            CALL PRINT_HEX16
126B: 3E3A    	            LD   A, ':'
126D: CD8704  	            CALL PUTCHAR
1270: 3E20    	            LD   A, SPACE
1272: CD8704  	            CALL PUTCHAR
              	
              	            ; Exibe 16 bytes hex
1275: 2AFDFB  	            LD   HL, (ADDR_TMP)
1278: 0E05    	            LD   C, 5
127A:         	DUMP_HEX:
127A: 7E      	            LD   A, (HL)
127B: CD3915  	            CALL PRINT_HEX8
127E: 3E20    	            LD   A, SPACE
1280: CD8704  	            CALL PUTCHAR
1283: 23      	            INC  HL
1284: 0D      	            DEC  C
1285: 20F3    	            JR   NZ, DUMP_HEX
              	
              	            ;CALL CRLF
              	            ; Avança endereço base
1287: 2AFDFB  	            LD   HL, (ADDR_TMP)
128A: 110500  	            LD   DE, 5
128D: 19      	            ADD  HL, DE
128E: 22FDFB  	            LD   (ADDR_TMP), HL
1291: C1      	            POP  BC
1292: 10D0    	            DJNZ DUMP_LINE
1294: C9      	            RET
              	
1295:         	DUMP_BAD_ADDR:
1295: 215716  	            LD   HL, MSG_BAD_ADDR
1298: CD9304  	            CALL PUTS
129B: C9      	            RET
              	
              	; ============================================================
              	;  LOAD_CMD  -  Carrega bytes hex em endereço
              	;  Sintaxe: LOAD xxxx
              	;  Digitar pares hex separados por espaço; linha vazia encerra
              	; ============================================================
129C:         	LOAD_CMD:
129C: CDFD14  	            CALL PARSE_HEX16_DE
129F: 3848    	            JR   C, LOAD_BAD
12A1: 22FDFB  	            LD   (ADDR_TMP), HL
12A4: 218116  	            LD   HL, MSG_LOAD_HINT
12A7: CD9304  	            CALL PUTS
              	
12AA:         	LOAD_LOOP:
              	            ; Exibe endereço atual
12AA: 2AFDFB  	            LD   HL, (ADDR_TMP)
12AD: CD5415  	            CALL PRINT_HEX16
12B0: 3E3A    	            LD   A, ':'
12B2: CD8704  	            CALL PUTCHAR
12B5: 3E20    	            LD   A, SPACE
12B7: CD8704  	            CALL PUTCHAR
              	
12BA: CD3F14  	            CALL GETLINE             ; Lê linha
12BD: 21A7FB  	            LD   HL, LINEBUF
12C0: CD9C14  	            CALL SKIP_SPACES
              	
              	            ; Linha vazia = fim
12C3: 7E      	            LD   A, (HL)
12C4: FE0D    	            CP   CR
12C6: C8      	            RET  Z
12C7: FE00    	            CP   NUL
12C9: C8      	            RET  Z
              	
              	            ; Processa pares hex na linha
12CA:         	LOAD_BYTE:
12CA: CDCB14  	            CALL PARSE_HEX8_HL       ; A = byte, HL avança
12CD: 3818    	            JR   C, LOAD_NEXT_LINE
              	            ; Grava byte
12CF: ED5BFDFB	            LD   DE, (ADDR_TMP)
12D3: 12      	            LD   (DE), A
12D4: 13      	            INC  DE
12D5: ED53FDFB	            LD   (ADDR_TMP), DE
12D9: CDAA14  	            CALL SKIP_SPACES_HL
12DC: 7E      	            LD   A, (HL)
12DD: FE0D    	            CP   CR
12DF: 28C9    	            JR   Z, LOAD_LOOP
12E1: FE00    	            CP   NUL
12E3: 28C5    	            JR   Z, LOAD_LOOP
12E5: 18E3    	            JR   LOAD_BYTE
              	
12E7:         	LOAD_NEXT_LINE:
12E7: 18C1    	            JR   LOAD_LOOP
              	
12E9:         	LOAD_BAD:
12E9: 215716  	            LD   HL, MSG_BAD_ADDR
12EC: CD9304  	            CALL PUTS
12EF: C9      	            RET
              	
              	; ============================================================
              	;  EDIT_CMD  -  Edita memória byte a byte
              	;  Sintaxe: EDIT xxxx
              	;  Exibe: XXXX: AA  _  (digitar novo valor ou Enter p/ manter)
              	;  '.' encerra
              	; ============================================================
12F0:         	EDIT_CMD:
12F0: CDFD14  	            CALL PARSE_HEX16_DE
12F3: 3849    	            JR   C, EDIT_BAD
12F5: 22FDFB  	            LD   (ADDR_TMP), HL
              	
12F8:         	EDIT_LOOP:
12F8: 2AFDFB  	            LD   HL, (ADDR_TMP)
12FB: CD5415  	            CALL PRINT_HEX16
12FE: 3E3A    	            LD   A, ':'
1300: CD8704  	            CALL PUTCHAR
1303: 3E20    	            LD   A, SPACE
1305: CD8704  	            CALL PUTCHAR
1308: 7E      	            LD   A, (HL)             ; Valor atual
1309: CD3915  	            CALL PRINT_HEX8
130C: 3E20    	            LD   A, SPACE
130E: CD8704  	            CALL PUTCHAR
1311: 3E20    	            LD   A, SPACE
1313: CD8704  	            CALL PUTCHAR
              	
              	            ; Lê até 3 chars (2 hex + CR)
1316: CD3F14  	            CALL GETLINE
1319: 21A7FB  	            LD   HL, LINEBUF
131C: CD9C14  	            CALL SKIP_SPACES
              	
131F: 7E      	            LD   A, (HL)
1320: FE2E    	            CP   '.'                 ; '.' = sair
1322: C8      	            RET  Z
1323: FE0D    	            CP   CR
1325: 280E    	            JR   Z, EDIT_KEEP       ; Enter = mantém byte
1327: FE00    	            CP   NUL
1329: 280A    	            JR   Z, EDIT_KEEP
              	
              	            ; Tenta parsear novo byte
132B: CDCB14  	            CALL PARSE_HEX8_HL
132E: 38C8    	            JR   C, EDIT_LOOP       ; Hex inválido: repete
              	
              	            ; Grava novo byte
1330: ED5BFDFB	            LD   DE, (ADDR_TMP)
1334: 12      	            LD   (DE), A
              	
1335:         	EDIT_KEEP:
1335: 2AFDFB  	            LD   HL, (ADDR_TMP)
1338: 23      	            INC  HL
1339: 22FDFB  	            LD   (ADDR_TMP), HL
133C: 18BA    	            JR   EDIT_LOOP
              	
133E:         	EDIT_BAD:
133E: 215716  	            LD   HL, MSG_BAD_ADDR
1341: CD9304  	            CALL PUTS
1344: C9      	            RET
              	
              	; ============================================================
              	;  OUT_CMD  -  Escreve byte em porta de I/O
              	;  Sintaxe: OUT pp dd   (porta pp, dado dd, ambos em hex)
              	; ============================================================
1345:         	OUT_CMD:
              	            ; DE → argumentos
1345: CDE414  	            CALL PARSE_HEX8_DE       ; A = número da porta
1348: 3812    	            JR   C, OUT_BAD
134A: 4F      	            LD   C, A                ; C = porta
              	
134B: CDA314  	            CALL SKIP_SPACES_DE
134E: CDE414  	            CALL PARSE_HEX8_DE       ; A = dado
1351: 3809    	            JR   C, OUT_BAD
              	
              	            ; OUT (C), A
1353: ED79    	            OUT  (C), A
1355: 217D16  	            LD   HL, MSG_OK
1358: CD9304  	            CALL PUTS
135B: C9      	            RET
              	
135C:         	OUT_BAD:
135C: 216B16  	            LD   HL, MSG_SYNTAX
135F: CD9304  	            CALL PUTS
1362: C9      	            RET
              	
              	; ============================================================
              	;  IN_CMD  -  Lê byte de porta de I/O
              	;  Sintaxe: IN pp
              	; ============================================================
1363:         	IN_CMD:
1363: CDE414  	            CALL PARSE_HEX8_DE
1366: 380A    	            JR   C, IN_BAD
1368: 4F      	            LD   C, A
1369: ED78    	            IN   A, (C)
136B: CD3915  	            CALL PRINT_HEX8
136E: CDA304  	            CALL CRLF
1371: C9      	            RET
              	
1372:         	IN_BAD:
1372: 216B16  	            LD   HL, MSG_SYNTAX
1375: CD9304  	            CALL PUTS
1378: C9      	            RET
              	
              	; ============================================================
              	;  GO_CMD  -  Executa código a partir de endereço
              	;  Sintaxe: G xxxx
              	; ============================================================
1379:         	GO_CMD:
1379: CDFD14  	            CALL PARSE_HEX16_DE
137C: 3801    	            JR   C, GO_BAD
137E: E9      	            JP   (HL)                ; Salta para endereço
              	
137F:         	GO_BAD:
137F: 215716  	            LD   HL, MSG_BAD_ADDR
1382: CD9304  	            CALL PUTS
1385: C9      	            RET
              	
              	
              	; ============================================================
              	;  CALL_CMD  -  Executa código a partir de endereço
              	;  Sintaxe: CALL xxxx
              	; ============================================================
1386:         	CALL_CMD:
1386: CDFD14  	            CALL PARSE_HEX16_DE
1389: 3805    	            JR   C, CALL_BAD
138B: 11CE02  	            LD DE, MAIN_LOOP ; endereço de retorno do CALL
138E: D5      	            PUSH DE
138F: E9      	            JP   (HL)                ; Salta para endereço
              	
1390:         	CALL_BAD:
1390: 215716  	            LD   HL, MSG_BAD_ADDR
1393: CD9304  	            CALL PUTS
1396: C9      	            RET
              	
              	
              	; ============================================================
              	;  HELP_CMD  -  Exibe ajuda
              	; ============================================================
1397:         	HELP_CMD:
1397: 11B916  	            LD   DE, MSG_HELP_L0
139A: CD6A08  	            CALL sendStringToLCD
              	
139D: 11C316  	            LD   DE, MSG_HELP_L1
13A0: CD6A08  	            CALL sendStringToLCD
              	
13A3: 11CA16  	            LD   DE, MSG_HELP_L2
13A6: CD6A08  	            CALL sendStringToLCD
              	
13A9: 11CF16  	            LD   DE, MSG_HELP_L3
13AC: CD6A08  	            CALL sendStringToLCD
              	
13AF: 11DA16  	            LD   DE, MSG_HELP_L4
13B2: CD6A08  	            CALL sendStringToLCD
              	
13B5: 11E616  	            LD   DE, MSG_HELP_L5
13B8: CD6A08  	            CALL sendStringToLCD
              	
13BB: 11F116  	            LD   DE, MSG_HELP_L6
13BE: CD6A08  	            CALL sendStringToLCD
              	
13C1: 11FC16  	            LD   DE, MSG_HELP_L7
13C4: CD6A08  	            CALL sendStringToLCD
              	
13C7: 110417  	            LD   DE, MSG_HELP_L8
13CA: CD6A08  	            CALL sendStringToLCD
              	
13CD: 110F17  	            LD   DE, MSG_HELP_L9
13D0: CD6A08  	            CALL sendStringToLCD
              	
13D3: 111A17  	            LD   DE, MSG_HELP_L10
13D6: CD6A08  	            CALL sendStringToLCD
              	
13D9: 112717  	            LD   DE, MSG_HELP_L11
13DC: CD6A08  	            CALL sendStringToLCD
              	
13DF: 113B17  	            LD   DE, MSG_HELP_L12
13E2: CD6A08  	            CALL sendStringToLCD
              	
13E5: 115017  	            LD   DE, MSG_HELP_L13
13E8: CD6A08  	            CALL sendStringToLCD
              	
13EB: 116217  	            LD   DE, MSG_HELP_L14
13EE: CD6A08  	            CALL sendStringToLCD
              	
13F1: 117317  	            LD   DE, MSG_HELP_L15
13F4: CD6A08  	            CALL sendStringToLCD
              	
13F7: 118517  	            LD   DE, MSG_HELP_L16
13FA: CD6A08  	            CALL sendStringToLCD
              	
13FD: 119817  	            LD   DE, MSG_HELP_L17
1400: CD6A08  	            CALL sendStringToLCD
              	
1403: 11B017  	            LD   DE, MSG_HELP_L18
1406: CD6A08  	            CALL sendStringToLCD
              	
1409: 11C217  	            LD   DE, MSG_HELP_L19
140C: CD6A08  	            CALL sendStringToLCD
              	
140F: 11D617  	            LD   DE, MSG_HELP_L20
1412: CD6A08  	            CALL sendStringToLCD
              	
1415: 11EB17  	            LD   DE, MSG_HELP_L21
1418: CD6A08  	            CALL sendStringToLCD
              	
141B: 110018  	            LD   DE, MSG_HELP_L22
141E: CD6A08  	            CALL sendStringToLCD
              	
1421: 111218  	            LD   DE, MSG_HELP_L23
1424: CD6A08  	            CALL sendStringToLCD
              	
1427: 112418  	            LD   DE, MSG_HELP_L24
142A: CD6A08  	            CALL sendStringToLCD
              	
142D: 113318  	            LD   DE, MSG_HELP_L25
1430: CD6A08  	            CALL sendStringToLCD
              	
1433: 114718  	            LD   DE, MSG_HELP_L26
1436: CD6A08  	            CALL sendStringToLCD
1439: C9      	            RET
              	
              	
143A:         	LCD_SCROLL:
143A: CD8704  	    CALL PUTCHAR
143D: 1805    	    JR GETLINE_LOOP
              	
              	
              	
              	
              	; --- GETLINE: Lê linha para LINEBUF; eco local ---
              	;     Termina em CR. Suporta BS/DEL para apagar.
143F:         	GETLINE:
143F: 21A7FB  	            LD   HL, LINEBUF
1442: 064F    	            LD   B, 79               ; Máx 79 chars + NUL
1444:         	GETLINE_LOOP:
1444: CD7503  	            CALL CONIN
1447: FE0D    	            CP   CR
1449: 2844    	            JR   Z, GETLINE_DONE
144B: FEF8    	            CP   $F8    ; ignora scroll up - GLCD
144D: 28EB    	            JR   Z, LCD_SCROLL
144F: FEF7    	            CP   $F7    ; ignora scroll down - GLCD
1451: 28E7    	            JR   Z, LCD_SCROLL
1453: FE0A    	            CP   LF
1455: 28ED    	            JR   Z, GETLINE_LOOP    ; Ignora LF
1457: FE1B    	            CP   ESC
1459: 28E9    	            JR   Z, GETLINE_LOOP    ; Ignora
145B: FEFF    	            CP   $FF ;capslock Ignora
145D: CA4414  	            JP   Z, GETLINE_LOOP
1460: FE08    	            CP   BkS
1462: 281D    	            JR   Z, GETLINE_BS
1464: FE7F    	            CP   DEL
1466: 2819    	            JR   Z, GETLINE_BS
1468: FEFA    	            CP   $FA ; AltGr
146A: CA8718  	            JP   Z, CALL_IHEX
146D: FEF9    	            CP   $F9 ; LUZ
146F: CA4D12  	            JP   Z, CALL_8000
1472: 4F      	            LD   C, A
1473: 78      	            LD   A, B
1474: FE00    	            CP   0
1476: 28CC    	            JR   Z, GETLINE_LOOP    ; Buffer cheio
1478: 79      	            LD   A, C
1479: 77      	            LD   (HL), A
147A: 23      	            INC  HL
147B: 05      	            DEC  B
147C: CD8704  	            CALL PUTCHAR             ; Eco
147F: 18C3    	            JR   GETLINE_LOOP
1481:         	GETLINE_BS:
1481: 78      	            LD   A, B
1482: FE4F    	            CP   79
1484: 28BE    	            JR   Z, GETLINE_LOOP    ; Início: ignora BS
1486: 2B      	            DEC  HL
1487: 04      	            INC  B
1488: 3E08    	            LD   A, BkS
148A: CD8704  	            CALL PUTCHAR
              	            ;LD   A, SPACE
              	            ;CALL PUTCHAR
              	            ;LD   A, BkS
              	            ;CALL PUTCHAR
148D: 18B5    	            JR   GETLINE_LOOP
148F:         	GETLINE_DONE:
148F: 3600    	            LD   (HL), NUL           ; Termina string
1491: CDA304  	            CALL CRLF
1494: C9      	            RET
              	
              	; ============================================================
              	;  SUBROTINAS DE PARSE
              	; ============================================================
              	; --- SKIP_COMMAND_DE: Avança DE até o proximo espaço ---
1495:         	SKIP_COMMAND_DE:
1495: 1A      				LD A, (DE)
1496: FE20    				CP SPACE
1498: C8      				RET Z
1499: 13      				INC DE
149A: 18F9    				JR SKIP_COMMAND_DE
              	
              	
              	; --- SKIP_SPACES: Avança HL sobre espaços ---
149C:         	SKIP_SPACES:
149C: 7E      	            LD   A, (HL)
149D: FE20    	            CP   SPACE
149F: C0      	            RET  NZ
14A0: 23      	            INC  HL
14A1: 18F9    	            JR   SKIP_SPACES
              	
              	; --- SKIP_SPACES_DE: Avança DE sobre espaços ---
14A3:         	SKIP_SPACES_DE:
14A3: 1A      	            LD   A, (DE)
14A4: FE20    	            CP   SPACE
14A6: C0      	            RET  NZ
14A7: 13      	            INC  DE
14A8: 18F9    	            JR   SKIP_SPACES_DE
              	
              	; --- SKIP_SPACES_HL: Avança HL sobre espaços ---
14AA:         	SKIP_SPACES_HL:
14AA: 7E      	            LD   A, (HL)
14AB: FE20    	            CP   SPACE
14AD: C0      	            RET  NZ
14AE: 23      	            INC  HL
14AF: 18F9    	            JR   SKIP_SPACES_HL
              	
              	; --- IS_HEX: testa se A é dígito hex; retorna dígito em A (0-15), CY se inválido ---
14B1:         	IS_HEX:
14B1: FE30    	            CP   '0'
14B3: 3814    	            JR   C, IS_HEX_BAD
14B5: FE3A    	            CP   '9'+1
14B7: 380D    	            JR   C, IS_HEX_DIG      ; '0'-'9'
14B9: E6DF    	            AND  0DFH               ; Uppercase
14BB: FE41    	            CP   'A'
14BD: 380A    	            JR   C, IS_HEX_BAD
14BF: FE47    	            CP   'F'+1
14C1: 3006    	            JR   NC, IS_HEX_BAD
14C3: D637    	            SUB  'A'-10             ; 'A'→10 ... 'F'→15
14C5: C9      	            RET
14C6:         	IS_HEX_DIG:
14C6: D630    	            SUB  '0'
14C8: C9      	            RET
14C9:         	IS_HEX_BAD:
14C9: 37      	            SCF
14CA: C9      	            RET
              	
              	; --- PARSE_HEX8_HL: parseia 2 dígitos hex em (HL), resultado em A; HL avança 2 ---
              	;     Carry = erro
14CB:         	PARSE_HEX8_HL:
14CB: 7E      	            LD   A, (HL)
14CC: CDB114  	            CALL IS_HEX
14CF: D8      	            RET  C
14D0: 0F      	            RRCA
14D1: 0F      	            RRCA
14D2: 0F      	            RRCA
14D3: 0F      	            RRCA
14D4: E6F0    	            AND  0F0H
14D6: 47      	            LD   B, A
14D7: 23      	            INC  HL
14D8: 7E      	            LD   A, (HL)
14D9: CDB114  	            CALL IS_HEX
14DC: 3803    	            JR   C, PHX8_ERR
14DE: B0      	            OR   B
14DF: 23      	            INC  HL
14E0: C9      	            RET
14E1:         	PHX8_ERR:
14E1: 2B      	            DEC  HL
14E2: 37      	            SCF
14E3: C9      	            RET
              	
              	; --- PARSE_HEX8_DE: igual mas com DE ---
14E4:         	PARSE_HEX8_DE:
14E4: 1A      	            LD   A, (DE)
14E5: CDB114  	            CALL IS_HEX
14E8: D8      	            RET  C
14E9: 0F      	            RRCA
14EA: 0F      	            RRCA
14EB: 0F      	            RRCA
14EC: 0F      	            RRCA
14ED: E6F0    	            AND  0F0H
14EF: 47      	            LD   B, A
14F0: 13      	            INC  DE
14F1: 1A      	            LD   A, (DE)
14F2: CDB114  	            CALL IS_HEX
14F5: 3803    	            JR   C, PHX8D_ERR
14F7: B0      	            OR   B
14F8: 13      	            INC  DE
14F9: C9      	            RET
14FA:         	PHX8D_ERR:
14FA: 1B      	            DEC  DE
14FB: 37      	            SCF
14FC: C9      	            RET
              	
              	; --- PARSE_HEX16_DE: parseia 4 dígitos hex em (DE), resultado em HL; DE avança 4 ---
14FD:         	PARSE_HEX16_DE:
14FD: CDE414  	            CALL PARSE_HEX8_DE
1500: D8      	            RET  C
1501: 67      	            LD   H, A
1502: CDE414  	            CALL PARSE_HEX8_DE
1505: D8      	            RET  C
1506: 6F      	            LD   L, A
1507: C9      	            RET
              	
              	; --- UPCASE_TOKEN: copia token de (HL) em maiúscula para HEXBUF; HL avança após token ---
1508:         	UPCASE_TOKEN:
1508: 11F7FB  	            LD   DE, HEXBUF
150B: 060A    	            LD   B, 10
150D:         	UPCASE_LOOP:
150D: 7E      	            LD   A, (HL)
150E: FE20    	            CP   SPACE
1510: 2817    	            JR   Z, UPCASE_DONE
1512: FE0D    	            CP   CR
1514: 2813    	            JR   Z, UPCASE_DONE
1516: FE00    	            CP   NUL
1518: 280F    	            JR   Z, UPCASE_DONE
151A: FE61    	            CP   'a'
151C: 3806    	            JR   C, UPCASE_STORE
151E: FE7B    	            CP   'z'+1
1520: 3002    	            JR   NC, UPCASE_STORE
1522: E6DF    	            AND  0DFH               ; Converte para maiúscula
1524:         	UPCASE_STORE:
1524: 12      	            LD   (DE), A
1525: 23      	            INC  HL
1526: 13      	            INC  DE
1527: 10E4    	            DJNZ UPCASE_LOOP
1529:         	UPCASE_DONE:
1529: 3E00    	            LD   A, NUL
152B: 12      	            LD   (DE), A
152C: C9      	            RET
              	
              	; --- STRCMP: compara (HL) com (DE), Z=1 se iguais ---
152D:         	STRCMP:
152D: 7E      	            LD   A, (HL)
152E: 47      	            LD   B, A
152F: 1A      	            LD   A, (DE)
1530: B8      	            CP   B
1531: C0      	            RET  NZ
1532: FE00    	            CP   NUL
1534: C8      	            RET  Z
1535: 23      	            INC  HL
1536: 13      	            INC  DE
1537: 18F4    	            JR   STRCMP
              	
              	; ============================================================
              	;  SUBROTINAS DE SAÍDA HEX
              	; ============================================================
              	
              	; --- PRINT_HEX8: Imprime byte em A como 2 dígitos hex ---
1539:         	PRINT_HEX8:
1539: F5      	            PUSH AF
153A: 0F      	            RRCA
153B: 0F      	            RRCA
153C: 0F      	            RRCA
153D: 0F      	            RRCA
153E: CD4615  	            CALL PRINT_NIBBLE
1541: F1      	            POP  AF
1542: CD4615  	            CALL PRINT_NIBBLE
1545: C9      	            RET
              	
1546:         	PRINT_NIBBLE:
1546: E60F    	            AND  0FH
1548: C630    	            ADD  A, '0'
154A: FE3A    	            CP   '9'+1
154C: 3802    	            JR   C, PN_DONE
154E: C607    	            ADD  A, 07H              ; 'A'-'9'-1
1550:         	PN_DONE:
1550: CD8704  	            CALL PUTCHAR
1553: C9      	            RET
              	
              	; --- PRINT_HEX16: Imprime HL como 4 dígitos hex ---
1554:         	PRINT_HEX16:
1554: 7C      	            LD   A, H
1555: CD3915  	            CALL PRINT_HEX8
1558: 7D      	            LD   A, L
1559: CD3915  	            CALL PRINT_HEX8
155C: C9      	            RET
              	
              	
              	
              	
              	; ============================================================
              	; I2C_CMD - Testes rapidos no barramento I2C
              	;
              	; Sintaxe: I2C aa [Wdd] [Rnn] [Wdd] [Rnn] ...
              	;   aa  = endereco do device, 7 bits, hex, SEM o bit R/W
              	;   Wdd = escreve o byte dd (hex)
              	;   Rnn = le nn bytes (hex) e imprime cada um em hex
              	;
              	; Exemplos:
              	;   I2C 20 WFF           -> PCF8574: open(write), write FF, close
              	;   I2C 50 W10 W20 R04    -> EEPROM : open(write), write 10, write 20,
              	;                             open(read, repeated start), read 4, close
              	;
              	; O comando reabre o device (I2C_Open de novo, sem fechar antes) toda
              	; vez que a direcao muda de W para R ou de R para W - isso gera um
              	; repeated start, igual o I2C_MemRd ja faz internamente.
              	;
              	; Dentro de um bloco Rnn, todo byte manda ACK pro slave, exceto o
              	; ultimo, que manda NACK (fim da leitura) - mesma logica do I2C_MemRd.
              	;
              	; No primeiro NACK (falha de escrita/open), a sequencia e abortada,
              	; o barramento e fechado (STOP) para nao ficar travado, e uma
              	; mensagem de erro e impressa.
              	;
              	; Requer de I2C.asm: I2C_Open, I2C_Write, I2C_Read, I2C_Close
              	; ============================================================
              	
155D:         	I2C_CMD:
              	    ; DE -> argumentos (endereco DEc apos "I2C ")
155D: CDE414  	    CALL PARSE_HEX8_DE     ; A = endereco do device (7 bits)
1560: DA1116  	    JP  C, I2C_BAD_SYNTAX
1563: 3242FD  	    LD  (I2C_ADDR7), A
1566: AF      	    XOR A
1567: 3243FD  	    LD  (I2C_STATE), A     ; 0 = fechado
              	
156A:         	I2C_LOOP:
156A: CDA314  	    CALL SKIP_SPACES_DE
156D: 1A      	    LD  A, (DE)
156E: FE0D    	    CP  CR
1570: CAFD15  	    JP  Z, I2C_DONE
1573: FE00    	    CP  NUL
1575: CAFD15  	    JP  Z, I2C_DONE
              	
              	    ; Le o operador (W ou R)
1578: 1A      	    LD  A, (DE)
1579: E6DF    	    AND 0DFH                ; forca maiuscula
157B: 13      	    INC DE
157C: FE57    	    CP  'W'
157E: 2807    	    JR  Z, I2C_DO_WRITE
1580: FE52    	    CP  'R'
1582: 2829    	    JR  Z, I2C_DO_READ
1584: C31116  	    JP  I2C_BAD_SYNTAX
              	
              	; -------- WRITE --------
1587:         	I2C_DO_WRITE:
1587: CDE414  	    CALL PARSE_HEX8_DE      ; A = byte a escrever
158A: DA1116  	    JP  C, I2C_BAD_SYNTAX
158D: 4F      	    LD  C, A                ; guarda o byte
              	
158E: 3A43FD  	    LD  A, (I2C_STATE)
1591: FE01    	    CP  1
1593: 2810    	    JR  Z, I2C_WRITE_GO      ; ja aberto em modo write
              	
1595: 3A42FD  	    LD  A, (I2C_ADDR7)
1598: 07      	    RLCA                     ; addr << 1
1599: E6FE    	    AND 0FEH                 ; bit0 = 0 (write)
159B: CD601A  	    CALL I2C_Open
159E: 204D    	    JR  NZ, I2C_NOACK
15A0: 3E01    	    LD  A, 1
15A2: 3243FD  	    LD  (I2C_STATE), A
              	
15A5:         	I2C_WRITE_GO:
15A5: 79      	    LD  A, C
15A6: CD741A  	    CALL I2C_Write
15A9: 2042    	    JR  NZ, I2C_NOACK
15AB: 18BD    	    JR  I2C_LOOP
              	
              	; -------- READ --------
15AD:         	I2C_DO_READ:
15AD: CDE414  	    CALL PARSE_HEX8_DE       ; A = quantidade de bytes a ler
15B0: 385F    	    JR  C, I2C_BAD_SYNTAX
15B2: 47      	    LD  B, A
15B3: 78      	    LD  A, B
15B4: B7      	    OR  A
15B5: 28B3    	    JR  Z, I2C_LOOP           ; R00 = nada a fazer
              	
15B7: 3A43FD  	    LD  A, (I2C_STATE)
15BA: FE02    	    CP  2
15BC: 2810    	    JR  Z, I2C_READ_GO         ; ja aberto em modo read
              	
15BE: 3A42FD  	    LD  A, (I2C_ADDR7)
15C1: 07      	    RLCA
15C2: F601    	    OR  01H                    ; bit0 = 1 (read)
15C4: CD601A  	    CALL I2C_Open
15C7: 2024    	    JR  NZ, I2C_NOACK
15C9: 3E02    	    LD  A, 2
15CB: 3243FD  	    LD  (I2C_STATE), A
              	
15CE:         	I2C_READ_GO:
15CE: 78      	    LD  A, B
15CF: FE01    	    CP  1
15D1: 2804    	    JR  Z, I2C_READ_LASTBYTE
15D3: 3EFF    	    LD  A, 0FFH                 ; ACK - ainda tem mais bytes
15D5: 1801    	    JR  I2C_READ_DOIT
15D7:         	I2C_READ_LASTBYTE:
15D7: AF      	    XOR A                        ; NACK - ultimo byte do bloco
15D8:         	I2C_READ_DOIT:
15D8: CDB11A  	    CALL I2C_Read                ; A = byte lido
15DB: C5      	    PUSH BC
15DC: CD3915  	    CALL PRINT_HEX8
15DF: 3E20    	    LD  A, SPACE
15E1: CD8704  	    CALL PUTCHAR
15E4: C1      	    POP BC
15E5: 05      	    DEC B
15E6: 78      	    LD  A, B
15E7: B7      	    OR  A
15E8: 20E4    	    JR  NZ, I2C_READ_GO
15EA: C36A15  	    JP  I2C_LOOP
              	
              	; -------- Erro / fim --------
15ED:         	I2C_NOACK:
15ED: F5      	    PUSH AF
15EE: CD671A  	    CALL I2C_Close               ; garante que o barramento nao trava
15F1: AF      	    XOR A
15F2: 3243FD  	    LD  (I2C_STATE), A
15F5: F1      	    POP AF
15F6: 211816  	    LD  HL, MSG_I2C_NOACK
15F9: CD9304  	    CALL PUTS
15FC: C9      	    RET
              	
15FD:         	I2C_DONE:
15FD: 3A43FD  	    LD  A, (I2C_STATE)
1600: B7      	    OR  A
1601: 2807    	    JR  Z, I2C_OK
1603: CD671A  	    CALL I2C_Close
1606: AF      	    XOR A
1607: 3243FD  	    LD  (I2C_STATE), A
160A:         	I2C_OK:
160A: 217D16  	    LD  HL, MSG_OK
160D: CD9304  	    CALL PUTS
1610: C9      	    RET
              	
1611:         	I2C_BAD_SYNTAX:
1611: 216B16  	    LD  HL, MSG_SYNTAX
1614: CD9304  	    CALL PUTS
1617: C9      	    RET
              	
              	
              	
              	
              	
              	
              	
              	
              	
              	
              	
              	
              	
              	
              	
              	
              	; ============================================================
              	;  STRINGS
              	; ============================================================
              	
1618:         	MSG_I2C_NOACK:
1618: 4932433A	    DB "I2C: sem ACK do device.", CR, NUL
161C: 2073656D	
1620: 2041434B	
1624: 20646F20	
1628: 64657669	
162C: 63652E0D	
1630: 00      	
              	
1631:         	MSG_PROMPT:
1631: 0D0A3E20	            DB   CR, LF, "> ", NUL
1635: 00      	
              	
1636:         	MSG_UNKNOWN:
1636: 436F6D61	            DB   "Comando desconhecido. Digite H.", CR, NUL
163A: 6E646F20	
163E: 64657363	
1642: 6F6E6865	
1646: 6369646F	
164A: 2E204469	
164E: 67697465	
1652: 20482E0D	
1656: 00      	
              	
1657:         	MSG_BAD_ADDR:
1657: 456E6465	            DB   "Endereco invalido.", CR, NUL
165B: 7265636F	
165F: 20696E76	
1663: 616C6964	
1667: 6F2E0D00	
              	
166B:         	MSG_SYNTAX:
166B: 4572726F	            DB   "Erro de sintaxe.", CR, NUL
166F: 20646520	
1673: 73696E74	
1677: 6178652E	
167B: 0D00    	
              	
167D:         	MSG_OK:
167D: 4F4B0D00	            DB   "OK", CR, NUL
              	
1681:         	MSG_LOAD_HINT:
1681: 44696769	            DB   "Digite bytes hex por linha. Linha vazia para encerrar.", CR, NUL
1685: 74652062	
1689: 79746573	
168D: 20686578	
1691: 20706F72	
1695: 206C696E	
1699: 68612E20	
169D: 4C696E68	
16A1: 61207661	
16A5: 7A696120	
16A9: 70617261	
16AD: 20656E63	
16B1: 65727261	
16B5: 722E0D00	
              	
16B9: 436F6D61	MSG_HELP_L0:    DB   "Comandos:", CR
16BD: 6E646F73	
16C1: 3A0D    	
16C3: 2048202F	MSG_HELP_L1:    DB   " H / ?", CR
16C7: 203F0D  	
16CA: 20434C53	MSG_HELP_L2:    DB   " CLS", CR
16CE: 0D      	
16CF: 2044554D	MSG_HELP_L3:    DB   " DUMP xxxx", CR
16D3: 50207878	
16D7: 78780D  	
16DA: 20575249	MSG_HELP_L4:    DB   " WRITE xxxx", CR
16DE: 54452078	
16E2: 7878780D	
16E6: 20454449	MSG_HELP_L5:    DB   " EDIT xxxx", CR
16EA: 54207878	
16EE: 78780D  	
16F1: 204F5554	MSG_HELP_L6:    DB   " OUT pp dd", CR
16F5: 20707020	
16F9: 64640D  	
16FC: 20494E20	MSG_HELP_L7:    DB   " IN  pp", CR
1700: 2070700D	
1704: 204A554D	MSG_HELP_L8:    DB   " JUMP xxxx", CR
1708: 50207878	
170C: 78780D  	
170F: 2043414C	MSG_HELP_L9:    DB   " CALL xxxx", CR
1713: 4C207878	
1717: 78780D  	
171A: 202E2028	MSG_HELP_L10:   DB   " . (no EDIT)", CR
171E: 6E6F2045	
1722: 44495429	
1726: 0D      	
1727: 20494845	MSG_HELP_L11:   DB   " IHEX - Load Serial", CR
172B: 58202D20	
172F: 4C6F6164	
1733: 20536572	
1737: 69616C0D	
173B: 20493243	MSG_HELP_L12:   DB   " I2CLIST - List Devs", CR
173F: 4C495354	
1743: 202D204C	
1747: 69737420	
174B: 44657673	
174F: 0D      	
1750: 20444952	MSG_HELP_L13:   DB   " DIR - List files", CR
1754: 202D204C	
1758: 69737420	
175C: 66696C65	
1760: 730D    	
1762: 2052554E	MSG_HELP_L14:   DB   " RUN - Exec file", CR
1766: 202D2045	
176A: 78656320	
176E: 66696C65	
1772: 0D      	
1773: 20534156	MSG_HELP_L15:   DB   " SAVE - Save file", CR
1777: 45202D20	
177B: 53617665	
177F: 2066696C	
1783: 650D    	
1785: 2044454C	MSG_HELP_L16:   DB   " DEL - Delete file", CR
1789: 202D2044	
178D: 656C6574	
1791: 65206669	
1795: 6C650D  	
1798: 20464F52	MSG_HELP_L17:   DB   " FORMAT - Format eeprom", CR
179C: 4D415420	
17A0: 2D20466F	
17A4: 726D6174	
17A8: 20656570	
17AC: 726F6D0D	
17B0: 204C4F41	MSG_HELP_L18:   DB   " LOAD - Load file", CR
17B4: 44202D20	
17B8: 4C6F6164	
17BC: 2066696C	
17C0: 650D    	
17C2: 20424153	MSG_HELP_L19:   DB   " BASIC - Cold basic", CR
17C6: 4943202D	
17CA: 20436F6C	
17CE: 64206261	
17D2: 7369630D	
17D6: 20574241	MSG_HELP_L20:   DB   " WBASIC - Warm basic", CR
17DA: 53494320	
17DE: 2D205761	
17E2: 726D2062	
17E6: 61736963	
17EA: 0D      	
17EB: 20493243	MSG_HELP_L21:   DB   " I2C aa [Wdd][Rnn]..", CR
17EF: 20616120	
17F3: 5B576464	
17F7: 5D5B526E	
17FB: 6E5D2E2E	
17FF: 0D      	
1800: 204D4B44	MSG_HELP_L22:   DB   " MKDIR folderName", CR
1804: 49522066	
1808: 6F6C6465	
180C: 724E616D	
1810: 650D    	
1812: 20524D44	MSG_HELP_L23:   DB   " RMDIR folderName", CR
1816: 49522066	
181A: 6F6C6465	
181E: 724E616D	
1822: 650D    	
1824: 20434420	MSG_HELP_L24:   DB   " CD folderName", CR
1828: 666F6C64	
182C: 65724E61	
1830: 6D650D  	
1833: 20434420	MSG_HELP_L25:   DB   " CD ~  Back to Home", CR
1837: 7E202042	
183B: 61636B20	
183F: 746F2048	
1843: 6F6D650D	
1847: 20464449	MSG_HELP_L26:   DB   " FDISK InfoDsk I2C", CR
184B: 534B2049	
184F: 6E666F44	
1853: 736B2049	
1857: 32430D  	
              	#include "IHEX.asm"
              	
              	
185A:         	loadInit:
185A: 3EFF    	    LD A, $FF
185C: 32FFFB  	    LD (LOAD_FIRST_FLAG), A
              	
185F: 211E1A  	    LD HL, MSG_LOAD_HELP
1862: CDBF19  	    CALL SERIAL_A_PRINT_STRING
              	
1865: 11201A  	    LD DE, MSG_LOAD_HELP_LCD
1868: CD6A08  	    CALL sendStringToLCD
              	
186B:         	loopHexLoad:
186B: CDB910  	    CALL RXDATA
              	
186E: FE3A    	    CP   ':'	; ":"?
1870: 20F9    		JR   NZ, loopHexLoad ; Aguarda :
              	
              	    ; Só inicializa o flag se for a primeira linha do carregamento
1872: 3AFFFB  		LD   A, (LOAD_FIRST_FLAG)
1875: FEFF    		CP   $FF                    ; $FF = virgem / sessão nova
1877: 2005    		JR   NZ, monitor_do_load    ; já está no meio de um carregamento
1879: 3E01    		LD   A, $01
187B: 32FFFB  		LD   (LOAD_FIRST_FLAG), A   ; sinaliza: próximo LOAD é o primeiro
              	
187E:         	monitor_do_load:
187E: CD8F18  		CALL    LOAD
1881: CDC819  		CALL SERIAL_A_TXCRLF
1884: C36B18  	    JP loopHexLoad
              	
              	
1887:         	CALL_IHEX:
1887: 21CE02  		LD HL, MAIN_LOOP
188A: E5      		PUSH HL
188B: CD5A18  		CALL loadInit
188E: C9      		RET
              	
              	;------------------------------------------------------------------------------
              	; LOAD Intel Hex format file from the console.
              	; [Intel Hex Format is:
              	; 1) Colon (Frame 0)
              	; 2) Record Length Field (Frames 1 and 2)
              	; 3) Load Address Field (Frames 3,4,5,6)
              	; 4) Record Type Field (Frames 7 and 8)
              	; 5) Data Field (Frames 9 to 9+2*(Record Length)-1
              	; 6) Checksum Field - Sum of all byte values from Record Length to and 
              	;   including Checksum Field = 0 ]
              	;------------------------------------------------------------------------------	
188F:         	LOAD:
188F: 1E00    			LD   E,0	        ; Zera checksum
1891: CD6D19  			CALL GET2	        ; Record Length -> D
1894: 57      			LD   D,A
1895: CD6D19  			CALL GET2	        ; Endereco High -> H
1898: 67      			LD   H,A
1899: CD6D19  			CALL GET2	        ; Endereco Low -> L
189C: 6F      			LD   L,A
189D: CD6D19  			CALL GET2	        ; Record Type -> A
18A0: FE01    			CP   $01	        ; EOF record?
18A2: 2009    			JR   NZ,LOAD2	    ; Nao: processa dados
              	
              			; --- Record tipo 01: EOF ---
18A4: CD6D19  			CALL GET2	        ; Consome checksum do EOF
18A7: 7B      			LD   A,E
18A8: A7      			AND  A
18A9: 2839    			JR   Z,LOAD00       ; Checksum OK: imprime resumo
18AB: 1829    			JR   LOADERR        ; Checksum falhou
              	
              			; --- Record tipo 00: Dados ---
18AD:         	LOAD2:
              			; Salva endereco inicial apenas na primeira linha
18AD: 3AFFFB  			LD   A, (LOAD_FIRST_FLAG)
18B0: FE01    			CP   $01                    ; e a primeira linha?
18B2: 2008    			JR   NZ, LOAD2_SKIP
18B4: 3E00    			LD   A, $00
18B6: 32FFFB  			LD   (LOAD_FIRST_FLAG), A   ; limpa flag
18B9: 2200FC  			LD   (LOAD_START_ADDR), HL  ; salva endereco inicial
              	
18BC:         	LOAD2_SKIP:
18BC: 7A      			LD   A,D	        ; Contador de bytes da linha
18BD: A7      			AND  A
18BE: 280D    			JR   Z,LOAD3
              	
18C0: CD6D19  			CALL GET2	        ; Le proximo byte
18C3: 77      			LD   (HL),A	        ; Grava na memoria
18C4: 23      			INC  HL
18C5: 3E2E    			LD   A,'.'
18C7: CD8C10  			CALL OUTCH
18CA: 15      			DEC  D
18CB: 18EF    			JR   LOAD2_SKIP     ; (continua pelo loop sem re-checar o flag)
              	
18CD:         	LOAD3:
18CD: 2202FC  			LD   (LOAD_END_ADDR), HL    ; Atualiza endereco final (apos ultimo byte)
18D0: CD6D19  			CALL GET2	                ; Consome checksum da linha
18D3: 7B      			LD   A,E
18D4: A7      			AND  A
18D5: C8      			RET  Z                      ; Checksum OK: volta pro monitor
              	
18D6:         	LOADERR:
18D6: 21D319  			LD   HL,CKSUMERR
18D9: CDBF19  			CALL SERIAL_A_PRINT_STRING
              	
              	        ;LCD
18DC: 11D319  	        LD   DE, CKSUMERR
18DF: CD6A08  	        CALL sendStringToLCD
              	
18E2: E1      	        POP HL
              	
18E3: C9      			RET
              	
18E4:         	LOAD00:
              			; --- Imprime resumo do carregamento ---
18E4: 21E419  			LD   HL, LDETXT
18E7: CDBF19  			CALL SERIAL_A_PRINT_STRING
              	
18EA: 21031A  			LD   HL, msg_load_start
18ED: CDBF19  			CALL SERIAL_A_PRINT_STRING
18F0: 2A00FC  			LD   HL, (LOAD_START_ADDR)
18F3: CD9719  			CALL SERIAL_A_PRINT_HL_HEX
18F6: CDC819  			CALL SERIAL_A_TXCRLF
              	
18F9: 210C1A  			LD   HL, msg_load_end
18FC: CDBF19  			CALL SERIAL_A_PRINT_STRING
18FF: 2A02FC  			LD   HL, (LOAD_END_ADDR)
1902: 2B      			DEC  HL                     ; aponta para o ultimo byte gravado
1903: CD9719  			CALL SERIAL_A_PRINT_HL_HEX
1906: CDC819  			CALL SERIAL_A_TXCRLF
              	
1909: 21151A  			LD   HL, msg_load_total
190C: CDBF19  			CALL SERIAL_A_PRINT_STRING
190F: ED5B00FC			LD   DE, (LOAD_START_ADDR)
1913: 2A02FC  			LD   HL, (LOAD_END_ADDR)
1916: B7      			OR   A                      ; limpa carry flag
1917: ED52    			SBC  HL, DE                 ; HL = total de bytes
1919: CD9719  			CALL SERIAL_A_PRINT_HL_HEX
191C: CDC819  			CALL SERIAL_A_TXCRLF
              	
              	        ; Mostra status no lcd
191F: 11FD19  	        LD   DE, LDETXTLCD
1922: CD6A08  	        CALL sendStringToLCD
              	
1925: 11031A  	        LD   DE, msg_load_start
1928: 3E00    	        LD   A, 0
192A: CD6A08  			CALL sendStringToLCD
192D: 2A00FC  			LD   HL, (LOAD_START_ADDR)
1930: CDAE08  			CALL sendHLToLCD
1933: CDA304  			CALL CRLF
              	
1936: 110C1A  			LD   DE, msg_load_end
1939: 3E00    	        LD   A, 0
193B: CD6A08  			CALL sendStringToLCD
193E: 2A02FC  			LD   HL, (LOAD_END_ADDR)
1941: 2B      			DEC  HL                     ; aponta para o ultimo byte gravado
1942: CDAE08  			CALL sendHLToLCD
1945: CDA304  			CALL CRLF
              	
1948: 11151A  			LD   DE, msg_load_total
194B: 3E00    	        LD   A, 0
194D: CD6A08  			CALL sendStringToLCD
1950: ED5B00FC			LD   DE, (LOAD_START_ADDR)
1954: 2A02FC  			LD   HL, (LOAD_END_ADDR)
1957: B7      			OR   A                      ; limpa carry flag
1958: ED52    			SBC  HL, DE                 ; HL = total de bytes
195A: CDAE08  			CALL sendHLToLCD
              	
195D: CDA304  	        CALL CRLF
              	
1960: E1      	        POP HL 
1961: C9      			RET
              	
              	
              	
              	
              	;------------------------------------------------------------------------------
              	; Get a character from the console, must be $20-$7F to be valid (no control characters)
              	; <Ctrl-c> and <SPACE> breaks with the Zero Flag set
              	;------------------------------------------------------------------------------	
1962: CD9210  	GETCHR_S:	CALL INCH	; RX a Character
1965: FE03    			CP   $03	; <ctrl-c> User break?
1967: C8      			RET  Z			
1968: FE20    			CP   $20	; <space> or better?
196A: 38F6    			JR   C,GETCHR_S	; Do it again until we get something usable
196C: C9      			RET
              	
              	;------------------------------------------------------------------------------
              	; Gets two ASCII characters from the console (assuming them to be HEX 0-9 A-F)
              	; Moves them into B and C, converts them into a byte value in A and updates a
              	; Checksum value in E
              	;------------------------------------------------------------------------------
196D: CD6219  	GET2:   CALL GETCHR_S	; Get us a valid character to work with
1970: 47      			LD   B,A	; Load it in B
1971: CD6219  			CALL GETCHR_S	; Get us another character
1974: 4F      			LD   C,A	; load it in C
1975: CD7E19  			CALL BCTOA	; Convert ASCII to byte
1978: 4F      			LD   C,A	; Build the checksum
1979: 7B      			LD   A,E
197A: 91      			SUB  C		; The checksum should always equal zero when checked
197B: 5F      			LD   E,A	; Save the checksum back where it came from
197C: 79      			LD   A,C	; Retrieve the byte and go back
197D: C9      			RET
              	
              	;------------------------------------------------------------------------------
              	; Convert ASCII characters in B C registers to a byte value in A
              	;------------------------------------------------------------------------------
197E: 78      	BCTOA		LD   A,B	; Move the hi order byte to A
197F: D630    			SUB  $30	; Take it down from Ascii
1981: FE0A    			CP   $0A	; Are we in the 0-9 range here?
1983: 3802    			JR   C,BCTOA1	; If so, get the next nybble
1985: D607    			SUB  $07	; But if A-F, take it down some more
1987: 07      	BCTOA1		RLCA		; Rotate the nybble from low to high
1988: 07      			RLCA		; One bit at a time
1989: 07      			RLCA		; Until we
198A: 07      			RLCA		; Get there with it
198B: 47      			LD   B,A	; Save the converted high nybble
198C: 79      			LD   A,C	; Now get the low order byte
198D: D630    			SUB  $30	; Convert it down from Ascii
198F: FE0A    			CP   $0A	; 0-9 at this point?
1991: 3802    			JR   C,BCTOA2	; Good enough then, but
1993: D607    			SUB  $07	; Take off 7 more if it's A-F
1995: 80      	BCTOA2		ADD  A,B	; Add in the high order nybble
1996: C9      			RET
              	
              	;------------------------------------------------------------------------------
              	; Imprime HL como 4 digitos hexadecimais
              	; Ex: HL=$80FF -> imprime "80FF"
              	;------------------------------------------------------------------------------
1997:         	SERIAL_A_PRINT_HL_HEX:
1997: 7C      			LD   A, H
1998: CDA019  			CALL SERIAL_A_PRINT_A_HEX
199B: 7D      			LD   A, L
199C: CDA019  			CALL SERIAL_A_PRINT_A_HEX
199F: C9      			RET
              	
              	
              	;------------------------------------------------------------------------------
              	; Imprime byte em A como 2 digitos hexadecimais
              	;------------------------------------------------------------------------------
19A0:         	SERIAL_A_PRINT_A_HEX:
19A0: F5      			PUSH AF
19A1: 0F      			RRCA
19A2: 0F      			RRCA
19A3: 0F      			RRCA
19A4: 0F      			RRCA
19A5: CDAD19  			CALL SERIAL_A_PRINT_NIBBLE
19A8: F1      			POP  AF
19A9: CDAD19  			CALL SERIAL_A_PRINT_NIBBLE
19AC: C9      			RET
              	
19AD:         	SERIAL_A_PRINT_NIBBLE:
19AD: E60F    			AND  $0F
19AF: FE0A    			CP   $0A
19B1: 3806    			JR   C, SERIAL_A_PRINT_NIBBLE_09
19B3: C637    			ADD  A, $37             ; A-F  ('A'=41h, 41h-0Ah=37h)
19B5: CD8C10  			CALL OUTCH
19B8: C9      			RET
19B9:         	SERIAL_A_PRINT_NIBBLE_09:
19B9: C630    			ADD  A, $30             ; 0-9
19BB: CD8C10  			CALL OUTCH
19BE: C9      			RET
              	
              	
              	;------------------------------------------------------------------------------
              	; Print string of characters to Serial A until byte=$00, WITH CR, LF
              	;------------------------------------------------------------------------------
19BF:         	SERIAL_A_PRINT_STRING:
19BF: 7E      	        LD   A,(HL)	; Get character
19C0: B7      			OR   A		; Is it $00 ?
19C1: C8      			RET  Z		; Then RETurn on terminator
19C2: CD8C10  			CALL OUTCH	; Print it
19C5: 23      			INC  HL		; Next Character
19C6: 18F7    			JR   SERIAL_A_PRINT_STRING	; Continue until $00
              	
19C8: 3E0D    	SERIAL_A_TXCRLF:	LD   A,$0D	; 
19CA: CD8C10  			CALL OUTCH	; Print character 
19CD: 3E0A    			LD   A,$0A	; 
19CF: CD8C10  			CALL OUTCH	; Print character
19D2: C9      			RET
              	
              	
              	
19D3:         	CKSUMERR:
19D3: 43686563			.db	"Checksum error"
19D7: 6B73756D	
19DB: 20657272	
19DF: 6F72    	
19E1: 0D0A00  			.db	CR, LF,$00
              	
19E4:         	LDETXT:
19E4: 43617272			.db	"Carregamento completo."
19E8: 6567616D	
19EC: 656E746F	
19F0: 20636F6D	
19F4: 706C6574	
19F8: 6F2E    	
19FA: 0D0A00  			.db	CR, LF, $00
              	
19FD:         	LDETXTLCD:
19FD: 4F4B2E2E			.db	"OK..."
1A01: 2E      	
1A02: 0D      			.db	CR
              	
              	
1A03:         	msg_load_start:
1A03: 496E6963			.db	"Inicio: "
1A07: 696F3A20	
1A0B: 00      			.db	$00
              	
1A0C:         	msg_load_end:
1A0C: 46696D3A			.db	"Fim:    "
1A10: 20202020	
1A14: 00      			.db	$00
              	
1A15:         	msg_load_total:
1A15: 546F7461			.db	"Total:  "
1A19: 6C3A2020	
1A1D: 00      			.db	$00
              	
1A1E: 0D0A    	MSG_LOAD_HELP:          .db	CR, LF
1A20: 41677561	MSG_LOAD_HELP_LCD:		.db	"Aguardando envio...", CR, LF
1A24: 7264616E	
1A28: 646F2065	
1A2C: 6E76696F	
1A30: 2E2E2E0D	
1A34: 0A      	
1A35: 3A6E6E6E			                .db	":nnnnnn...  - Load Intel-Hex file record", CR, LF, $00
1A39: 6E6E6E2E	
1A3D: 2E2E2020	
1A41: 2D204C6F	
1A45: 61642049	
1A49: 6E74656C	
1A4D: 2D486578	
1A51: 2066696C	
1A55: 65207265	
1A59: 636F7264	
1A5D: 0D0A00  	
              	#include "I2C.asm"
              	; **********************************************************************
              	; I2C support functions
              	
              	; I2C bus open device
              	;   On entry: A = Device address (bit zero is read flag)
              	;             SCL = unknown, SDA = unknown
              	;   On exit:  If successfully A = 0 and Z flagged
              	;             If unsuccessfully A = Error and NZ flagged
              	;             BC DE HL IX IY preserved
1A60: F5      	I2C_Open:   PUSH AF
1A61: CDDE1A  	            CALL I2C_Start      ;Output start condition
1A64: F1      	            POP  AF
1A65: 180D    	            JR   I2C_Write      ;Write data byte
              	
              	
              	; I2C bus close device
              	;   On entry: SCL = unknown, SDA = unknown
              	;   On exit:  If successfully A=0 and Z flagged
              	;             If unsuccessfully A=Error and NZ flagged
              	;             SCL = hi, SDA = hi
              	;             BC DE HL IX IY preserved
1A67: C3E91A  	I2C_Close:  JP   I2C_Stop       ;Output stop condition
              	
              	
              	; I2C bus open read device
              	;   On entry: A = Device address
              	;             SCL = unknown, SDA = unknown
              	;   On exit:  If successfully A = 0 and Z flagged
              	;             If unsuccessfully A = Error and NZ flagged
              	;             BC DE HL IX IY preserved
1A6A:         	I2C_OpenRead:   
1A6A: CB37    	            SLL A
1A6C: C3601A  	            JP I2C_Open
              	
              	
              	; I2C bus open write device
              	;   On entry: A = Device address 
              	;             SCL = unknown, SDA = unknown
              	;   On exit:  If successfully A = 0 and Z flagged
              	;             If unsuccessfully A = Error and NZ flagged
              	;             BC DE HL IX IY preserved
1A6F:         	I2C_OpenWrite:   
1A6F: CB27    	            SLA     A
1A71: C3601A  	            JP I2C_Open
              	
              	; **********************************************************************
              	; **********************************************************************
              	; I2C bus master driver
              	; **********************************************************************
              	; **********************************************************************
              	
              	; Functions provided are:
              	;     I2C_Start
              	;     I2C_Stop
              	;     I2C_Read
              	;     I2C_Write
              	;
              	; This code has delays between all I/O operations to ensure it works
              	; with the slowest I2C devices
              	;
              	; I2C transfer sequence
              	;   +-------+  +---------+  +---------+     +---------+  +-------+
              	;   | Start |  | Address |  | Data    | ... | Data    |  | Stop  |
              	;   |       |  | frame   |  | frame 1 |     | frame N |  |       |
              	;   +-------+  +---------+  +---------+     +---------+  +-------+
              	;
              	;
              	; Start condition                     Stop condition
              	; Output by master device             Output by master device
              	;       ----+                                      +----
              	; SDA       |                         SDA          |
              	;           +-------                        -------+
              	;       -------+                                +-------
              	; SCL          |                      SCL       |
              	;              +----                        ----+
              	;
              	;
              	; Address frame
              	; Clock and data output from master device
              	; Receiving device outputs acknowledge 
              	;        +-----+-----+-----+-----+-----+-----+-----+-----+     +---+
              	; SDA    | A 7 | A 6 | A 5 | A 4 | A 3 | A 2 | A 1 | R/W | ACK |   |
              	;     ---+-----+-----+-----+-----+-----+-----+-----+-----+-----+   +---
              	;          +-+   +-+   +-+   +-+   +-+   +-+   +-+   +-+   +-+
              	; SCL      | |   | |   | |   | |   | |   | |   | |   | |   | |
              	;     -----+ +---+ +---+ +---+ +---+ +---+ +---+ +---+ +---+ +---------
              	;
              	;
              	; Data frame 
              	; Clock output by master device
              	; Data output by transmitting device
              	; Receiving device outputs acknowledge 
              	;        +-----+-----+-----+-----+-----+-----+-----+-----+     +---+
              	; SDA    | D 7 | D 6 | D 5 | D 4 | D 3 | D 2 | D 1 | D 0 | ACK |   |
              	;     ---+-----+-----+-----+-----+-----+-----+-----+-----+-----+   +---
              	;          +-+   +-+   +-+   +-+   +-+   +-+   +-+   +-+   +-+
              	; SCL      | |   | |   | |   | |   | |   | |   | |   | |   | |
              	;     -----+ +---+ +---+ +---+ +---+ +---+ +---+ +---+ +---+ +---------
              	;
              	
              	
              	; **********************************************************************
              	; I2C constants
              	
              	
              	; I2C bus master interface
              	; The default device option is for SC126 or compatible
              	
0021:         	I2C_PORT:   .EQU $21           ;Host I2C port address
0007:         	I2C_SDA_WR: .EQU 7              ;Host I2C write SDA bit number
0007:         	I2C_SDA_RD: .EQU 7              ;Host I2C read SDA bit number
0000:         	I2C_SCL_WR: .EQU 0              ;Host I2C write SCL bit number
0000:         	I2C_SCL_RD: .EQU 0              ;Host I2C read SCL bit number 
0081:         	I2C_QUIES:  .EQU 0b10000001     ;Host I2C output port quiescent value
              	
              	
              	; I2C support constants
0000:         	ERR_NONE:   .EQU 0              ;Error = None
0001:         	ERR_JAM:    .EQU 1              ;Error = Bus jammed [not used]
0002:         	ERR_NOACK:  .EQU 2              ;Error = No ackonowledge
0003:         	ERR_TOUT:   .EQU 3              ;Error = Timeout
              	
              	
              	; **********************************************************************
              	; Hardware dependent I2C bus functions
              	
              	
              	; I2C bus transmit frame (address or data)
              	;   On entry: A = Data byte, or
              	;                 Address byte (bit zero is read flag)
              	;             SCL = low, SDA = low
              	;   On exit:  If successful A=0 and Z flagged
              	;                SCL = lo, SDA = lo
              	;             If unsuccessful A=Error and NZ flagged
              	;                SCL = high, SDA = high, I2C closed
              	;             BC DE HL IX IY preserved
1A74: C5      	I2C_Write:  PUSH BC             ;Preserve registers
1A75: D5      	            PUSH DE
1A76: 57      	            LD   D,A            ;Store byte to be written
1A77: 0608    	            LD   B,8            ;8 data bits, bit 7 first
1A79: CB12    	I2C_WriteWr_Loop:   RL   D              ;Test M.S.Bit
1A7B: 3805    	            JR   C,I2C_WriteBit_Hi      ;High, so skip
1A7D: CD101B  	            CALL I2C_SDA_LO     ;SDA low   (SCL lo, SDA = data bit)
1A80: 1803    	            JR   I2C_WriteBit_Clk
1A82: CD091B  	I2C_WriteBit_Hi:    CALL I2C_SDA_HI     ;SDA high  (SCL lo, SDA = data bit)
1A85: CDFB1A  	I2C_WriteBit_Clk:   CALL I2C_SCL_HI     ;SCL high  (SCL hi, SDA = data bit)
1A88: CD021B  	            CALL I2C_SCL_LO     ;SCL low   (SCL lo, SDA = data bit)
1A8B: 10EC    	            DJNZ I2C_WriteWr_Loop
              	; Test for acknowledge from slave (receiver)
              	; On arriving here, SCL = lo, SDA = data bit
1A8D: CD091B  	            CALL I2C_SDA_HI     ;SDA high  (SCL lo, SDA hi/ack)
1A90: CDFB1A  	            CALL I2C_SCL_HI     ;SCL high  (SCL hi, SDA hi/ack)
1A93: CD211B  	            CALL I2C_RdPort     ;Read SDA input
1A96: 47      	            LD   B,A
1A97: CD021B  	            CALL I2C_SCL_LO     ;SCL low   (SCL lo, SDA = hi)
1A9A: CB78    	            BIT  I2C_SDA_RD,B
1A9C: 2004    	            JR   NZ,I2C_WriteNoAck      ;Skip if no acknowledge
1A9E: D1      	            POP  DE             ;Restore registers
1A9F: C1      	            POP  BC
1AA0: AF      	            XOR  A              ;Return success A=0 and Z flagged
1AA1: C9      	            RET
              	; I2C STOP required as no acknowledge
              	; On arriving here, SCL = lo, SDA = hi
1AA2: CD101B  	I2C_WriteNoAck:     CALL I2C_SDA_LO     ;SDA low   (SCL lo, SDA = lo)
1AA5: CDFB1A  	            CALL I2C_SCL_HI     ;SCL high  (SCL hi, SDA = lo)
1AA8: CD091B  	            CALL I2C_SDA_HI     ;SDA low   (SCL hi, SDA = hi)
1AAB: D1      	            POP  DE             ;Restore registers
1AAC: C1      	            POP  BC
1AAD: 3E02    	            LD   A,ERR_NOACK    ;Return error = No Acknowledge
1AAF: B7      	            OR   A              ;  and NZ flagged
1AB0: C9      	            RET
              	
              	
              	; I2C bus receive frame (data)
              	;   On entry: A = Acknowledge flag
              	;               If A != 0 the read is acknowledged
              	;             SCL low, SDA low
              	;   On exit:  If successful A = data byte and Z flagged
              	;               SCL = low, SDA = low
              	;             If unsuccessul* A = Error and NZ flagged
              	;               SCL = low, SDA = low
              	;             BC DE HL IX IY preserved
              	; *This function always returns successful
1AB1: C5      	I2C_Read:   PUSH BC             ;Preserve registers
1AB2: D5      	            PUSH DE
1AB3: 5F      	            LD   E,A            ;Store acknowledge flag
1AB4: 0608    	            LD   B,8            ;8 data bits, 7 first
1AB6: CD091B  	            CALL I2C_SDA_HI     ;SDA high  (SCL lo, SDA hi/input)
1AB9: CDFB1A  	I2C_ReadRd_Loop:   CALL I2C_SCL_HI     ;SCL high  (SCL hi, SDA hi/input)
1ABC: CD211B  	            CALL I2C_RdPort     ;Read SDA input bit
1ABF: 37      	            SCF                 ;Set carry flag
1AC0: CB7F    	            BIT  I2C_SDA_RD,A   ;SDA input high?
1AC2: 2001    	            JR   NZ, I2C_ReadRotate     ;Yes, skip with carry flag set
1AC4: 3F      	            CCF                 ;Clear carry flag
1AC5: CB12    	I2C_ReadRotate:    RL   D              ;Rotate result into D
1AC7: CD021B  	            CALL I2C_SCL_LO     ;SCL low   (SCL lo, SDA hi/input)
1ACA: 10ED    	            DJNZ  I2C_ReadRd_Loop       ;Repeat for all 8 bits
              	; Acknowledge input byte
              	; On arriving here, SCL = lo, SDA = hi/input
1ACC: 7B      	            LD   A,E            ;Get acknowledge flag
1ACD: B7      	            OR   A              ;A = 0? (indicates no acknowledge)
1ACE: 2803    	            JR   Z, I2C_ReadNoAck       ;Yes, so skip acknowledge
1AD0: CD101B  	            CALL I2C_SDA_LO     ;SDA low   (SCL lo, SDA lo)
1AD3: CDFB1A  	I2C_ReadNoAck:     CALL I2C_SCL_HI     ;SCL hi    (SCL hi, SDA lo)
1AD6: CD021B  	            CALL I2C_SCL_LO     ;SCL low   (SCL lo, SDA lo)
1AD9: 7A      	            LD   A,D            ;Get data byte received
1ADA: D1      	            POP  DE             ;Restore registers
1ADB: C1      	            POP  BC
1ADC: BF      	            CP   A              ;Return success Z flagged
1ADD: C9      	            RET
              	
              	
              	; I2C bus start
              	;   On entry: SCL = unknown, SDA = unknown
              	;   On exit:  SCL = low, SDA = low
              	;             A = 0 and Z flagged as we always succeed
              	;             BC DE HL IX IY preserved
              	; First ensure SDA and SCL are high
1ADE: CDF71A  	I2C_Start:  CALL I2C_INIT       ;Initialise I2C control port
              	;           CALL I2C_SCL_HI     ;SCL high  (SCL hi, SDA ??)
              	;           CALL I2C_SDA_HI     ;SDA high  (SCL hi, SDA hi)
              	; Generate I2C start condition
1AE1: CD101B  	            CALL I2C_SDA_LO     ;SDA low   (SCL hi, SDA lo)
1AE4: CD021B  	            CALL I2C_SCL_LO     ;SCL low   (SCL lo, SDA lo)
1AE7: AF      	            XOR  A              ;Return success A=0 and Z flagged
1AE8: C9      	            RET
              	
              	
              	; I2C bus stop 
              	;   On entry: SCL = unknown, SDA = unknown
              	;   On exit:  SCL = high, SDA = high
              	;             A = 0 and Z flagged as we always succeed
              	;             BC DE HL IX IY preserved
              	; First ensure SDA and SCL are low
1AE9: CD101B  	I2C_Stop:   CALL I2C_SDA_LO     ;SDA low   (SCL hi, SDA lo)
1AEC: CD021B  	            CALL I2C_SCL_LO     ;SCL low   (SCL lo, SDA lo)
              	; Generate stop condition
1AEF: CDFB1A  	            CALL I2C_SCL_HI     ;SCL high  (SCL hi, SDA lo)
1AF2: CD091B  	            CALL I2C_SDA_HI     ;SDA low   (SCL hi, SDA hi)
1AF5: AF      	            XOR  A              ;Return success A=0 and Z flagged
1AF6: C9      	            RET
              	
              	
              	; **********************************************************************
              	; I2C bus simple I/O functions
              	;   On entry: No parameters required
              	;   On exit:  BC DE HL IX IY preserved
              	
1AF7: 3E81    	I2C_INIT:   LD   A,I2C_QUIES    ;I2C control port quiescent value
1AF9: 181A    	            JR   I2C_WrPort
              	
1AFB: 3A05FC  	I2C_SCL_HI: LD   A,(I2C_RAMCPY)
1AFE: CBC7    	            SET  I2C_SCL_WR,A
1B00: 1813    	            JR   I2C_WrPort
              	
1B02: 3A05FC  	I2C_SCL_LO: LD   A,(I2C_RAMCPY)
1B05: CB87    	            RES  I2C_SCL_WR,A
1B07: 180C    	            JR   I2C_WrPort
              	
1B09: 3A05FC  	I2C_SDA_HI: LD   A,(I2C_RAMCPY)
1B0C: CBFF    	            SET  I2C_SDA_WR,A
1B0E: 1805    	            JR   I2C_WrPort
              	
1B10: 3A05FC  	I2C_SDA_LO: LD   A,(I2C_RAMCPY)
1B13: CBBF    	            RES  I2C_SDA_WR,A
              	
1B15: C5      	I2C_WrPort: PUSH BC             ;Preserve registers
1B16: 0600    	            LD   B,0            ;Set up BC for 16-bit
1B18: 0E21    	            LD   C,I2C_PORT     ;  I/O address of I2C port
1B1A: ED79    	            OUT  (C),A          ;Write A to I2C I/O port
1B1C: 3205FC  	            LD   (I2C_RAMCPY),A ;Write A to RAM copy
1B1F: C1      	            POP  BC             ;Restore registers
1B20: C9      	            RET
              	
1B21: C5      	I2C_RdPort: PUSH BC             ;Preserve registers
1B22: 0600    	            LD   B,0            ;Set up BC for 16-bit
1B24: 0E21    	            LD   C,I2C_PORT     ;  I/O address of I2C port
1B26: ED78    	            IN   A,(C)          ;Read A from I/O port
1B28: C1      	            POP  BC             ;Restore registers
1B29: C9      	            RET
              	
              	
1B2A: 202E3A20	I2C_LIST_MSG:    .DB " .: I2C devices :.",CR,0
1B2E: 49324320	
1B32: 64657669	
1B36: 63657320	
1B3A: 3A2E0D00	
              	
              	
              	
              	
              	
              	
              	
              	
              	
              	
              	
              	
              	
              	
              	
              	
              	
              	
              	
              	
              	
              	
              	
              	
              	
              	
              	
              	
              	
              	
              	
              	
              	
              	
              	
              	
              	;==============================================================================
              	;==============================================================================
              	;==============================================================================
              	;===================       FUNCTIONS    =======================================
              	;==============================================================================
              	;==============================================================================
              	
              	
              	
              	
              	; **********************************************************************
              	; List devices found on the I2C bus
              	;
              	; Test each I2C device address and reports any that acknowledge
              	
1B3E: 212A1B  	I2CLIST:    LD   HL, I2C_LIST_MSG        ;Address of message string
              	            ;XOR A ; A = character to stop printing.
1B41: CD9304  	            CALL PUTS         ;Output string
1B44: 1600    	            LD   D,0            ;First I2C device address to test
1B46: D5      	LISTLOOP:      PUSH DE             ;Preserve DE
1B47: 7A      	            LD   A,D            ;Get device address to be tested
1B48: CD9E1B  	            CALL LISTTEST          ;Test if device is present
1B4B: D1      	            POP  DE             ;Restore DE
1B4C: 2044    	            JR   NZ,LISTNEXT       ;Skip if no acknowledge
1B4E: 7A      	            LD   A,D            ;Get address of device tested
1B4F: CB3F    	            SRL  A     ; remove bit R/W
1B51: F5      	            PUSH AF
1B52: CD431D  	            CALL HexOut         ;Output as two character hex 
              	            ;LD A, ' '; space
              	            ;CALL PUTCHAR       ;Output space character
1B55: F1      	            POP AF
1B56: FE07    	            CP  $07
1B58: CCA71B  	            CALL Z, i2cPrintL07
1B5B: FE08    	            CP  $08
1B5D: CCAF1B  	            CALL Z, i2cPrintL08
1B60: FE32    	            CP  $32
1B62: CCB71B  	            CALL Z, i2cPrintL32
1B65: FE50    	            CP  $50
1B67: CCBF1B  	            CALL Z, i2cPrintL50
1B6A: FE51    	            CP  $51
1B6C: CCC71B  	            CALL Z, i2cPrintL51
1B6F: FE52    	            CP  $52
1B71: CCCF1B  	            CALL Z, i2cPrintL52
1B74: FE53    	            CP  $53
1B76: CCD71B  	            CALL Z, i2cPrintL53
1B79: FE54    	            CP  $54
1B7B: CCDF1B  	            CALL Z, i2cPrintL54
1B7E: FE55    	            CP  $55
1B80: CCE71B  	            CALL Z, i2cPrintL55
1B83: FE56    	            CP  $56
1B85: CCEF1B  	            CALL Z, i2cPrintL56
1B88: FE57    	            CP  $57
1B8A: CCF71B  	            CALL Z, i2cPrintL57
1B8D: 3E0D    	            LD A, CR; enter
1B8F: CD8704  	            CALL PUTCHAR       ;Output space character
1B92: 14      	LISTNEXT:      INC  D              ;Get next write address
1B93: 14      	            INC  D
1B94: 7A      	            LD   A,D            ;Address of next device to test
1B95: B7      	            OR   A              ;Have we tested all addresses?
1B96: 20AE    	            JR   NZ,LISTLOOP       ;No, so loop again
1B98: 3E0D    	            LD A, CR; enter
1B9A: CD8704  	            CALL PUTCHAR       ;Output space character
1B9D: C9      	            RET
              	
              	; Test if device at I2C address A acknowledges
              	;   On entry: A = I2C device address (8-bit, bit 0 = lo for write)
              	;   On exit:  Z flagged if device acknowledges
              	;             NZ flagged if devices does not acknowledge
1B9E: CD601A  	LISTTEST:      CALL I2C_Open       ;Open I2C device for write
1BA1: C0      	            RET  NZ             ;Abort if failed to open
1BA2: CD671A  	            CALL I2C_Close      ;Close I2C device 
1BA5: AF      	            XOR  A              ;Return with Z flagged
1BA6: C9      	            RET
              	
1BA7:         	i2cPrintL07:
1BA7: F5      	    PUSH AF
1BA8: D5      	    PUSH DE
1BA9: 21051C  	    LD   HL, I2C_LIST_07
1BAC: C3FF1B  	    JP i2cPrintPuts
              	
1BAF:         	i2cPrintL08:
1BAF: F5      	    PUSH AF
1BB0: D5      	    PUSH DE
1BB1: 21111C  	    LD   HL, I2C_LIST_08
1BB4: C3FF1B  	    JP i2cPrintPuts
              	
1BB7:         	i2cPrintL32:
1BB7: F5      	    PUSH AF
1BB8: D5      	    PUSH DE
1BB9: 211C1C  	    LD   HL, I2C_LIST_32
1BBC: C3FF1B  	    JP i2cPrintPuts
              	
1BBF:         	i2cPrintL50:
1BBF: F5      	    PUSH AF
1BC0: D5      	    PUSH DE
1BC1: 212E1C  	    LD   HL, I2C_LIST_50
1BC4: C3FF1B  	    JP i2cPrintPuts
              	
1BC7:         	i2cPrintL51:
1BC7: F5      	    PUSH AF
1BC8: D5      	    PUSH DE
1BC9: 213C1C  	    LD   HL, I2C_LIST_51
1BCC: C3FF1B  	    JP i2cPrintPuts
              	
1BCF:         	i2cPrintL52:
1BCF: F5      	    PUSH AF
1BD0: D5      	    PUSH DE
1BD1: 214A1C  	    LD   HL, I2C_LIST_52
1BD4: C3FF1B  	    JP i2cPrintPuts
              	
1BD7:         	i2cPrintL53:
1BD7: F5      	    PUSH AF
1BD8: D5      	    PUSH DE
1BD9: 21581C  	    LD   HL, I2C_LIST_53
1BDC: C3FF1B  	    JP i2cPrintPuts
              	
1BDF:         	i2cPrintL54:
1BDF: F5      	    PUSH AF
1BE0: D5      	    PUSH DE
1BE1: 21661C  	    LD   HL, I2C_LIST_54
1BE4: C3FF1B  	    JP i2cPrintPuts
              	
1BE7:         	i2cPrintL55:
1BE7: F5      	    PUSH AF
1BE8: D5      	    PUSH DE
1BE9: 21901C  	    LD   HL, I2C_LIST_55
1BEC: C3FF1B  	    JP i2cPrintPuts
              	
1BEF:         	i2cPrintL56:
1BEF: F5      	    PUSH AF
1BF0: D5      	    PUSH DE
1BF1: 21741C  	    LD   HL, I2C_LIST_56
1BF4: C3FF1B  	    JP i2cPrintPuts
              	
1BF7:         	i2cPrintL57:
1BF7: F5      	    PUSH AF
1BF8: D5      	    PUSH DE
1BF9: 21821C  	    LD   HL, I2C_LIST_57
1BFC: C3FF1B  	    JP i2cPrintPuts
              	
1BFF:         	i2cPrintPuts:
1BFF: CD9304  	    CALL PUTS
1C02: D1      	    POP DE
1C03: F1      	    POP AF
1C04: C9      	    RET
              	
              	
              	
1C05: 202D2041	I2C_LIST_07:    .DB " - ArduGame",0
1C09: 72647547	
1C0D: 616D6500	
1C11: 202D2041	I2C_LIST_08:    .DB " - ArduBox",0
1C15: 72647542	
1C19: 6F7800  	
1C1C: 202D2052	I2C_LIST_32:    .DB " - RTC Ricoh r223",0
1C20: 54432052	
1C24: 69636F68	
1C28: 20723232	
1C2C: 3300    	
1C2E: 202D2045	I2C_LIST_50:    .DB " - EE Drive A",0
1C32: 45204472	
1C36: 69766520	
1C3A: 4100    	
1C3C: 202D2045	I2C_LIST_51:    .DB " - EE Drive B",0
1C40: 45204472	
1C44: 69766520	
1C48: 4200    	
1C4A: 202D2045	I2C_LIST_52:    .DB " - EE Drive C",0
1C4E: 45204472	
1C52: 69766520	
1C56: 4300    	
1C58: 202D2045	I2C_LIST_53:    .DB " - EE Drive D",0
1C5C: 45204472	
1C60: 69766520	
1C64: 4400    	
1C66: 202D2045	I2C_LIST_54:    .DB " - EE Drive E",0
1C6A: 45204472	
1C6E: 69766520	
1C72: 4500    	
1C74: 202D2045	I2C_LIST_56:    .DB " - EE Drive F",0
1C78: 45204472	
1C7C: 69766520	
1C80: 4600    	
1C82: 202D2045	I2C_LIST_57:    .DB " - EE Drive G",0
1C86: 45204472	
1C8A: 69766520	
1C8E: 4700    	
1C90: 202D2045	I2C_LIST_55:    .DB " - EE Drive Z",0
1C94: 45204472	
1C98: 69766520	
1C9C: 5A00    	
              	
              	
              	
              	
              	
              	
              	
              	
              	
              	; Fill a block I2C memory
              	;   On entry: DE = First address in I2C memory
              	;             L = BYTE to Fill
              	;             BC = Number of bytes to be copied
              	;             SCL = unknown, SDA = unknown
              	;   On exit:  If successfully A = 0 and Z flagged
              	;             If unsuccessfully A = Error and NZ flagged
              	;             IX IY preserved
              	; pages.
1C9E: C5      	I2C_MemFill:  PUSH BC
1C9F: 011027  	            LD   BC,TIMEOUT     ;Timeout loop counter
1CA2:         	I2C_MemFillRepeat:    
1CA2: 3A04FC  	            LD   A, (I2CA_BLOCK)   ;I2C address to write to
1CA5: CD601A  	            CALL I2C_Open       ;Open for write
1CA8: 280A    	            JR   Z,I2C_MemFillReady       ;If open okay then skip on
1CAA: 0B      	            DEC  BC
1CAB: 78      	            LD   A,B
1CAC: B1      	            OR   C              ;Timeout?
1CAD: 20F3    	            JR   NZ,I2C_MemFillRepeat     ;No, so go try again
1CAF: C1      	            POP  BC
1CB0: 3E03    	            LD   A,ERR_TOUT     ;Error code
1CB2: B7      	            OR   A              ;Error, so NZ flagged
1CB3: C9      	            RET                 ;Return with error
              	; Device opened okay
1CB4: C1      	I2C_MemFillReady:     POP  BC             ;Restore byte counter
1CB5: 7A      	I2C_MemFillBlock:     LD   A,D            ;Address (hi) in I2C memory
1CB6: CD741A  	            CALL I2C_Write      ;Write address
1CB9: 7B      	            LD   A,E            ;Address (lo) in I2C memory
1CBA: CD741A  	            CALL I2C_Write      ;Write address
1CBD: 7D      	I2C_MemFillWrite:     LD   A, L         ;Get data byte to fill
1CBE: CD741A  	            CALL I2C_Write      ;Read byte from I2C memory
1CC1: 13      	            INC  DE             ;Increment I2C memory pointer
1CC2: 0B      	            DEC  BC             ;Decrement byte counter
1CC3: 78      	            LD   A,B
1CC4: B1      	            OR   C              ;Finished?
1CC5: 2805    	            JR   Z,I2C_MemFillStore       ;Yes, so go store this page
1CC7: 7B      	            LD   A,E            ;Get address in I2C memory (lo byte)
1CC8: E63F    	            AND  63             ;64 byte page boundary?
1CCA: 20F1    	            JR   NZ,I2C_MemFillWrite      ;No, so go write another byte
1CCC: CDE91A  	I2C_MemFillStore:     CALL I2C_Stop       ;Generate I2C stop
1CCF: 78      	            LD   A,B
1CD0: B1      	            OR   C              ;Finished?
1CD1: 20CB    	            JR   NZ,I2C_MemFill   ;No, so go write some more
1CD3: C9      	            RET  
              	
              	
              	
              	; Copy a block from I2C memory to CPU memory
              	;   On entry: DE = First address in I2C memory
              	;             HL = First address in CPU memory
              	;             BC = Number of bytes to be copied
              	;             SCL = unknown, SDA = unknown
              	;   On exit:  If successfully A = 0 and Z flagged
              	;             If unsuccessfully A = Error and NZ flagged
              	;             IX IY preserved
1CD4: C5      	I2C_MemRd:  PUSH BC
1CD5: 011027  	            LD   BC,TIMEOUT     ;Timeout loop counter
1CD8:         	I2C_MemRdRepeat:    
1CD8: 3A04FC  	            LD   A, (I2CA_BLOCK)   ;I2C address to write to
1CDB: CD601A  	            CALL I2C_Open       ;Open for write
1CDE: 280A    	            JR   Z,I2C_MemRdReady       ;If open okay then skip on
1CE0: 0B      	            DEC  BC
1CE1: 78      	            LD   A,B
1CE2: B1      	            OR   C              ;Timeout?
1CE3: 20F3    	            JR   NZ,I2C_MemRdRepeat     ;No, so go try again
1CE5: C1      	            POP  BC
1CE6: 3E03    	            LD   A,ERR_TOUT     ;Error code
1CE8: B7      	            OR   A              ;Error, so NZ flagged
1CE9: C9      	            RET                 ;Return with error
              	; Device opened okay
1CEA: C1      	I2C_MemRdReady:     POP  BC             ;Restore byte counter
1CEB: 7A      	            LD   A,D            ;Address (hi) in I2C memory
1CEC: CD741A  	            CALL I2C_Write      ;Write address
1CEF: 7B      	            LD   A,E            ;Address (lo) in I2C memory
1CF0: CD741A  	            CALL I2C_Write      ;Write address
1CF3: 3A04FC  	            LD   A, (I2CA_BLOCK) ;I2C device to be read from
1CF6: 3C      	            INC  A              ; Device read equal DeviceId+1
1CF7: CD601A  	            CALL I2C_Open       ;Open for read
1CFA: C0      	            RET  NZ             ;Abort if error
1CFB: 0B      	I2C_MemRdRead:      DEC  BC             ;Decrement byte counter
1CFC: 78      	            LD   A,B
1CFD: B1      	            OR   C              ;Last byte to be read?
1CFE: CDB11A  	            CALL I2C_Read       ;Read byte with no ack on last byte
1D01: 77      	            LD   (HL),A         ;Write byte in CPU memory
1D02: 23      	            INC  HL             ;Increment CPU memory pointer
1D03: 78      	            LD   A,B
1D04: B1      	            OR   C              ;Finished?
1D05: 20F4    	            JR   NZ,I2C_MemRdRead       ;No, so go read next byte
1D07: CDE91A  	            CALL I2C_Stop       ;Generate I2C stop
1D0A: AF      	            XOR  A              ;Return with success (Z flagged)
1D0B: C9      	            RET
              	
              	
              	; Copy a block from CPU memory to I2C memory
              	;   On entry: DE = First address in I2C memory
              	;             HL = First address in CPU memory
              	;             BC = Number of bytes to be copied
              	;             SCL = unknown, SDA = unknown
              	;   On exit:  If successfully A = 0 and Z flagged
              	;             If unsuccessfully A = Error and NZ flagged
              	;             IX IY preserved
              	; The 24LC64 requires blocks of data to be written in 64 byte (or less)
              	; pages.
1D0C: C5      	I2C_MemWr:  PUSH BC
1D0D: 011027  	            LD   BC,TIMEOUT     ;Timeout loop counter
1D10:         	I2C_MemWrRepeat:    
1D10: 3A04FC  	            LD   A, (I2CA_BLOCK)   ;I2C address to write to
1D13: CD601A  	            CALL I2C_Open       ;Open for write
1D16: 280A    	            JR   Z,I2C_MemWrReady       ;If open okay then skip on
1D18: 0B      	            DEC  BC
1D19: 78      	            LD   A,B
1D1A: B1      	            OR   C              ;Timeout?
1D1B: 20F3    	            JR   NZ,I2C_MemWrRepeat     ;No, so go try again
1D1D: C1      	            POP  BC
1D1E: 3E03    	            LD   A,ERR_TOUT     ;Error code
1D20: B7      	            OR   A              ;Error, so NZ flagged
1D21: C9      	            RET                 ;Return with error
              	; Device opened okay
1D22: C1      	I2C_MemWrReady:     POP  BC             ;Restore byte counter
1D23: 7A      	I2C_MemWrBlock:     LD   A,D            ;Address (hi) in I2C memory
1D24: CD741A  	            CALL I2C_Write      ;Write address
1D27: 7B      	            LD   A,E            ;Address (lo) in I2C memory
1D28: CD741A  	            CALL I2C_Write      ;Write address
1D2B: 7E      	I2C_MemWrWrite:     LD   A,(HL)         ;Get data byte from CPU memory
1D2C: CD741A  	            CALL I2C_Write      ;Read byte from I2C memory
1D2F: 23      	            INC  HL             ;Increment CPU memory pointer
1D30: 13      	            INC  DE             ;Increment I2C memory pointer
1D31: 0B      	            DEC  BC             ;Decrement byte counter
1D32: 78      	            LD   A,B
1D33: B1      	            OR   C              ;Finished?
1D34: 2805    	            JR   Z,I2C_MemWrStore       ;Yes, so go store this page
1D36: 7B      	            LD   A,E            ;Get address in I2C memory (lo byte)
1D37: E63F    	            AND  63             ;64 byte page boundary?
1D39: 20F0    	            JR   NZ,I2C_MemWrWrite      ;No, so go write another byte
1D3B: CDE91A  	I2C_MemWrStore:     CALL I2C_Stop       ;Generate I2C stop
1D3E: 78      	            LD   A,B
1D3F: B1      	            OR   C              ;Finished?
1D40: 20CA    	            JR   NZ,I2C_MemWr   ;No, so go write some more
1D42: C9      	            RET   
              	
              	
              	; Hex byte output to console
              	;   On entry: A = Byte to be output in hex
              	;   On exit:  BC DE HL IX IY preserved
1D43: F5      	HexOut:     PUSH AF             ;Preserve byte to be output
1D44: 1F      	            RRA                 ;Shift top nibble to
1D45: 1F      	            RRA                 ;  botom four bits..
1D46: 1F      	            RRA
1D47: 1F      	            RRA
1D48: E60F    	            AND  $0F           ;Mask off unwanted bits
1D4A: CD501D  	            CALL HexOutHex           ;Output hi nibble
1D4D: F1      	            POP  AF             ;Restore byte to be output
1D4E: E60F    	            AND  $0F           ;Mask off unwanted bits
              	; Output nibble as ascii character
1D50: FE0A    	HexOutHex:       CP   $0A           ;Nibble > 10 ?
1D52: 3802    	            JR   C,HexOutSkip        ;No, so skip
1D54: C607    	            ADD  A,7            ;Yes, so add 7
1D56: C630    	HexOutSkip:      ADD  A,$30         ;Add ASCII '0'
1D58: CD8704  	            CALL CONOUT       ;Write character
1D5B: C9      	            RET
              	#include "FS.asm"
              	
              	; --- Constantes ---
00A5:         	FS_SIG:     .EQU $A5        ; Assinatura da EEPROM formatada
0000:         	FS_PG_BMP:  .EQU $00        ; Número da página do bitmap
0001:         	FS_PG_DIR:  .EQU $01        ; Número da página do diretório
0002:         	FS_PG_DATA: .EQU $02        ; primeira pagina de dados
0008:         	FS_MAXFILES:.EQU 8          ; Máximo de arquivos
0020:         	FS_ENTRY_SZ:.EQU 32         ; Bytes por entrada do diretório
0010:         	FS_NAME_SZ: .EQU 16         ; Bytes do nome
00FF:         	FS_DATAPG:  .EQU 255        ; Bytes uteis por pagina
              	
00FF:         	FS_FLAG_FREE: .EQU $FF      ; Slot do diretório livre
0001:         	FS_FLAG_USED: .EQU $01      ; Slot do diretório usado - File
0002:         	FS_FLAG_USED_FOLDER: .EQU $02      ; Slot do diretório usado - Folder
              	
              	; Offsets na entrada
0000:         	FS_O_NAME:  .EQU 0          ; Nome (16 bytes)
0010:         	FS_O_FSTPG: .EQU 16         ; Primeira página de dados
0011:         	FS_O_SIZEH: .EQU 17         ; Tamanho hi
0012:         	FS_O_SIZEL: .EQU 18         ; Tamanho lo
0013:         	FS_O_RADRH: .EQU 19         ; Load RAM hi
0014:         	FS_O_RADRL: .EQU 20         ; Load RAM lo
0015:         	FS_O_FLAGS: .EQU 21         ; Flags ($FF=livre, $01=usado por arquivo, $02=usado por pasta)
              	
              	
              	
              	
              	
              	
              	; **********************************************************************
              	; **********************************************************************
              	; FS_INFO - Espaco usado/livre da EEPROM
              	;   Le bitmap, conta paginas, imprime barra e valores
              	; **********************************************************************
1D5C:         	FS_INFO:
1D5C: CDA304  	    CALL CRLF
1D5F: 21B226  	    LD HL, str_info_hdr
1D62: CD9304  	    CALL PUTS
              	
              	    ; Le 16 bytes do bitmap (bytes 1..16 da pagina 0)
1D65: 110100  	    LD DE, $0001
1D68: 2142FC  	    LD HL, PG_BUF
1D6B: 011000  	    LD BC, 16
1D6E: CDD41C  	    CALL I2C_MemRd
1D71: C22D25  	    JP NZ, FS_ERR_I2C
              	
              	    ; Conta paginas livres (bits=1) → C
1D74: 2142FC  	    LD HL, PG_BUF
1D77: 0610    	    LD B, 16
1D79: 0E00    	    LD C, 0
1D7B:         	FS_INF_CNT:
1D7B: 7E      	    LD A, (HL)
1D7C: 23      	    INC HL
1D7D: 1608    	    LD D, 8
1D7F:         	FS_INF_BIT:
1D7F: 0F      	    RRCA
1D80: 3001    	    JR NC, FS_INF_NB
1D82: 0C      	    INC C
1D83:         	FS_INF_NB:
1D83: 15      	    DEC D
1D84: 20F9    	    JR NZ, FS_INF_BIT
1D86: 10F3    	    DJNZ FS_INF_CNT
              	
              	    ; C = pags livres (0..126)
              	    ; paginas usadas = 126 - C → salva em E
1D88: 3E7E    	    LD A, 126
1D8A: 91      	    SUB C
1D8B: 5F      	    LD E, A                 ; E = paginas usadas
              	
              	    ; === Linha 1: barra visual ===
              	    ; Formato: "[##########..........] UUh/7Eh pags"
              	    ; Barra de 19 chars: cada char = ~6.6 pags
              	    ; chars_usados = E * 19 / 126
              	    ;   = E / 6  (aproximacao boa o suficiente para barra)
1D8C: 7B      	    LD A, E
1D8D: 0600    	    LD B, 0                 ; B = chars usados
1D8F:         	FS_INF_DIV6:
1D8F: FE06    	    CP 6
1D91: 3805    	    JR C, FS_INF_DIV6_DONE
1D93: D606    	    SUB 6
1D95: 04      	    INC B
1D96: 18F7    	    JR FS_INF_DIV6
1D98:         	FS_INF_DIV6_DONE:
              	    ; B = chars usados (0..21, clamp a 20)
1D98: 78      	    LD A, B
1D99: FE15    	    CP 21
1D9B: 3802    	    JR C, FS_INF_CLAMP
1D9D: 0613    	    LD B, 19
1D9F:         	FS_INF_CLAMP:
              	
1D9F: 3E5B    	    LD A, '['
1DA1: CF      	    RST $08
              	
              	    ; Imprime B x '#' (usado)
1DA2: 78      	    LD A, B
1DA3: B7      	    OR A
1DA4: 2808    	    JR Z, FS_INF_NO_HASH
1DA6: C5      	    PUSH BC
1DA7: 47      	    LD B, A
1DA8:         	FS_INF_HASH:
1DA8: 3E23    	    LD A, '#'
1DAA: CF      	    RST $08
1DAB: 10FB    	    DJNZ FS_INF_HASH
1DAD: C1      	    POP BC
              	
1DAE:         	FS_INF_NO_HASH:
              	    ; Imprime (20-B) x '.' (livre)
1DAE: 3E13    	    LD A, 19
1DB0: 90      	    SUB B
1DB1: 2806    	    JR Z, FS_INF_NO_DOT
1DB3: 47      	    LD B, A
1DB4:         	FS_INF_DOT:
1DB4: 3E2E    	    LD A, '.'
1DB6: CF      	    RST $08
1DB7: 10FB    	    DJNZ FS_INF_DOT
1DB9:         	FS_INF_NO_DOT:
              	
1DB9: 3E5D    	    LD A, ']'
1DBB: CF      	    RST $08
1DBC: 3E20    	    LD A, ' '
1DBE: CF      	    RST $08
              	
              	    ; Imprime "UUh/7Eh pags"
1DBF: 7B      	    LD A, E                 ; A = usadas
1DC0: CD431D  	    CALL HexOut
1DC3: 3E68    	    LD A, 'h'
1DC5: CF      	    RST $08
1DC6: 3E2F    	    LD A, '/'
1DC8: CF      	    RST $08
1DC9: 3E7E    	    LD A, $7E               ; 126
1DCB: CD431D  	    CALL HexOut
1DCE: 3E68    	    LD A, 'h'
1DD0: CF      	    RST $08
1DD1: 21C926  	    LD HL, str_inf_pags
1DD4: CD9304  	    CALL PUTS
              	
              	    ; === Linha 2: Usadas ===
1DD7: 21D126  	    LD HL, str_inf_used
1DDA: CD9304  	    CALL PUTS
1DDD: 7B      	    LD A, E
1DDE: CD431D  	    CALL HexOut
1DE1: 3E68    	    LD A, 'h'
1DE3: CF      	    RST $08
1DE4: 21E126  	    LD HL, str_inf_pags_nl
1DE7: CD9304  	    CALL PUTS
1DEA: CDA304  	    CALL CRLF
1DED: 3E20    	    LD A, ' '
1DEF: CF      	    RST $08
              	
              	    ; Bytes usados aprox: E * 255  (E = paginas usadas)
              	    ; Salva C (paginas livres) em RAM antes do loop destruir C
1DF0: 79      	    LD A, C
1DF1: 3241FC  	    LD (FS_INFOTMP), A      ; salva pags livres
              	
1DF4: 210000  	    LD HL, 0
1DF7: 7B      	    LD A, E
1DF8: B7      	    OR A
1DF9: 2807    	    JR Z, FS_INF_BYTES_DONE_U
1DFB:         	FS_INF_BYTES_USED:
1DFB: 01FF00  	    LD BC, FS_DATAPG        ; C destruido aqui - mas ja salvamos
1DFE: 09      	    ADD HL, BC
1DFF: 1D      	    DEC E
1E00: 20F9    	    JR NZ, FS_INF_BYTES_USED
1E02:         	FS_INF_BYTES_DONE_U:
1E02: 7C      	    LD A, H
1E03: CD431D  	    CALL HexOut
1E06: 7D      	    LD A, L
1E07: CD431D  	    CALL HexOut
1E0A: 3E68    	    LD A, 'h'
1E0C: CF      	    RST $08
1E0D: 21E826  	    LD HL, str_inf_bytes_nl
1E10: CD9304  	    CALL PUTS
              	
              	    ; Recupera paginas livres
1E13: 3A41FC  	    LD A, (FS_INFOTMP)
1E16: 4F      	    LD C, A                 ; C = paginas livres restaurado
              	
              	    ; === Linha 3: Livres ===
1E17: 21D926  	    LD HL, str_inf_free
1E1A: CD9304  	    CALL PUTS
1E1D: 79      	    LD A, C
1E1E: CD431D  	    CALL HexOut
1E21: 3E68    	    LD A, 'h'
1E23: CF      	    RST $08
1E24: 21E126  	    LD HL, str_inf_pags_nl
1E27: CD9304  	    CALL PUTS
1E2A: CDA304  	    CALL CRLF
1E2D: 3E20    	    LD A, ' '
1E2F: CF      	    RST $08
              	
              	    ; Bytes livres aprox: C * 255
1E30: 210000  	    LD HL, 0
1E33: 79      	    LD A, C
1E34: B7      	    OR A
1E35: 2808    	    JR Z, FS_INF_BYTES_DONE_F
1E37: 59      	    LD E, C
1E38:         	FS_INF_BYTES_FREE:
1E38: 01FF00  	    LD BC, FS_DATAPG
1E3B: 09      	    ADD HL, BC
1E3C: 1D      	    DEC E
1E3D: 20F9    	    JR NZ, FS_INF_BYTES_FREE
1E3F:         	FS_INF_BYTES_DONE_F:
1E3F: 7C      	    LD A, H
1E40: CD431D  	    CALL HexOut
1E43: 7D      	    LD A, L
1E44: CD431D  	    CALL HexOut
1E47: 3E68    	    LD A, 'h'
1E49: CF      	    RST $08
1E4A: 21E826  	    LD HL, str_inf_bytes_nl
1E4D: CD9304  	    CALL PUTS
1E50: C9      	    RET
              	
              	
              	
              	; **********************************************************************
              	; FS_DIR
              	; **********************************************************************
1E51:         	FS_DIR:
1E51: CDA304  	    CALL CRLF
1E54: 3E5B    	    LD A, '['
1E56: CF      	    RST $08
1E57: 0611    	    LD B, FS_NAME_SZ + 1
1E59: 2145FD  	    LD HL, FS_DIR_NAME
1E5C:         	FS_S_DIR:
1E5C: 7E      	    LD A, (HL)
1E5D: FE00    	    CP 0
1E5F: CA661E  	    JP Z, FS_S_DIR_F
1E62: 23      	    INC HL
1E63: CF      	    RST $08
1E64: 10F6    	    djnz FS_S_DIR
1E66:         	FS_S_DIR_F:
1E66: 3E5D    	    LD A, ']'
1E68: CF      	    RST $08
              	
1E69: 3E01    	    LD A, 1
1E6B: CD9309  	    CALL plotAlways
              	
1E6E: CDA304  	    CALL CRLF
              	    ;LD HL, str_dir_hdr
              	    ;CALL PUTS
1E71: AF      	    XOR A
1E72: 3209FC  	    LD (FS_CUR), A
1E75: 0608    	    LD B, FS_MAXFILES
1E77: 0E00    	    LD C, 0
1E79:         	FS_DIR_LOOP:
1E79: C5      	    PUSH BC
1E7A: CDA322  	    CALL FS_RD_ENTRY
1E7D: C23425  	    JP NZ, FS_ERR_I2C_POP
1E80: 3A1FFC  	    LD A, (FS_WRKBUF + FS_O_FLAGS)
1E83: FEFF    	    CP FS_FLAG_FREE
1E85: 2827    	    JR Z, FS_DIR_SKIP
1E87: 210AFC  	    LD HL, FS_WRKBUF + FS_O_NAME
1E8A: 0610    	    LD B, FS_NAME_SZ
              	    ; sinaliza pasta '+'
1E8C: 3A1FFC  	    LD A, (FS_WRKBUF + FS_O_FLAGS)
1E8F: FE01    	    CP FS_FLAG_USED
1E91: 2803    	    JR Z, FS_DIR_NM
1E93: 3E2B    	    LD A, '+'
1E95: CF      	    RST $08
1E96:         	FS_DIR_NM:
1E96: 7E      	    LD A, (HL)
1E97: B7      	    OR A
1E98: 2806    	    JR Z, FS_DIR_PAD
1E9A: CF      	    RST $08
1E9B: 23      	    INC HL
1E9C: 10F8    	    DJNZ FS_DIR_NM
1E9E: 1806    	    JR FS_DIR_AFT
1EA0:         	FS_DIR_PAD:
1EA0: 3E20    	    LD A, ' '
1EA2: CF      	    RST $08
1EA3: 23      	    INC HL
1EA4: 10FA    	    DJNZ FS_DIR_PAD
1EA6:         	FS_DIR_AFT:
              	    ;LD A, ' '
              	    ;RST $08
              	    ;LD A, (FS_WRKBUF + FS_O_SIZEH)
              	    ;CALL HexOut
              	    ;LD A, (FS_WRKBUF + FS_O_SIZEL)
              	    ;CALL HexOut
              	    ;LD A, ' '
              	    ;RST $08
              	    ;LD A, (FS_WRKBUF + FS_O_RADRH)
              	    ;CALL HexOut
              	    ;LD A, (FS_WRKBUF + FS_O_RADRL)
              	    ;CALL HexOut
              	    ;LD A, ' '
              	    ;RST $08
              	    ;LD A, (FS_WRKBUF + FS_O_FSTPG)
              	    ;CALL HexOut
1EA6: CDA304  	    CALL CRLF
1EA9: C1      	    POP BC
1EAA: 0C      	    INC C
1EAB: C3AF1E  	    JP FS_DIR_INC
1EAE:         	FS_DIR_SKIP:
1EAE: C1      	    POP BC
1EAF:         	FS_DIR_INC:
1EAF: 3A09FC  	    LD A, (FS_CUR)
1EB2: 3C      	    INC A
1EB3: 3209FC  	    LD (FS_CUR), A
1EB6: 10C1    	    DJNZ FS_DIR_LOOP
1EB8: 79      	    LD A, C
1EB9: B7      	    OR A
1EBA: 200F    	    JR NZ, FS_DIR_CNT
              	    
1EBC: 3E00    	    LD A, 0
1EBE: CD9309  	    call plotAlways
1EC1: CDA304  	    CALL CRLF
1EC4: 215825  	    LD HL, str_empty
1EC7: CD9304  	    CALL PUTS
1ECA: C9      	    RET
1ECB:         	FS_DIR_CNT:
1ECB: F5      	    PUSH AF
1ECC: CDA304  	    CALL CRLF
1ECF: F1      	    POP AF
1ED0: CD431D  	    CALL HexOut
              	
1ED3: 3E00    	    LD A, 0
1ED5: CD9309  	    call plotAlways
1ED8: 216125  	    LD HL, str_nfiles
1EDB: CD9304  	    CALL PUTS
1EDE: C9      	    RET
              	
              	
              	; **********************************************************************
              	; FS_CD  cd name (entra na pasta)
              	;        cd ~ (volta para home)
              	; **********************************************************************
1EDF:         	FS_CD:
1EDF: CD8722  	    CALL FS_COPY_NAME_FROM_BUFFER
1EE2: DA4A25  	    JP C, FS_ABORT
1EE5: 3A2AFC  	    LD A, (FS_NAMBUF)
1EE8: FE7E    	    CP '~' ; home
1EEA: 2825    	    JR Z, FS_DO_CD_HOME
              	
1EEC: CDA304  	    CALL CRLF
1EEF: CDEF24  	    CALL FS_FIND_FOLDER_NAME
1EF2: CAFC1E  	    JP Z, FS_DO_CD
1EF5: 21B325  	    LD HL, str_notfound
1EF8: CD9304  	    CALL PUTS
1EFB: C9      	    RET
              	
1EFC:         	FS_DO_CD:
1EFC: 3A1AFC  	    LD A, (FS_WRKBUF + FS_O_FSTPG)
1EFF: 3244FD  	    LD (FS_DIR_CUR), A
              	
1F02: 0611    	    LD B, FS_NAME_SZ + 1
1F04: 2145FD  	    LD HL, FS_DIR_NAME
1F07: 110AFC  	    LD DE, FS_WRKBUF + FS_O_NAME
1F0A: CDE202  	    CALL M_C_DIR
1F0D: CDA304  	    CALL CRLF
1F10: C9      	    RET
              	
1F11:         	FS_DO_CD_HOME:
1F11: 3E01    	    LD A, $01
1F13: 3244FD  	    LD (FS_DIR_CUR), A
              	
1F16: 0611    	    LD B, FS_NAME_SZ + 1
1F18: 2145FD  	    LD HL, FS_DIR_NAME
1F1B: 115A27  	    LD DE, FOLDER_HOME
1F1E: CDE202  	    CALL M_C_DIR
1F21: C9      	    RET
              	
              	
              	
              	
              	; **********************************************************************
              	; FS_LOAD_CMD name
              	; **********************************************************************
1F22:         	FS_LOAD_CMD:
1F22: CD8722  	    CALL FS_COPY_NAME_FROM_BUFFER
1F25: DA4A25  	    JP C, FS_ABORT
1F28: CDA304  	    CALL CRLF
1F2B: CDB124  	    CALL FS_FIND_NAME
1F2E: CA381F  	    JP Z, FS_LOAD_DO
1F31: 21B325  	    LD HL, str_notfound
1F34: CD9304  	    CALL PUTS
1F37: C9      	    RET
              	
1F38:         	FS_LOAD_DO:
1F38: CD571F  	    CALL FS_DO_LOAD
1F3B: C22D25  	    JP NZ, FS_ERR_I2C
1F3E: 213226  	    LD HL, str_loadat
1F41: CD9304  	    CALL PUTS
1F44: 3A1DFC  	    LD A, (FS_WRKBUF + FS_O_RADRH)
1F47: CD431D  	    CALL HexOut
1F4A: 3A1EFC  	    LD A, (FS_WRKBUF + FS_O_RADRL)
1F4D: CD431D  	    CALL HexOut
1F50: 3E68    	    LD A, 'h'
1F52: CF      	    RST $08
1F53: CDA304  	    CALL CRLF
1F56: C9      	    RET
              	
              	; FS_DO_LOAD - carrega arquivo (FS_WRKBUF preenchido)
              	;   On exit: Z=OK  NZ=erro
1F57:         	FS_DO_LOAD:
1F57: 3A1DFC  	    LD A, (FS_WRKBUF + FS_O_RADRH)
1F5A: 67      	    LD H, A
1F5B: 3A1EFC  	    LD A, (FS_WRKBUF + FS_O_RADRL)
1F5E: 6F      	    LD L, A
1F5F: 223CFC  	    LD (FS_TMPRAM), HL      ; destino RAM
1F62: 3A1BFC  	    LD A, (FS_WRKBUF + FS_O_SIZEH)
1F65: 67      	    LD H, A
1F66: 3A1CFC  	    LD A, (FS_WRKBUF + FS_O_SIZEL)
1F69: 6F      	    LD L, A
1F6A: 223AFC  	    LD (FS_TMPSZ), HL       ; bytes restantes
1F6D: 3A1AFC  	    LD A, (FS_WRKBUF + FS_O_FSTPG)
1F70: 323EFC  	    LD (FS_CURPG), A
              	
1F73:         	FS_DL_PG:
1F73: 3A3EFC  	    LD A, (FS_CURPG)
1F76: B7      	    OR A
1F77: 2848    	    JR Z, FS_DL_DONE
              	
              	    ; Le byte 0 (next page)
1F79: 57      	    LD D, A
1F7A: 1E00    	    LD E, 0
1F7C: 2139FC  	    LD HL, FS_TMP1
1F7F: 010100  	    LD BC, 1
1F82: CDD41C  	    CALL I2C_MemRd
1F85: C0      	    RET NZ
              	
              	    ; min(FS_TMPSZ, 255) bytes a ler
1F86: 2A3AFC  	    LD HL, (FS_TMPSZ)
1F89: 7C      	    LD A, H
1F8A: B7      	    OR A
1F8B: 2005    	    JR NZ, FS_DL_255
1F8D: 7D      	    LD A, L
1F8E: FEFF    	    CP FS_DATAPG
1F90: 3805    	    JR C, FS_DL_LT
1F92:         	FS_DL_255:
1F92: 01FF00  	    LD BC, FS_DATAPG
1F95: 1803    	    JR FS_DL_RD
1F97:         	FS_DL_LT:
1F97: 0600    	    LD B, 0
1F99: 4D      	    LD C, L
              	
1F9A:         	FS_DL_RD:
              	    ; BC=bytes, DE=pag*256+1, HL=destino
1F9A: C5      	    PUSH BC
1F9B: 3A3EFC  	    LD A, (FS_CURPG)
1F9E: 57      	    LD D, A
1F9F: 1E01    	    LD E, 1
1FA1: 2A3CFC  	    LD HL, (FS_TMPRAM)
1FA4: CDD41C  	    CALL I2C_MemRd
1FA7: C1      	    POP BC
1FA8: C0      	    RET NZ
              	
              	    ; Atualiza ponteiros
1FA9: 2A3CFC  	    LD HL, (FS_TMPRAM)
1FAC: 09      	    ADD HL, BC
1FAD: 223CFC  	    LD (FS_TMPRAM), HL
1FB0: 2A3AFC  	    LD HL, (FS_TMPSZ)
1FB3: B7      	    OR A                    ; limpa carry
1FB4: ED42    	    SBC HL, BC
1FB6: 223AFC  	    LD (FS_TMPSZ), HL
              	
              	    ; Proxima pagina
1FB9: 3A39FC  	    LD A, (FS_TMP1)
1FBC: 323EFC  	    LD (FS_CURPG), A
1FBF: 18B2    	    JR FS_DL_PG
              	
1FC1:         	FS_DL_DONE:
1FC1: AF      	    XOR A
1FC2: C9      	    RET
              	
              	 
              	
              	; **********************************************************************
              	; FS_MKDIR
              	; 
              	; mkdir name
              	; **********************************************************************
1FC3:         	FS_MKDIR:
1FC3: CD8722  	    CALL FS_COPY_NAME_FROM_BUFFER
1FC6: DA4A25  	    JP C, FS_ABORT
              	    
1FC9: CDA304  	    CALL CRLF
              	
              	    ; Nome ja existe?
1FCC: CDB124  	    CALL FS_FIND_NAME
1FCF: CADB1F  	    JP Z, FS_EXISTS_F
1FD2: CDDD22  	    CALL FS_FIND_FREE
1FD5: C23C25  	    JP NZ, FS_ERR_FULL
1FD8: C3DF1F  	    JP FS_MKD_DO
              	
1FDB:         	FS_EXISTS_F:
1FDB: CD5125  	    CALL FS_ERR_FOLDER_EXIST
1FDE: C9      	    RET
              	
1FDF:         	FS_MKD_DO:
1FDF: 3A09FC  	    LD A, (FS_CUR)
1FE2: 323FFC  	    LD (FS_SLOTBK), A
              	
              	    ; Zera e monta FS_WRKBUF
1FE5: 210AFC  	    LD HL, FS_WRKBUF
1FE8: 0620    	    LD B, FS_ENTRY_SZ
1FEA: AF      	    XOR A
1FEB:         	FS_MKD_CLR:
1FEB: 77      	    LD (HL), A
1FEC: 23      	    INC HL
1FED: 10FC    	    DJNZ FS_MKD_CLR
              	    ; Monta nome FS_NAMBUF -> FS_WRKBUF
1FEF: 212AFC  	    LD HL, FS_NAMBUF
1FF2: DD210AFC	    LD IX, FS_WRKBUF
1FF6: 0610    	    LD B, FS_NAME_SZ
1FF8:         	FS_MKD_NM:
1FF8: 7E      	    LD A, (HL)
1FF9: DD7700  	    LD (IX+0), A
1FFC: DD23    	    INC IX
1FFE: 23      	    INC HL
1FFF: 10F7    	    DJNZ FS_MKD_NM
              	
2001: 21FF00  	    LD HL, $00FF ; Size 256 (Tamanho da pasta sempre eh 256)
2004: 7C      	    LD A, H
2005: 321BFC  	    LD (FS_WRKBUF + FS_O_SIZEH), A
2008: 7D      	    LD A, L
2009: 321CFC  	    LD (FS_WRKBUF + FS_O_SIZEL), A
200C: 210000  	    LD HL, $0000 ; Ram nao precisa entao 0000
200F: 7C      	    LD A, H
2010: 321DFC  	    LD (FS_WRKBUF + FS_O_RADRH), A
2013: 7D      	    LD A, L
2014: 321EFC  	    LD (FS_WRKBUF + FS_O_RADRL), A
2017: 3E02    	    LD A, FS_FLAG_USED_FOLDER   ; Flag de uso para pasta
2019: 321FFC  	    LD (FS_WRKBUF + FS_O_FLAGS), A
              	
              	    ; Aloca primeira pagina
201C: CD0823  	    CALL FS_ALLOC_PG
201F: CA4325  	    JP Z, FS_ERR_NOSPACE
2022: 321AFC  	    LD (FS_WRKBUF + FS_O_FSTPG), A
2025: 323EFC  	    LD (FS_CURPG), A
              	
2028: 2EFF    	    LD L, $FF ; fill byte
202A: 01FF00  	    LD BC, $00FF ; size bytes
202D: 3A3EFC  	    LD A, (FS_CURPG)
2030: 1E00    	    LD E, 0
2032: 57      	    LD D, A
2033: CD9E1C  	    CALL I2C_MemFill
2036: C22D25  	    JP NZ, FS_ERR_I2C
2039:         	FS_MKD_DONE:
2039: 3A3FFC  	    LD A, (FS_SLOTBK)
203C: 3209FC  	    LD (FS_CUR), A
203F: CDC022  	    CALL FS_WR_ENTRY
2042: C22D25  	    JP NZ, FS_ERR_I2C
2045: 218D26  	    LD HL, str_created_folder
2048: CD9304  	    CALL PUTS
204B: C9      	    RET
              	
              	
              	; **********************************************************************
              	; FS_RMDIR
              	; 
              	; rmdir name 
              	;   OBS: Só deixa remover diretorio vazio
              	; **********************************************************************
204C:         	FS_RMDIR:
204C: CD8722  	    CALL FS_COPY_NAME_FROM_BUFFER
204F: DA4A25  	    JP C, FS_ABORT
2052: CDA304  	    CALL CRLF
2055: CDEF24  	    CALL FS_FIND_FOLDER_NAME
2058: CA6220  	    JP Z, FS_DO_RMDIR
205B: 21B325  	    LD HL, str_notfound
205E: CD9304  	    CALL PUTS
2061: C9      	    RET
              	
              	; (FS_CUR=idx, FS_WRKBUF=entrada)
2062:         	FS_DO_RMDIR:
              	    ; pega a pagina da pasta
2062: 3A1AFC  	    LD A, (FS_WRKBUF + FS_O_FSTPG)
              	
              	    ; le a pasta (256 bytes) para o buffer 
2065: 57      	    LD D, A     ; from i2c addrr
2066: 1E00    	    LD E, $00
2068: 2142FC  	    LD HL, PG_BUF ; to buffer
206B: 01FF00  	    LD BC, $ff ; size
206E: CDD41C  	    CALL I2C_MemRd
2071: C22D25  	    JP NZ, FS_ERR_I2C
              	
              	    ; le entradas e verifica vazias
2074: AF      	    XOR A
2075: 3209FC  	    LD (FS_CUR), A
2078: 0608    	    LD B, FS_MAXFILES
207A: DD2142FC	    LD IX, PG_BUF 
207E: 110000  	    LD DE, $0000
2081:         	FS_RMDIR_LP:
2081: 3A09FC  	    LD A, (FS_CUR)
2084: 07      	    RLCA
2085: 07      	    RLCA
2086: 07      	    RLCA
2087: 07      	    RLCA
2088: 07      	    RLCA
              	
2089: DD2142FC	    LD IX, PG_BUF
              	
208D: 5F      	    LD E, A
208E: DD19    	    ADD IX, DE
              	
2090: DD7E15  	    LD A, (IX + FS_O_FLAGS)
              	
2093: FEFF    	    CP FS_FLAG_FREE
2095: C2A720  	    JP NZ, NOT_EMPTY
              	    
2098: 3A09FC  	    LD A, (FS_CUR)
209B: 3C      	    INC A
209C: 3209FC  	    LD (FS_CUR), A
              	
209F: 10E0    	    DJNZ FS_RMDIR_LP
20A1: CDEF24  	    CALL FS_FIND_FOLDER_NAME
20A4: C3BB21  	    JP FS_ER_FOUND
              	
20A7:         	NOT_EMPTY:
20A7: 219B26  	    LD HL, str_not_empty_folder
20AA: CD9304  	    CALL PUTS
20AD: C9      	    RET
              	
              	
              	
              	
              	; **********************************************************************
              	; FS_SAVE
              	; 
              	; save name xxxx xxxx
              	; Comando Nome End.Ram Tamanho
              	; **********************************************************************
20AE:         	FS_SAVE:
20AE: CD8722  	    CALL FS_COPY_NAME_FROM_BUFFER
20B1: DA4A25  	    JP C, FS_ABORT
              	    
              	    ; pega endereço inicial XXXX
20B4: CDA314  	    CALL SKIP_SPACES_DE
20B7: CDFD14  	    CALL PARSE_HEX16_DE
20BA: DA4A25  	    JP C, FS_ABORT
20BD: 223CFC  	    LD (FS_TMPRAM), HL
              	    ; pega tamanho XXXX
20C0: CDA314  	    CALL SKIP_SPACES_DE
20C3: CDFD14  	    CALL PARSE_HEX16_DE
20C6: DA4A25  	    JP C, FS_ABORT
20C9: 7C      	    LD A, H
20CA: B5      	    OR L
20CB: CA4A25  	    JP Z, FS_ABORT
20CE: 223AFC  	    LD (FS_TMPSZ), HL
20D1: CDA304  	    CALL CRLF
              	
              	    ; Nome ja existe?
20D4: CDB124  	    CALL FS_FIND_NAME
20D7: CAE320  	    JP Z, FS_SV_OVERW
20DA: CDDD22  	    CALL FS_FIND_FREE
20DD: C23C25  	    JP NZ, FS_ERR_FULL
20E0: C3F020  	    JP FS_SV_DO
              	
20E3:         	FS_SV_OVERW:
20E3: 3A1AFC  	    LD A, (FS_WRKBUF + FS_O_FSTPG)
20E6: B7      	    OR A
20E7: CAF020  	    JP Z, FS_SV_DO
20EA: CDD123  	    CALL FS_FREE_CHAIN
20ED: C22D25  	    JP NZ, FS_ERR_I2C
              	
20F0:         	FS_SV_DO:
20F0: 3A09FC  	    LD A, (FS_CUR)
20F3: 323FFC  	    LD (FS_SLOTBK), A
              	
              	    ; Zera e monta FS_WRKBUF
20F6: 210AFC  	    LD HL, FS_WRKBUF
20F9: 0620    	    LD B, FS_ENTRY_SZ
20FB: AF      	    XOR A
20FC:         	FS_SV_CLR:
20FC: 77      	    LD (HL), A
20FD: 23      	    INC HL
20FE: 10FC    	    DJNZ FS_SV_CLR
              	
2100: 212AFC  	    LD HL, FS_NAMBUF
2103: DD210AFC	    LD IX, FS_WRKBUF
2107: 0610    	    LD B, FS_NAME_SZ
2109:         	FS_SV_NM:
2109: 7E      	    LD A, (HL)
210A: DD7700  	    LD (IX+0), A
210D: DD23    	    INC IX
210F: 23      	    INC HL
2110: 10F7    	    DJNZ FS_SV_NM
              	
2112: 2A3AFC  	    LD HL, (FS_TMPSZ)
2115: 7C      	    LD A, H
2116: 321BFC  	    LD (FS_WRKBUF + FS_O_SIZEH), A
2119: 7D      	    LD A, L
211A: 321CFC  	    LD (FS_WRKBUF + FS_O_SIZEL), A
211D: 2A3CFC  	    LD HL, (FS_TMPRAM)
2120: 7C      	    LD A, H
2121: 321DFC  	    LD (FS_WRKBUF + FS_O_RADRH), A
2124: 7D      	    LD A, L
2125: 321EFC  	    LD (FS_WRKBUF + FS_O_RADRL), A
2128: 3E01    	    LD A, FS_FLAG_USED
212A: 321FFC  	    LD (FS_WRKBUF + FS_O_FLAGS), A
              	
              	    ; Aloca primeira pagina
212D: CD0823  	    CALL FS_ALLOC_PG
2130: CA4325  	    JP Z, FS_ERR_NOSPACE
2133: 321AFC  	    LD (FS_WRKBUF + FS_O_FSTPG), A
2136: 323EFC  	    LD (FS_CURPG), A
              	
2139:         	FS_SV_LOOP:
2139: 3A3EFC  	    LD A, (FS_CURPG)
213C: CD2024  	    CALL FS_WRITE_PG
213F: C22D25  	    JP NZ, FS_ERR_I2C
2142: 2A3AFC  	    LD HL, (FS_TMPSZ)
2145: 7C      	    LD A, H
2146: B5      	    OR L
2147: CA6121  	    JP Z, FS_SV_DONE
              	    ; Aloca proxima pagina
214A: CD0823  	    CALL FS_ALLOC_PG
214D: CA4325  	    JP Z, FS_ERR_NOSPACE
2150: 47      	    LD B, A                 ; B = proxima pagina
2151: 3A3EFC  	    LD A, (FS_CURPG)
2154: CD9A24  	    CALL FS_SET_NEXT        ; byte 0 da pagina A = B
2157: C22D25  	    JP NZ, FS_ERR_I2C
215A: 78      	    LD A, B
215B: 323EFC  	    LD (FS_CURPG), A
215E: C33921  	    JP FS_SV_LOOP
              	
2161:         	FS_SV_DONE:
2161: 3A3FFC  	    LD A, (FS_SLOTBK)
2164: 3209FC  	    LD (FS_CUR), A
2167: CDC022  	    CALL FS_WR_ENTRY
216A: C22D25  	    JP NZ, FS_ERR_I2C
216D: 21D325  	    LD HL, str_saved
2170: CD9304  	    CALL PUTS
2173: C9      	    RET
              	
              	
              	; **********************************************************************
              	; FS_EXEC
              	; **********************************************************************
2174:         	FS_EXEC:
2174: CD8722  	    CALL FS_COPY_NAME_FROM_BUFFER
2177: DA4A25  	    JP C, FS_ABORT
217A: CDA304  	    CALL CRLF
217D: CDB124  	    CALL FS_FIND_NAME
2180: CA8A21  	    JP Z, FS_EX_DO
2183: 21B325  	    LD HL, str_notfound
2186: CD9304  	    CALL PUTS
2189: C9      	    RET
218A:         	FS_EX_DO:
218A: 3A1DFC  	    LD A, (FS_WRKBUF + FS_O_RADRH)
218D: 67      	    LD H, A
218E: 3A1EFC  	    LD A, (FS_WRKBUF + FS_O_RADRL)
2191: 6F      	    LD L, A
2192: E5      	    PUSH HL
2193: CD571F  	    CALL FS_DO_LOAD
2196: C2A121  	    JP NZ, FS_EX_ERR
2199: 21C425  	    LD HL, str_running
219C: CD9304  	    CALL PUTS
219F: E1      	    POP HL
21A0: E9      	    JP (HL)
21A1:         	FS_EX_ERR:
21A1: E1      	    POP HL
21A2: C32D25  	    JP FS_ERR_I2C
              	
              	
              	
              	; **********************************************************************
              	; FS_ERASE
              	; **********************************************************************
21A5:         	FS_ERASE:
21A5: CD8722  	    CALL FS_COPY_NAME_FROM_BUFFER
21A8: DA4A25  	    JP C, FS_ABORT
21AB: CDA304  	    CALL CRLF
21AE: CDB124  	    CALL FS_FIND_NAME
21B1: CABB21  	    JP Z, FS_ER_FOUND
21B4: 21B325  	    LD HL, str_notfound
21B7: CD9304  	    CALL PUTS
21BA: C9      	    RET
21BB:         	FS_ER_FOUND:
21BB: 212AFC  	    LD HL, FS_NAMBUF
21BE: 0610    	    LD B, FS_NAME_SZ
21C0:         	FS_ER_NM:
21C0: 7E      	    LD A, (HL)
21C1: B7      	    OR A
21C2: CAC921  	    JP Z, FS_ER_CFM
21C5: CF      	    RST $08
21C6: 23      	    INC HL
21C7: 10F7    	    DJNZ FS_ER_NM
21C9:         	FS_ER_CFM:
21C9: 21E325  	    LD HL, str_sure
21CC: CD9304  	    CALL PUTS
21CF: D7      	    RST $10
21D0: CF      	    RST $08
21D1: E65F    	    AND $5F
21D3: FE53    	    CP 'S'
21D5: C24A25  	    JP NZ, FS_ABORT
21D8: CDA304  	    CALL CRLF
21DB: 3A1AFC  	    LD A, (FS_WRKBUF + FS_O_FSTPG)
21DE: B7      	    OR A
21DF: CAE821  	    JP Z, FS_ER_DIR
21E2: CDD123  	    CALL FS_FREE_CHAIN
21E5: C22D25  	    JP NZ, FS_ERR_I2C
21E8:         	FS_ER_DIR:
21E8: 210AFC  	    LD HL, FS_WRKBUF
21EB: 0620    	    LD B, FS_ENTRY_SZ
21ED: AF      	    XOR A
21EE:         	FS_ER_CLR:
21EE: 77      	    LD (HL), A
21EF: 23      	    INC HL
21F0: 10FC    	    DJNZ FS_ER_CLR
21F2: 3EFF    	    LD A, FS_FLAG_FREE
21F4: 321FFC  	    LD (FS_WRKBUF + FS_O_FLAGS), A
21F7: CDC022  	    CALL FS_WR_ENTRY
21FA: C22D25  	    JP NZ, FS_ERR_I2C
21FD: 21F925  	    LD HL, str_erased
2200: CD9304  	    CALL PUTS
2203: C9      	    RET
              	
              	
              	
              	; **********************************************************************
              	; FS_FORMAT
              	; **********************************************************************
2204:         	FS_FORMAT:
2204: 210326  	    LD HL, str_fmt_ask
2207: CD9304  	    CALL PUTS
220A: D7      	    RST $10
220B: CF      	    RST $08
220C: E65F    	    AND $5F
220E: FE53    	    CP 'S'
2210: C0      	    RET NZ
2211: CDA304  	    CALL CRLF
2214: 212126  	    LD HL, str_wait
2217: CD9304  	    CALL PUTS
              	
              	    ; Pagina 0: assinatura + bitmap
              	    ; Pags 0,1 ocupadas (bits 0,1 do byte 1 = 0): byte1 = 11111100 = $FC
221A: 2142FC  	    LD HL, PG_BUF
221D: 36A5    	    LD (HL), FS_SIG
221F: 23      	    INC HL
2220: 36FC    	    LD (HL), $FC
2222: 23      	    INC HL
2223: 060E    	    LD B, 14                ; bytes 2..15 = $FF
2225:         	FS_FMT_1:
2225: 36FF    	    LD (HL), $FF
2227: 23      	    INC HL
2228: 10FB    	    DJNZ FS_FMT_1
222A: 06F0    	    LD B, 240               ; bytes 16..255 = $FF
222C:         	FS_FMT_2:
222C: 36FF    	    LD (HL), $FF
222E: 23      	    INC HL
222F: 10FB    	    DJNZ FS_FMT_2
              	
2231: 110000  	    LD DE, $0000
2234: 2142FC  	    LD HL, PG_BUF
2237: 010001  	    LD BC, 256
223A: CD0C1D  	    CALL I2C_MemWr
223D: C22D25  	    JP NZ, FS_ERR_I2C
              	
              	    ; Pagina 1: diretorio todo $FF (entradas livres)
2240: 2142FC  	    LD HL, PG_BUF
2243: 0600    	    LD B, 0                 ; 256 iteracoes (B=0: DJNZ decrementa para 255, depois 0 = 256 total)
2245:         	FS_FMT_3:
2245: 36FF    	    LD (HL), $FF
2247: 23      	    INC HL
2248: 10FB    	    DJNZ FS_FMT_3
              	
224A: 110001  	    LD DE, $0100
224D: 2142FC  	    LD HL, PG_BUF
2250: 010001  	    LD BC, 256
2253: CD0C1D  	    CALL I2C_MemWr
2256: C22D25  	    JP NZ, FS_ERR_I2C
2259: 212D26  	    LD HL, str_ok
225C: CD9304  	    CALL PUTS
              	
225F: CD111F  	    CALL FS_DO_CD_HOME ; volta para home
2262: C9      	    RET
              	
              	
2263:         	CHECK_DISK_FORMAT:
2263: CD6E22  	    CALL FS_CHK_SIG
2266: C8      	    RET Z
2267: 214226  	    LD HL, str_notfmt
226A: CD9304  	    CALL PUTS
226D: C9      	    RET
              	
              	; **********************************************************************
              	; FS_CHK_SIG - Z=formatada NZ=nao
              	; **********************************************************************
226E:         	FS_CHK_SIG:
226E: C5      	    PUSH BC
226F: D5      	    PUSH DE
2270: E5      	    PUSH HL
2271: 110000  	    LD DE, $0000
2274: 2139FC  	    LD HL, FS_TMP1
2277: 010100  	    LD BC, 1
227A: CDD41C  	    CALL I2C_MemRd
227D: E1      	    POP HL
227E: D1      	    POP DE
227F: C1      	    POP BC
2280: C0      	    RET NZ
2281: 3A39FC  	    LD A, (FS_TMP1)
2284: FEA5    	    CP FS_SIG
2286: C9      	    RET
              	
              	
              	
              	
              	
              	
              	
              	
              	
              	
              	
              	
              	
              	
              	
              	
              	
              	
              	
              	
              	
              	
              	
              	
              	; **********************************************************************
              	; FUNCOES INTERNAS
              	; **********************************************************************
              	
              	; Preenche FS_NAMBUF com NUL, depois copia buffer em DE até NUL(0) ou SPACE
              	; Nome não pode ter espaços e Diego != diego
2287:         	FS_COPY_NAME_FROM_BUFFER:
2287: 0611    	    LD B, FS_NAME_SZ + 1
2289: 212AFC  	    LD HL, FS_NAMBUF
228C: AF      	    XOR A
228D:         	FS_CLEAR_NUL:
228D: 77      	    LD (HL), A
228E: 23      	    INC HL
228F: 10FC    	    djnz FS_CLEAR_NUL
              	
2291: 0611    	    LD B, FS_NAME_SZ + 1
2293: 212AFC  	    LD HL, FS_NAMBUF
2296:         	FS_COPY_NAME_FROM_BUFFER_LOOP:
2296: 1A      	    LD A, (DE)
2297: FE00    	    CP NUL
2299: C8      	    RET Z
229A: FE20    	    CP SPACE
229C: C8      	    RET Z
229D: 77      	    LD (HL), A
229E: 23      	    INC HL
229F: 13      	    INC DE
22A0: 10F4    	    djnz FS_COPY_NAME_FROM_BUFFER_LOOP
22A2: C9      	    RET
              	
              	; FS_RD_ENTRY: Le entrada FS_CUR → FS_WRKBUF
              	;   EEPROM addr = $0100 + FS_CUR*32
              	;   On exit: Z=OK  NZ=erro
22A3:         	FS_RD_ENTRY:
22A3: C5      	    PUSH BC
22A4: D5      	    PUSH DE
22A5: E5      	    PUSH HL
22A6: 3A09FC  	    LD A, (FS_CUR)
22A9: 07      	    RLCA
22AA: 07      	    RLCA
22AB: 07      	    RLCA
22AC: 07      	    RLCA
22AD: 07      	    RLCA                    ; A = FS_CUR * 32
22AE: 5F      	    LD E, A
22AF: 3A44FD  	    LD A, (FS_DIR_CUR)
22B2: 57      	    LD D, A ; $01
22B3: 210AFC  	    LD HL, FS_WRKBUF
22B6: 012000  	    LD BC, FS_ENTRY_SZ
22B9: CDD41C  	    CALL I2C_MemRd
22BC: E1      	    POP HL
22BD: D1      	    POP DE
22BE: C1      	    POP BC
22BF: C9      	    RET
              	
              	
              	; FS_WR_ENTRY: Grava FS_WRKBUF → EEPROM posicao FS_CUR
              	;   On exit: Z=OK  NZ=erro
22C0:         	FS_WR_ENTRY:
22C0: C5      	    PUSH BC
22C1: D5      	    PUSH DE
22C2: E5      	    PUSH HL
22C3: 3A09FC  	    LD A, (FS_CUR)
22C6: 07      	    RLCA
22C7: 07      	    RLCA
22C8: 07      	    RLCA
22C9: 07      	    RLCA
22CA: 07      	    RLCA
22CB: 5F      	    LD E, A
22CC: 3A44FD  	    LD A, (FS_DIR_CUR)
22CF: 57      	    LD D, A ; $01
22D0: 210AFC  	    LD HL, FS_WRKBUF
22D3: 012000  	    LD BC, FS_ENTRY_SZ
22D6: CD0C1D  	    CALL I2C_MemWr
22D9: E1      	    POP HL
22DA: D1      	    POP DE
22DB: C1      	    POP BC
22DC: C9      	    RET
              	
              	
              	; FS_FIND_FREE: Acha slot livre no diretorio
              	;   On exit: Z=encontrado (FS_CUR=idx)  NZ=cheio
22DD:         	FS_FIND_FREE:
22DD: AF      	    XOR A
22DE: 3209FC  	    LD (FS_CUR), A
22E1: 0608    	    LD B, FS_MAXFILES
22E3:         	FS_FF_LP:
22E3: C5      	    PUSH BC
22E4: CDA322  	    CALL FS_RD_ENTRY
22E7: C20323  	    JP NZ, FS_FF_ERR
22EA: 3A1FFC  	    LD A, (FS_WRKBUF + FS_O_FLAGS)
22ED: FEFF    	    CP FS_FLAG_FREE
22EF: CA0023  	    JP Z, FS_FF_FOUND
22F2: 3A09FC  	    LD A, (FS_CUR)
22F5: 3C      	    INC A
22F6: 3209FC  	    LD (FS_CUR), A
22F9: C1      	    POP BC
22FA: 10E7    	    DJNZ FS_FF_LP
22FC: 3E01    	    LD A, 1
22FE: B7      	    OR A
22FF: C9      	    RET
2300:         	FS_FF_FOUND:
2300: C1      	    POP BC
2301: AF      	    XOR A
2302: C9      	    RET
2303:         	FS_FF_ERR:
2303: C1      	    POP BC
2304: 3E03    	    LD A, ERR_TOUT
2306: B7      	    OR A
2307: C9      	    RET
              	
              	
              	
              	; FS_ALLOC_PG: Aloca primeira pagina livre (>=2) no bitmap
              	;   Registradores: B=pagina, C=bit_index, D=byte_bitmap, E=byte_index, HL=ptr
              	;   On exit: A=pagina (NZ=ok)   A=0 (Z=sem espaco)
2308:         	FS_ALLOC_PG:
              	    ; Le os 16 bytes do bitmap para PG_BUF
2308: 110100  	    LD DE, $0001
230B: 2142FC  	    LD HL, PG_BUF
230E: 011000  	    LD BC, 16
2311: CDD41C  	    CALL I2C_MemRd
2314: C0      	    RET NZ
              	
2315: 0602    	    LD B, 2                 ; B = pagina corrente
              	
2317:         	FS_AP_LOOP:
2317: 78      	    LD A, B
2318: E607    	    AND $07
231A: 4F      	    LD C, A                 ; C = bit_index
              	
231B: 78      	    LD A, B
231C: CB3F    	    SRL A
231E: CB3F    	    SRL A
2320: CB3F    	    SRL A
2322: 5F      	    LD E, A                 ; E = byte_index
              	
2323: 2142FC  	    LD HL, PG_BUF
2326: 1600    	    LD D, 0
2328: 19      	    ADD HL, DE
2329: 56      	    LD D, (HL)              ; D = byte do bitmap
              	
232A: 3E01    	    LD A, 1
232C:         	FS_AP_TBIT:
232C: 0D      	    DEC C
232D: FA3323  	    JP M, FS_AP_TBIT_DONE
2330: 07      	    RLCA
2331: 18F9    	    JR FS_AP_TBIT
2333:         	FS_AP_TBIT_DONE:
2333: A2      	    AND D                   ; 0=ocupado, !=0=livre
2334: 2008    	    JR NZ, FS_AP_FOUND
              	
2336: 04      	    INC B
2337: 78      	    LD A, B
2338: FE80    	    CP 128
233A: 38DB    	    JR C, FS_AP_LOOP
233C: AF      	    XOR A                   ; Z = sem espaco
233D: C9      	    RET
              	
233E:         	FS_AP_FOUND:
              	    ; B = pagina livre. Salva bit_index e byte_index.
233E: 78      	    LD A, B
233F: E607    	    AND $07
2341: 3241FC  	    LD (FS_BMPADDR+1), A    ; bit_index
              	
2344: 78      	    LD A, B
2345: CB3F    	    SRL A
2347: CB3F    	    SRL A
2349: CB3F    	    SRL A
234B: 5F      	    LD E, A                 ; E = byte_index
              	
              	    ; HL = PG_BUF + byte_index
234C: 2142FC  	    LD HL, PG_BUF
234F: 1600    	    LD D, 0
2351: 19      	    ADD HL, DE
              	
              	    ; Mascara = ~(1 << bit_index) para zerar o bit
2352: 3A41FC  	    LD A, (FS_BMPADDR+1)
2355: 4F      	    LD C, A
2356: 3E01    	    LD A, 1
2358:         	FS_AP_MKSHL:
2358: 0D      	    DEC C
2359: FA5F23  	    JP M, FS_AP_MKINV
235C: 07      	    RLCA
235D: 18F9    	    JR FS_AP_MKSHL
235F:         	FS_AP_MKINV:
235F: 2F      	    CPL                     ; ~mascara
              	
2360: A6      	    AND (HL)
2361: 77      	    LD (HL), A              ; atualiza PG_BUF
              	
              	    ; Salva numero da pagina antes do LD BC,1 destruir B
2362: 78      	    LD A, B
2363: 3240FC  	    LD (FS_BMPADDR), A
              	
              	    ; Grava byte atualizado na EEPROM: addr = byte_index + 1
2366: 1600    	    LD D, 0
2368: 1C      	    INC E                   ; E = byte_index + 1
2369: 010100  	    LD BC, 1
236C: CD0C1D  	    CALL I2C_MemWr
236F: C0      	    RET NZ
              	
2370: 3A40FC  	    LD A, (FS_BMPADDR)      ; A = pagina alocada
2373: B7      	    OR A                    ; NZ = sucesso
2374: C9      	    RET
              	
              	; FS_FREE_PG: Libera pagina A no bitmap (seta bit = 1)
              	;   On exit: Z=OK  NZ=erro I2C
2375:         	FS_FREE_PG:
2375: C5      	    PUSH BC
2376: D5      	    PUSH DE
2377: E5      	    PUSH HL
2378: F5      	    PUSH AF                 ; salva numero da pagina
              	
              	    ; bit_index = pagina mod 8
2379: E607    	    AND $07
237B: 4F      	    LD C, A                 ; C = bit_index
              	
              	    ; byte_index = pagina / 8 → endereco EEPROM = byte_index + 1
237C: F1      	    POP AF
237D: F5      	    PUSH AF
237E: CB3F    	    SRL A
2380: CB3F    	    SRL A
2382: CB3F    	    SRL A                   ; A = byte_index
2384: 3C      	    INC A                   ; A = endereco EEPROM (1..16)
2385: 3240FC  	    LD (FS_BMPADDR), A      ; salva endereco
              	
              	    ; Le byte atual do bitmap
              	    ; ATENCAO: LD BC,1 vai sobrescrever C (bit_index)!
              	    ; Salva C na RAM antes.
2388: 79      	    LD A, C
2389: 3241FC  	    LD (FS_BMPADDR+1), A    ; salva bit_index em FS_BMPADDR+1
              	
238C: 3A40FC  	    LD A, (FS_BMPADDR)
238F: 5F      	    LD E, A
2390: 1600    	    LD D, 0
2392: 2139FC  	    LD HL, FS_TMP1
2395: 010100  	    LD BC, 1
2398: CDD41C  	    CALL I2C_MemRd
239B: C2C423  	    JP NZ, FS_FP_ERR
              	
              	    ; Recupera bit_index
239E: 3A41FC  	    LD A, (FS_BMPADDR+1)
23A1: 4F      	    LD C, A                 ; C = bit_index restaurado
              	
              	    ; Constroi mascara = 1 << bit_index
23A2: 3E01    	    LD A, 1
23A4:         	FS_FP_SHL:
23A4: 0D      	    DEC C
23A5: FAAB23  	    JP M, FS_FP_OR
23A8: 07      	    RLCA
23A9: 18F9    	    JR FS_FP_SHL
              	
23AB:         	FS_FP_OR:
23AB: 47      	    LD B, A
23AC: 3A39FC  	    LD A, (FS_TMP1)
23AF: B0      	    OR B                    ; seta o bit (marca pagina como livre)
23B0: 3239FC  	    LD (FS_TMP1), A
              	
              	    ; Grava
23B3: 3A40FC  	    LD A, (FS_BMPADDR)
23B6: 5F      	    LD E, A
23B7: 1600    	    LD D, 0
23B9: 2139FC  	    LD HL, FS_TMP1
23BC: 010100  	    LD BC, 1
23BF: CD0C1D  	    CALL I2C_MemWr
23C2: 1808    	    JR FS_FP_DONE
              	
23C4:         	FS_FP_ERR:
23C4: F1      	    POP AF
23C5: E1      	    POP HL
23C6: D1      	    POP DE
23C7: C1      	    POP BC
23C8: 3E01    	    LD A, 1
23CA: B7      	    OR A
23CB: C9      	    RET
              	
23CC:         	FS_FP_DONE:
23CC: F1      	    POP AF
23CD: E1      	    POP HL
23CE: D1      	    POP DE
23CF: C1      	    POP BC
23D0: C9      	    RET
              	
              	; FS_FREE_CHAIN: Libera cadeia de paginas a partir da pagina A
              	;   On exit: Z=OK  NZ=erro
23D1:         	FS_FREE_CHAIN:
23D1: B7      	    OR A
23D2: C8      	    RET Z
              	
23D3:         	FS_FC_LP:
23D3: 3240FC  	    LD (FS_BMPADDR), A      ; salva pagina corrente
              	
              	    ; Primeiro le o next page (antes de liberar)
23D6: 57      	    LD D, A
23D7: 1E00    	    LD E, 0
23D9: 2139FC  	    LD HL, FS_TMP1
23DC: 010100  	    LD BC, 1
23DF: CDD41C  	    CALL I2C_MemRd
23E2: 201C    	    JR NZ, FS_FC_ERR
              	
              	    ; Salva next page no stack (FS_FREE_PG vai usar FS_BMPADDR/+1)
23E4: 3A39FC  	    LD A, (FS_TMP1)
23E7: F5      	    PUSH AF                 ; [1] next page
              	
              	    ; Pequeno delay para o barramento I2C se estabilizar entre as operacoes
              	    ; Abre e fecha a EEPROM ate receber ACK (write cycle polling)
23E8:         	FS_FC_WAIT:
23E8: 3EAE    	    LD A, $AE
23EA: CD601A  	    CALL I2C_Open
23ED: CD671A  	    CALL I2C_Close
23F0: 20F6    	    JR NZ, FS_FC_WAIT       ; aguarda EEPROM pronta
              	
              	    ; Libera a pagina
23F2: 3A40FC  	    LD A, (FS_BMPADDR)
23F5: CD7523  	    CALL FS_FREE_PG
23F8: 2010    	    JR NZ, FS_FC_ERR2
              	
23FA: F1      	    POP AF                  ; [1] A = next page
23FB: B7      	    OR A
23FC: 20D5    	    JR NZ, FS_FC_LP         ; continua na proxima pagina
              	
23FE: AF      	    XOR A
23FF: C9      	    RET
              	
2400:         	FS_FC_ERR:
2400: 211524  	    LD HL, str_fc_err
2403: CD9304  	    CALL PUTS
2406: 3E01    	    LD A, 1
2408: B7      	    OR A
2409: C9      	    RET
240A:         	FS_FC_ERR2:
240A: F1      	    POP AF                  ; [1]
240B: 211524  	    LD HL, str_fc_err
240E: CD9304  	    CALL PUTS
2411: 3E01    	    LD A, 1
2413: B7      	    OR A
2414: C9      	    RET
              	
2415: 46432045	str_fc_err:  .TEXT "FC ERRO!"
2419: 52524F21	
241D: 0D0A00  	             .DB CR, LF, 0
              	
              	
              	
              	; FS_WRITE_PG: Grava pagina A com dados de FS_TMPRAM
              	;   Grava min(FS_TMPSZ, 255) bytes. Atualiza FS_TMPRAM e FS_TMPSZ.
              	;   byte 0 da pagina = $00 (next=fim; FS_SET_NEXT corrige se necessario)
              	;   On exit: Z=OK  NZ=erro
              	;   Preserva: BC DE HL
2420:         	FS_WRITE_PG:
2420: C5      	    PUSH BC
2421: D5      	    PUSH DE
2422: E5      	    PUSH HL
2423: F5      	    PUSH AF                 ; A = numero da pagina
              	
              	    ; Calcula quantos bytes gravar: min(FS_TMPSZ, 255)
2424: 2A3AFC  	    LD HL, (FS_TMPSZ)
2427: 7C      	    LD A, H
2428: B7      	    OR A
2429: 2005    	    JR NZ, FS_WP_USE255     ; HL >= 256: usa 255
242B: 7D      	    LD A, L
242C: FEFF    	    CP FS_DATAPG            ; L < 255?
242E: 3804    	    JR C, FS_WP_USELT       ; sim: usa L
2430:         	FS_WP_USE255:
2430: 0EFF    	    LD C, FS_DATAPG         ; C = 255
2432: 1801    	    JR FS_WP_COPY
2434:         	FS_WP_USELT:
2434: 4D      	    LD C, L                 ; C = L (< 255)
              	
2435:         	FS_WP_COPY:
              	    ; C = bytes a gravar (1..255). Salva em D para nao perder.
2435: 51      	    LD D, C                 ; D = bytes a gravar
              	
              	    ; Monta PG_BUF[0..$FF]:
              	    ;   [0]    = $00 (next page, sera corrigido por FS_SET_NEXT)
              	    ;   [1..C] = dados da RAM
              	    ;   [C+1..$FF] = $FF (padding)
2436: 2142FC  	    LD HL, PG_BUF
2439: 3600    	    LD (HL), $00            ; byte 0 = next = $00
243B: 23      	    INC HL                  ; HL = PG_BUF + 1
              	
              	    ; Copia D bytes de FS_TMPRAM para PG_BUF+1
              	    ; Usa IX como ponteiro de origem (LD BC,(nn) pode nao funcionar no zasm)
243C: DD2A3CFC	    LD IX, (FS_TMPRAM)      ; IX = ponteiro RAM origem
2440: 5A      	    LD E, D                 ; E = contador de copia
2441:         	FS_WP_CPLOOP:
2441: DD7E00  	    LD A, (IX+0)            ; le da RAM origem
2444: 77      	    LD (HL), A              ; grava no PG_BUF
2445: DD23    	    INC IX
2447: 23      	    INC HL
2448: 1D      	    DEC E
2449: 20F6    	    JR NZ, FS_WP_CPLOOP
              	
              	    ; Padding $FF ate completar 256 bytes (posicoes D+1 a 255)
              	    ; Bytes de padding = 255 - D
244B: 3EFF    	    LD A, FS_DATAPG         ; 255
244D: 92      	    SUB D                   ; A = 255 - D (bytes de padding)
244E: 2807    	    JR Z, FS_WP_NOPAD       ; sem padding (D=255, pagina cheia)
2450: 5F      	    LD E, A
2451:         	FS_WP_PADLOOP:
2451: 36FF    	    LD (HL), $FF
2453: 23      	    INC HL
2454: 1D      	    DEC E
2455: 20FA    	    JR NZ, FS_WP_PADLOOP
2457:         	FS_WP_NOPAD:
              	
              	    ; Grava PG_BUF inteiro (256 bytes) na EEPROM
              	    ; Endereco EEPROM = pagina * 256 (D = pagina, E = 0)
2457: F1      	    POP AF                  ; A = numero da pagina
2458: F5      	    PUSH AF
2459: 57      	    LD D, A
245A: 1E00    	    LD E, 0
245C: 2142FC  	    LD HL, PG_BUF
245F: 010001  	    LD BC, 256
2462: CD0C1D  	    CALL I2C_MemWr
2465: C29224  	    JP NZ, FS_WP_ERR
              	
              	    ; Atualiza FS_TMPRAM += D_bytes_gravados
2468: F1      	    POP AF                  ; A = pagina (descarta)
2469: E1      	    POP HL                  ; restaura HL original
246A: D1      	    POP DE                  ; restaura DE original
246B: C1      	    POP BC                  ; restaura BC original
              	
              	    ; Recalcula com D = bytes gravados
              	    ; D foi preservado? Nao — foi sobrescrito por LD D, A (pagina).
              	    ; Usamos FS_TMPSZ antes e depois para calcular o que foi gravado:
              	    ; bytes_gravados = min(TMPSZ_antes, 255)
              	    ; Mais simples: relemos FS_TMPSZ e FS_TMPRAM e atualizamos
              	    ; Mas D foi sobrescrito... precisamos salvar D antes do I2C_MemWr.
              	    ; SOLUCAO: salvar D (bytes) em FS_TMP1 antes de gravar.
              	    ; Para nao refatorar todo o fluxo acima, usamos um truque:
              	    ; bytes_gravados = FS_TMPSZ se < 255, ou 255 se >= 255.
              	    ; Recalcula de FS_TMPSZ:
246C: 2A3AFC  	    LD HL, (FS_TMPSZ)
246F: 7C      	    LD A, H
2470: B7      	    OR A
2471: 2005    	    JR NZ, FS_WP_UPD255
2473: 7D      	    LD A, L
2474: FEFF    	    CP FS_DATAPG
2476: 3805    	    JR C, FS_WP_UPDLT
2478:         	FS_WP_UPD255:
2478: 01FF00  	    LD BC, FS_DATAPG        ; bytes gravados = 255
247B: 1803    	    JR FS_WP_UPDATE
247D:         	FS_WP_UPDLT:
247D: 0600    	    LD B, 0
247F: 4D      	    LD C, L                 ; bytes gravados = L
              	
2480:         	FS_WP_UPDATE:
              	    ; FS_TMPRAM += BC
2480: 2A3CFC  	    LD HL, (FS_TMPRAM)
2483: 09      	    ADD HL, BC
2484: 223CFC  	    LD (FS_TMPRAM), HL
              	    ; FS_TMPSZ -= BC
2487: 2A3AFC  	    LD HL, (FS_TMPSZ)
248A: B7      	    OR A                    ; limpa carry
248B: ED42    	    SBC HL, BC
248D: 223AFC  	    LD (FS_TMPSZ), HL
2490: AF      	    XOR A                   ; Z = sucesso
2491: C9      	    RET
              	
2492:         	FS_WP_ERR:
2492: F1      	    POP AF
2493: E1      	    POP HL
2494: D1      	    POP DE
2495: C1      	    POP BC
2496: 3E01    	    LD A, 1
2498: B7      	    OR A
2499: C9      	    RET
              	
              	; FS_SET_NEXT: Escreve byte 0 da pagina A com valor B
              	;   On exit: Z=OK  NZ=erro
249A:         	FS_SET_NEXT:
249A: C5      	    PUSH BC
249B: D5      	    PUSH DE
249C: E5      	    PUSH HL
249D: 57      	    LD D, A
249E: 1E00    	    LD E, 0
24A0: 78      	    LD A, B
24A1: 3239FC  	    LD (FS_TMP1), A
24A4: 2139FC  	    LD HL, FS_TMP1
24A7: 010100  	    LD BC, 1
24AA: CD0C1D  	    CALL I2C_MemWr
24AD: E1      	    POP HL
24AE: D1      	    POP DE
24AF: C1      	    POP BC
24B0: C9      	    RET
              	
              	
              	
              	; FS_FIND_NAME: Busca FS_NAMBUF no diretorio
              	;   On exit: Z=encontrado (FS_CUR=idx, FS_WRKBUF=entrada)
              	;            NZ=nao encontrado
24B1:         	FS_FIND_NAME:
24B1: AF      	    XOR A
24B2: 3209FC  	    LD (FS_CUR), A
24B5: 0608    	    LD B, FS_MAXFILES
24B7:         	FS_FN_LP:
24B7: C5      	    PUSH BC
24B8: CDA322  	    CALL FS_RD_ENTRY
24BB: C2EA24  	    JP NZ, FS_FN_ERR
24BE: 3A1FFC  	    LD A, (FS_WRKBUF + FS_O_FLAGS)
24C1: FE01    	    CP FS_FLAG_USED
24C3: 2017    	    JR NZ, FS_FN_NXT
24C5: 212AFC  	    LD HL, FS_NAMBUF
24C8: 110AFC  	    LD DE, FS_WRKBUF + FS_O_NAME
24CB: 0E10    	    LD C, FS_NAME_SZ
24CD:         	FS_FN_CMP:
24CD: 7E      	    LD   A, (HL)
24CE: 47      	    LD   B, A
24CF: 1A      	    LD   A, (DE)
24D0: B8      	    CP   B
24D1: C2DC24  	    JP  NZ, FS_FN_NXT
24D4: 23      	    INC HL
24D5: 13      	    INC DE
24D6: 0D      	    DEC C
24D7: 20F4    	    JR NZ, FS_FN_CMP
24D9: C1      	    POP BC
24DA: AF      	    XOR A
24DB: C9      	    RET
24DC:         	FS_FN_NXT:
24DC: 3A09FC  	    LD A, (FS_CUR)
24DF: 3C      	    INC A
24E0: 3209FC  	    LD (FS_CUR), A
24E3: C1      	    POP BC
24E4: 10D1    	    DJNZ FS_FN_LP
24E6: 3E01    	    LD A, 1
24E8: B7      	    OR A
24E9: C9      	    RET
24EA:         	FS_FN_ERR:
24EA: C1      	    POP BC
24EB: 3E03    	    LD A, ERR_TOUT
24ED: B7      	    OR A
24EE: C9      	    RET
              	
              	
              	
              	
              	; FS_FIND_FOLDER_NAME: Busca FS_NAMBUF no diretorio
              	;   On exit: Z=encontrado (FS_CUR=idx, FS_WRKBUF=entrada)
              	;            NZ=nao encontrado
24EF:         	FS_FIND_FOLDER_NAME:
24EF: AF      	    XOR A
24F0: 3209FC  	    LD (FS_CUR), A
24F3: 0608    	    LD B, FS_MAXFILES
24F5:         	FS_FFN_LP:
24F5: C5      	    PUSH BC
24F6: CDA322  	    CALL FS_RD_ENTRY
24F9: C22825  	    JP NZ, FS_FFN_ERR
24FC: 3A1FFC  	    LD A, (FS_WRKBUF + FS_O_FLAGS)
24FF: FE02    	    CP FS_FLAG_USED_FOLDER
2501: 2017    	    JR NZ, FS_FFN_NXT
2503: 212AFC  	    LD HL, FS_NAMBUF
2506: 110AFC  	    LD DE, FS_WRKBUF + FS_O_NAME
2509: 0E10    	    LD C, FS_NAME_SZ
250B:         	FS_FFN_CMP:
250B: 7E      	    LD   A, (HL)
250C: 47      	    LD   B, A
250D: 1A      	    LD   A, (DE)
250E: B8      	    CP   B
250F: C21A25  	    JP  NZ, FS_FFN_NXT
2512: 23      	    INC HL
2513: 13      	    INC DE
2514: 0D      	    DEC C
2515: 20F4    	    JR NZ, FS_FFN_CMP
2517: C1      	    POP BC
2518: AF      	    XOR A
2519: C9      	    RET
251A:         	FS_FFN_NXT:
251A: 3A09FC  	    LD A, (FS_CUR)
251D: 3C      	    INC A
251E: 3209FC  	    LD (FS_CUR), A
2521: C1      	    POP BC
2522: 10D1    	    DJNZ FS_FFN_LP
2524: 3E01    	    LD A, 1
2526: B7      	    OR A
2527: C9      	    RET
2528:         	FS_FFN_ERR:
2528: C1      	    POP BC
2529: 3E03    	    LD A, ERR_TOUT
252B: B7      	    OR A
252C: C9      	    RET
              	
              	
              	
              	
              	
              	; **********************************************************************
              	; Handlers de erro comuns
              	; **********************************************************************
252D:         	FS_ERR_I2C:
252D: 216B25  	    LD HL, str_i2cerr
2530: CD9304  	    CALL PUTS
2533: C9      	    RET
2534:         	FS_ERR_I2C_POP:
2534: C1      	    POP BC
2535: 216B25  	    LD HL, str_i2cerr
2538: CD9304  	    CALL PUTS
253B: C9      	    RET
253C:         	FS_ERR_FULL:
253C: 217625  	    LD HL, str_dirfull
253F: CD9304  	    CALL PUTS
2542: C9      	    RET
2543:         	FS_ERR_NOSPACE:
2543: 219025  	    LD HL, str_nospace
2546: CD9304  	    CALL PUTS
2549: C9      	    RET
254A:         	FS_ABORT:
254A: 21A725  	    LD HL, str_abort
254D: CD9304  	    CALL PUTS
2550: C9      	    RET
2551:         	FS_ERR_FOLDER_EXIST:
2551: 217B26  	    LD HL, str_dir_hasFolder
2554: CD9304  	    CALL PUTS
2557: C9      	    RET
              	
              	; **********************************************************************
              	; STRINGS
              	; **********************************************************************
2558:         	str_empty:
2558: 2876617A	    .TEXT "(vazio)"
255C: 696F29  	
255F: 0D00    	    .DB CR, 0
              	
2561:         	str_nfiles:
2561: 20697465	    .TEXT " item(s)"
2565: 6D287329	
2569: 0D00    	    .DB CR, 0
              	
256B:         	str_i2cerr:
256B: 4572726F	    .TEXT "Erro I2C!"
256F: 20493243	
2573: 21      	
2574: 0D00    	    .DB CR, 0
              	
2576:         	str_dirfull:
2576: 44697265	    .TEXT "Diretorio cheio! (max 8)"
257A: 746F7269	
257E: 6F206368	
2582: 65696F21	
2586: 20286D61	
258A: 78203829	
258E: 0D00    	    .DB CR, 0
              	
2590:         	str_nospace:
2590: 53656D20	    .TEXT "Sem espaco na EEPROM!"
2594: 65737061	
2598: 636F206E	
259C: 61204545	
25A0: 50524F4D	
25A4: 21      	
25A5: 0D00    	    .DB CR, 0
              	
25A7:         	str_abort:
25A7: 43616E63	    .TEXT "Cancelado."
25AB: 656C6164	
25AF: 6F2E    	
25B1: 0D00    	    .DB CR, 0
              	
25B3:         	str_notfound:
25B3: 4E616F20	    .TEXT "Nao encontrado."
25B7: 656E636F	
25BB: 6E747261	
25BF: 646F2E  	
25C2: 0D00    	    .DB CR, 0
              	
25C4:         	str_running:
25C4: 45786563	    .TEXT "Executando..."
25C8: 7574616E	
25CC: 646F2E2E	
25D0: 2E      	
25D1: 0D00    	    .DB CR, 0
              	
25D3:         	str_saved:
25D3: 41727175	    .TEXT "Arquivo salvo!"
25D7: 69766F20	
25DB: 73616C76	
25DF: 6F21    	
25E1: 0D00    	    .DB CR, 0
              	
25E3:         	str_sure:
25E3: 202D2043	    .TEXT " - Confirmar (S/N)? "
25E7: 6F6E6669	
25EB: 726D6172	
25EF: 2028532F	
25F3: 4E293F20	
25F7: 0D00    	    .DB CR, 0
              	
25F9:         	str_erased:
25F9: 41706167	    .TEXT "Apagado."
25FD: 61646F2E	
2601: 0D00    	    .DB CR, 0
              	
2603:         	str_fmt_ask:
2603: 466F726D	    .TEXT "Formatar? Apaga tudo. (S/N):"
2607: 61746172	
260B: 3F204170	
260F: 61676120	
2613: 7475646F	
2617: 2E202853	
261B: 2F4E293A	
261F: 0D00    	    .DB CR, 0
2621:         	str_wait:
2621: 41677561	    .TEXT "Aguarde..."
2625: 7264652E	
2629: 2E2E    	
262B: 0D00    	    .DB CR, 0
262D:         	str_ok:
262D: 4F4B2E  	    .TEXT "OK."
2630: 0D00    	    .DB CR, 0
              	
2632:         	str_loadat:
2632: 43617272	    .TEXT "Carregado em: "
2636: 65676164	
263A: 6F20656D	
263E: 3A20    	
2640: 0D00    	    .DB CR, 0
              	
2642:         	str_notfmt:
2642: 45455052	    .TEXT "EEPROM nao formatada. Use FORMAT."
2646: 4F4D206E	
264A: 616F2066	
264E: 6F726D61	
2652: 74616461	
2656: 2E205573	
265A: 6520464F	
265E: 524D4154	
2662: 2E      	
2663: 0D00    	    .DB CR, 0
              	
2665:         	str_dir_hdr:
2665: 4E414D45	    .TEXT "NAME-SIZE-LOAD-1aPAG"
2669: 2D53495A	
266D: 452D4C4F	
2671: 41442D31	
2675: 61504147	
2679: 0D00    	    .DB CR, 0
              	
267B:         	str_dir_hasFolder:
267B: 50617374	    .TEXT "Pasta ja existe!"
267F: 61206A61	
2683: 20657869	
2687: 73746521	
268B: 0D00    	    .DB CR, 0
              	
268D:         	str_created_folder:
268D: 50617374	    .TEXT "Pasta criada"
2691: 61206372	
2695: 69616461	
2699: 0D00    	    .DB CR, 0
              	
269B:         	str_not_empty_folder:
269B: 50617374	    .TEXT "Pasta nao esta vazia!"
269F: 61206E61	
26A3: 6F206573	
26A7: 74612076	
26AB: 617A6961	
26AF: 21      	
26B0: 0D00    	    .DB CR, 0
              	
              	
26B2:         	str_info_hdr:
26B2: 3D3D3D20	    .TEXT "=== EEPROM Space ==="
26B6: 45455052	
26BA: 4F4D2053	
26BE: 70616365	
26C2: 203D3D3D	
26C6: 0D0A00  	    .DB CR, LF, 0
26C9:         	str_inf_pags:
26C9: 20706167	    .TEXT " pags"
26CD: 73      	
26CE: 0D0A00  	    .DB CR, LF, 0
26D1:         	str_inf_used:
26D1: 55736164	    .TEXT "Usado: "
26D5: 6F3A20  	
26D8: 00      	    .DB 0
26D9:         	str_inf_free:
26D9: 4C697672	    .TEXT "Livre: "
26DD: 653A20  	
26E0: 00      	    .DB 0
26E1:         	str_inf_pags_nl:
26E1: 20706167	    .TEXT " pags."
26E5: 732E    	
26E7: 00      	    .DB 0
26E8:         	str_inf_bytes_nl:
26E8: 20627974	    .TEXT " bytes aprox"
26EC: 65732061	
26F0: 70726F78	
26F4: 0D0A00  	    .DB CR, LF, 0
              	#include "API.asm"
              	
              	; Não altera nenhum registrador
26F7:         	DELAY_500MS:
26F7: D5      	    PUSH DE
26F8: 11F401  	    LD DE, $01F4
26FB: CD4603  	    CALL H_Delay
26FE: D1      	    POP DE
26FF: C9      	    RET
              	
2700:         	SET_DEFAULT_SERIAL_A:
2700: 21A610  	    LD    HL,TXDATA
2703: 229EFB  	    LD    (PUTCH),HL ;USE THE BITBANG SERIAL TRANSMIT
2706: 21B910  	    LD    HL,RXDATA
2709: 22A0FB  	    LD    (GETCH),HL  ;USE THE BITBANG SERIAL RECEIVE
270C: C9      	    RET
              	
270D:         	SET_DEFAULT_SERIAL_B:
270D: 21C510  	    LD    HL,TXDATA_B
2710: 229EFB  	    LD    (PUTCH),HL ;USE THE BITBANG SERIAL TRANSMIT
2713: 21D810  	    LD    HL,RXDATA_B
2716: 22A0FB  	    LD    (GETCH),HL  ;USE THE BITBANG SERIAL RECEIVE
2719: C9      	    RET
              	
              	;------------------------------------------------------------------------------
              	; Pegar 2 caracteres ASCII (0-9 A-F) converte em um byte em A
              	;------------------------------------------------------------------------------
271A: CD6219  	SERIAL_GET_HEX_A:   CALL GETCHR_S	; Get us a valid character to work with
271D: 47      	    LD   B,A	; Load it in B
271E: CD6219  	    CALL GETCHR_S	; Get us another character
2721: 4F      	    LD   C,A	; load it in C
2722: CD7E19  	    CALL BCTOA	; Convert ASCII to byte
2725: C9      	    RET
              	
              	;------------------------------------------------------------------------------
              	; Pegar 4 caracteres ASCII (0-9 A-F) converte em HL
              	;------------------------------------------------------------------------------
2726:         	SERIAL_GET_HEX_HL:
2726: CD1A27  	    CALL SERIAL_GET_HEX_A	        ; Endereco High -> H
2729: 67      		LD   H,A
272A: CD1A27  		CALL SERIAL_GET_HEX_A	        ; Endereco Low -> L
272D: 6F      		LD   L,A
272E: C9      	    RET
              	
              	
              	
272F: 0D0A5A38	WELLCOME: .db CR, LF, "Z80 Mini Iniciado", CR, LF, 00H
2733: 30204D69	
2737: 6E692049	
273B: 6E696369	
273F: 61646F0D	
2743: 0A00    	
2745: 5A383020	WELLCOME_LCD: .db "Z80 Mini - Mon BIOS", CR, 00H
2749: 4D696E69	
274D: 202D204D	
2751: 6F6E2042	
2755: 494F530D	
2759: 00      	
              	
275A: 484F4D45	FOLDER_HOME: .db "HOME", 00H
275E: 00      	
              	
              	#include "MSBASIC.asm"
              	;==================================================================================
              	; The updates to the original BASIC within this file are copyright Grant Searle
              	;
              	; You have permission to use this for NON COMMERCIAL USE ONLY
              	; If you wish to use it elsewhere, please include an acknowledgement to myself.
              	;
              	; http://searle.hostei.com/grant/index.html
              	;
              	; eMail: home.micros01@btinternet.com
              	;
              	; If the above don't work, please perform an Internet search to see if I have
              	; updated the web page hosting service.
              	;
              	;==================================================================================
              	
              	; GENERAL EQUATES
              	
0003:         	CTRLC   .EQU    03H             ; Control "C"
0007:         	CTRLG   .EQU    07H             ; Control "G"
0008:         	BKSP    .EQU    08H             ; Back space
000A:         	LF      .EQU    0AH             ; Line feed
000C:         	CS      .EQU    0CH             ; Clear screen
000D:         	CR      .EQU    0DH             ; Carriage return
000F:         	CTRLO   .EQU    0FH             ; Control "O"
0011:         	CTRLQ	.EQU	11H		        ; Control "Q"
0012:         	CTRLR   .EQU    12H             ; Control "R"
0013:         	CTRLS   .EQU    13H             ; Control "S"
0015:         	CTRLU   .EQU    15H             ; Control "U"
001B:         	ESC     .EQU    1BH             ; Escape
007F:         	DEL     .EQU    7FH             ; Delete
              	
              	
              	; BASIC WORK SPACE LOCATIONS
              	
8000:         	WRKSPC  .EQU    8000H             ; BASIC Work space |32768|
8003:         	USR     .EQU    WRKSPC+3H           ; "USR (x)" jump
8006:         	OUTSUB  .EQU    WRKSPC+6H           ; "OUT p,n"
8007:         	OTPORT  .EQU    WRKSPC+7H           ; Port (p)
8009:         	DIVSUP  .EQU    WRKSPC+9H           ; Division support routine
800A:         	DIV1    .EQU    WRKSPC+0AH           ; <- Values
800E:         	DIV2    .EQU    WRKSPC+0EH           ; <-   to
8012:         	DIV3    .EQU    WRKSPC+12H           ; <-   be
8015:         	DIV4    .EQU    WRKSPC+15H           ; <-inserted
8017:         	SEED    .EQU    WRKSPC+17H           ; Random number seed
803A:         	LSTRND  .EQU    WRKSPC+3AH           ; Last random number
803E:         	INPSUB  .EQU    WRKSPC+3EH           ; #INP (x)" Routine
803F:         	INPORT  .EQU    WRKSPC+3FH           ; PORT (x)
8041:         	NULLS   .EQU    WRKSPC+41H           ; Number of nulls
8042:         	LWIDTH  .EQU    WRKSPC+42H           ; Terminal width
8043:         	COMMAN  .EQU    WRKSPC+43H           ; Width for commas
8044:         	NULFLG  .EQU    WRKSPC+44H           ; Null after input byte flag
8045:         	CTLOFG  .EQU    WRKSPC+45H           ; Control "O" flag
8046:         	LINESC  .EQU    WRKSPC+46H           ; Lines counter
8048:         	LINESN  .EQU    WRKSPC+48H           ; Lines number
804A:         	CHKSUM  .EQU    WRKSPC+4AH           ; Array load/save check sum
804C:         	NMIFLG  .EQU    WRKSPC+4CH           ; Flag for NMI break routine
804D:         	BRKFLG  .EQU    WRKSPC+4DH           ; Break flag
804E:         	RINPUT  .EQU    WRKSPC+4EH           ; Input reflection
8051:         	POINT   .EQU    WRKSPC+51H           ; "POINT" reflection (unused)
8054:         	PSET    .EQU    WRKSPC+54H           ; "SET"   reflection
8057:         	RESET   .EQU    WRKSPC+57H           ; "RESET" reflection
805A:         	STRSPC  .EQU    WRKSPC+5AH           ; Bottom of string space
805C:         	LINEAT  .EQU    WRKSPC+5CH           ; Current line number
805E:         	BASTXT  .EQU    WRKSPC+5EH           ; Pointer to start of program
8061:         	BUFFER  .EQU    WRKSPC+61H           ; Input buffer
8066:         	STACK   .EQU    WRKSPC+66H           ; Initial stack
80AB:         	CURPOS  .EQU    WRKSPC+0ABH          ; Character position on line
80AC:         	LCRFLG  .EQU    WRKSPC+0ACH          ; Locate/Create flag
80AD:         	TYPE    .EQU    WRKSPC+0ADH          ; Data type flag
80AE:         	DATFLG  .EQU    WRKSPC+0AEH          ; Literal statement flag
80AF:         	LSTRAM  .EQU    WRKSPC+0AFH          ; Last available RAM
80B1:         	TMSTPT  .EQU    WRKSPC+0B1H          ; Temporary string pointer
80B3:         	TMSTPL  .EQU    WRKSPC+0B3H          ; Temporary string pool
80BF:         	TMPSTR  .EQU    WRKSPC+0BFH          ; Temporary string
80C3:         	STRBOT  .EQU    WRKSPC+0C3H          ; Bottom of string space
80C5:         	CUROPR  .EQU    WRKSPC+0C5H          ; Current operator in EVAL
80C7:         	LOOPST  .EQU    WRKSPC+0C7H          ; First statement of loop
80C9:         	DATLIN  .EQU    WRKSPC+0C9H          ; Line of current DATA item
80CB:         	FORFLG  .EQU    WRKSPC+0CBH          ; "FOR" loop flag
80CC:         	LSTBIN  .EQU    WRKSPC+0CCH          ; Last byte entered
80CD:         	READFG  .EQU    WRKSPC+0CDH          ; Read/Input flag
80CE:         	BRKLIN  .EQU    WRKSPC+0CEH          ; Line of break
80D0:         	NXTOPR  .EQU    WRKSPC+0D0H          ; Next operator in EVAL
80D2:         	ERRLIN  .EQU    WRKSPC+0D2H          ; Line of error
80D4:         	CONTAD  .EQU    WRKSPC+0D4H          ; Where to CONTinue
80D6:         	PROGND  .EQU    WRKSPC+0D6H          ; End of program
80D8:         	VAREND  .EQU    WRKSPC+0D8H          ; End of variables
80DA:         	ARREND  .EQU    WRKSPC+0DAH          ; End of arrays
80DC:         	NXTDAT  .EQU    WRKSPC+0DCH          ; Next data item
80DE:         	FNRGNM  .EQU    WRKSPC+0DEH          ; Name of FN argument
80E0:         	FNARG   .EQU    WRKSPC+0E0H          ; FN argument value
80E4:         	FPREG   .EQU    WRKSPC+0E4H          ; Floating point register
80E7:         	FPEXP   .EQU    FPREG+3         ; Floating point exponent
80E8:         	SGNRES  .EQU    WRKSPC+0E8H     ; Sign of result
80E9:         	PBUFF   .EQU    WRKSPC+0E9H     ; Number print buffer
80F6:         	MULVAL  .EQU    WRKSPC+0F6H     ; Multiplier
80F9:         	PROGST  .EQU    WRKSPC+0F9H     ; Start of program text area |33280 + 249 = 33529|
815D:         	STLOOK  .EQU    WRKSPC+15DH     ; Start of memory test
              	
              	; BASIC ERROR CODE VALUES
              	
0000:         	NF      .EQU    00H             ; NEXT without FOR
0002:         	SN      .EQU    02H             ; Syntax error
0004:         	RG      .EQU    04H             ; RETURN without GOSUB
0006:         	OD      .EQU    06H             ; Out of DATA
0008:         	FC      .EQU    08H             ; Function call error
000A:         	OV      .EQU    0AH             ; Overflow
000C:         	OM      .EQU    0CH             ; Out of memory
000E:         	UL      .EQU    0EH             ; Undefined line number
0010:         	BS      .EQU    10H             ; Bad subscript
0012:         	DD      .EQU    12H             ; Re-DIMensioned array
0014:         	DZ      .EQU    14H             ; Division by zero (/0)
0016:         	ID      .EQU    16H             ; Illegal direct
0018:         	TM      .EQU    18H             ; Type miss-match
001A:         	OS      .EQU    1AH             ; Out of string space
001C:         	LS      .EQU    1CH             ; String too long
001E:         	ST      .EQU    1EH             ; String formula too complex
0020:         	CN      .EQU    20H             ; Can't CONTinue
0022:         	UF      .EQU    22H             ; UnDEFined FN function
0024:         	MO      .EQU    24H             ; Missing operand
0026:         	HX      .EQU    26H             ; HEX error
0028:         	BN      .EQU    28H             ; BIN error
              	
              	        .ORG    $6000
              	
6000: C30660  	COLD:   JP      STARTB          ; Jump for cold start
6003: C3A460  	WARM:   JP      WARMST          ; Jump for warm start
6006:         	STARTB: 
6006: DD210000	        LD      IX,0            ; Flag cold start
600A: C31160  	        JP      CSTART          ; Jump to initialise
              	
600D: AE68    	        .WORD   DEINT           ; Get integer -32768 to 32767
600F: 2470    	        .WORD   ABPASS          ; Return integer in AB
              	
              	
6011: 210080  	CSTART: LD      HL,WRKSPC       ; Start of workspace RAM
6014: F9      	        LD      SP,HL           ; Set up a temporary stack
6015: C3437C  	        JP      INITST          ; Go to initialise
              	
6018: 11C562  	INIT:   LD      DE,INITAB       ; Initialise workspace
601B: 0663    	        LD      B,INITBE-INITAB+3; Bytes to copy
601D: 210080  	        LD      HL,WRKSPC       ; Into workspace RAM
6020: 1A      	COPY:   LD      A,(DE)          ; Get source
6021: 77      	        LD      (HL),A          ; To destination
6022: 23      	        INC     HL              ; Next destination
6023: 13      	        INC     DE              ; Next source
6024: 05      	        DEC     B               ; Count bytes
6025: C22060  	        JP      NZ,COPY         ; More to move
6028: F9      	        LD      SP,HL           ; Temporary stack
6029: CDC664  	        CALL    CLREG           ; Clear registers and stack
602C: CDA46A  	        CALL    PRNTCRLF        ; Output CRLF
602F: 32AA80  	        LD      (BUFFER+72+1),A ; Mark end of buffer
6032: 32F980  	        LD      (PROGST),A      ; Initialise program area
6035: 21CF60  	MSIZE:  LD      HL,MEMMSG       ; Point to message
6038: CD4271  	        CALL    PRS             ; Output "Memory size"
603B: CDE364  	        CALL    PROMPT          ; Get input with '?'
603E: CDFC67  	        CALL    GETCHR          ; Get next character
6041: B7      	        OR      A               ; Set flags
6042: C25A60  	        JP      NZ,TSTMEM       ; If number - Test if RAM there
6045: 215D81  	        LD      HL,STLOOK       ; Point to start of RAM
6048: 23      	MLOOP:  INC     HL              ; Next byte
6049: 7C      	        LD      A,H             ; Above address FFFF ?
604A: B5      	        OR      L
604B: CA6C60  	        JP      Z,SETTOP        ; Yes - 64K RAM
604E: 7E      	        LD      A,(HL)          ; Get contents
604F: 47      	        LD      B,A             ; Save it
6050: 2F      	        CPL                     ; Flip all bits
6051: 77      	        LD      (HL),A          ; Put it back
6052: BE      	        CP      (HL)            ; RAM there if same
6053: 70      	        LD      (HL),B          ; Restore old contents
6054: CA4860  	        JP      Z,MLOOP         ; If RAM - test next byte
6057: C36C60  	        JP      SETTOP          ; Top of RAM found
              	
605A: CDC868  	TSTMEM: CALL    ATOH            ; Get high memory into DE
605D: B7      	        OR      A               ; Set flags on last byte
605E: C29463  	        JP      NZ,SNERR        ; ?SN Error if bad character
6061: EB      	        EX      DE,HL           ; Address into HL
6062: 2B      	        DEC     HL              ; Back one byte
6063: 3ED9    	        LD      A,11011001B     ; Test byte
6065: 46      	        LD      B,(HL)          ; Get old contents
6066: 77      	        LD      (HL),A          ; Load test byte
6067: BE      	        CP      (HL)            ; RAM there if same
6068: 70      	        LD      (HL),B          ; Restore old contents
6069: C23560  	        JP      NZ,MSIZE        ; Ask again if no RAM
              	
606C: 2B      	SETTOP: DEC     HL              ; Back one byte
606D: 115C81  	        LD      DE,STLOOK-1     ; See if enough RAM
6070: CD5C66  	        CALL    CPDEHL          ; Compare DE with HL
6073: DA3560  	        JP      C,MSIZE         ; Ask again if not enough RAM
6076: 11CEFF  	        LD      DE,0-50         ; 50 Bytes string space
6079: 22AF80  	        LD      (LSTRAM),HL     ; Save last available RAM
607C: 19      	        ADD     HL,DE           ; Allocate string space
607D: 225A80  	        LD      (STRSPC),HL     ; Save string space
6080: CDA164  	        CALL    CLRPTR          ; Clear program area
6083: 2A5A80  	        LD      HL,(STRSPC)     ; Get end of memory
6086: 11EFFF  	        LD      DE,0-17         ; Offset for free bytes
6089: 19      	        ADD     HL,DE           ; Adjust HL
608A: 11F980  	        LD      DE,PROGST       ; Start of program text
608D: 7D      	        LD      A,L             ; Get LSB
608E: 93      	        SUB     E               ; Adjust it
608F: 6F      	        LD      L,A             ; Re-save
6090: 7C      	        LD      A,H             ; Get MSB
6091: 9A      	        SBC     A,D             ; Adjust it
6092: 67      	        LD      H,A             ; Re-save
6093: E5      	        PUSH    HL              ; Save bytes free
6094: 21BC60  	        LD      HL,SIGNON       ; Sign-on message
6097: CD4271  	        CALL    PRS             ; Output string
609A: E1      	        POP     HL              ; Get bytes free back
609B: CDE577  	        CALL    PRNTHL          ; Output amount of free memory
609E: 21AD60  	        LD      HL,BFREE        ; " Bytes free" message
60A1: CD4271  	        CALL    PRS             ; Output string
              	
60A4: 316680  	WARMST: LD      SP,STACK        ; Temporary stack
60A7: CDC664  	BRKRET: CALL    CLREG           ; Clear registers and stack
60AA: C3DF63  	        JP      PRNTOK          ; Go to get command line
              	
60AD: 20427974	BFREE:  .BYTE   " Bytes free",CR,LF,0,0
60B1: 65732066	
60B5: 7265650D	
60B9: 0A0000  	
              	
60BC: 5A383020	SIGNON: .BYTE "Z80 BASIC v4.7b",CR,CR,0,0
60C0: 42415349	
60C4: 43207634	
60C8: 2E37620D	
60CC: 0D0000  	
              	        ;.BYTE   "Z80 BASIC Ver 4.7b",CR,LF
              	        ;.BYTE   "Copyright ",40,"C",41
              	        ;.BYTE   " 1978 by Microsoft",CR,LF,0,0
              	
60CF: 4D656D6F	MEMMSG: .BYTE   "Memory top",0
60D3: 72792074	
60D7: 6F7000  	
              	
              	; FUNCTION ADDRESS TABLE (Quando precisa passar parametro?)
              	
60DA: 5A76    	FNCTAB: .WORD   SGN             ; $B6
60DC: 1E77    	        .WORD   INT             ; $B7
60DE: 7076    	        .WORD   ABS             ; $B8
60E0: 0380    	        .WORD   USR             ; $B9
60E2: 0270    	        .WORD   FRE             ; $BA
60E4: 8773    	        .WORD   INP             ; $BB
60E6: 3070    	        .WORD   POS             ; $BC
60E8: E478    	        .WORD   SQR             ; $BD
60EA: C379    	        .WORD   RND             ; $BE
60EC: FF74    	        .WORD   LOG             ; $BF
60EE: 3279    	        .WORD   EXP             ; $C0
60F0: 387A    	        .WORD   COS             ; $C1
60F2: 3E7A    	        .WORD   SIN             ; $C2
60F4: 9F7A    	        .WORD   TAN             ; $C3
60F6: B47A    	        .WORD   ATN             ; $C4
60F8: DB73    	        .WORD   PEEK            ; $C5
60FA: 1F7B    	        .WORD   DEEK            ; $C6
60FC: 5180    	        .WORD   POINT           ; $C7
60FE: B472    	        .WORD   LEN             ; $C8
6100: CC70    	        .WORD   STR             ; $C9
6102: 4E73    	        .WORD   VAL             ; $CA
6104: C372    	        .WORD   ASC             ; $CB
6106: D472    	        .WORD   CHR             ; $CC
6108: 417B    	        .WORD   HEX             ; $CD
610A: D47B    	        .WORD   BIN             ; $CE
610C: E472    	        .WORD   LEFT            ; $CF
610E: 1473    	        .WORD   RIGHT           ; $D0
6110: 1E73    	        .WORD   MID             ; $D1   
              	        
              	
              	; RESERVED WORD LIST
              	
6112: C54E44  	WORDS:  .BYTE   'E'+80H,"ND"            ; $80  WORDTB
6115: C64F52  	        .BYTE   'F'+80H,"OR"            ; $81
6118: CE455854	        .BYTE   'N'+80H,"EXT"           ; $82
611C: C4415441	        .BYTE   'D'+80H,"ATA"           ; $83
6120: C94E5055	        .BYTE   'I'+80H,"NPUT"          ; $84
6124: 54      	
6125: C4494D  	        .BYTE   'D'+80H,"IM"            ; $85
6128: D2454144	        .BYTE   'R'+80H,"EAD"           ; $86
612C: CC4554  	        .BYTE   'L'+80H,"ET"            ; $87
612F: C74F544F	        .BYTE   'G'+80H,"OTO"           ; $88
6133: D2554E  	        .BYTE   'R'+80H,"UN"            ; $89
6136: C946    	        .BYTE   'I'+80H,"F"             ; $8A
6138: D2455354	        .BYTE   'R'+80H,"ESTORE"        ; $8B
613C: 4F5245  	
613F: C74F5355	        .BYTE   'G'+80H,"OSUB"          ; $8C
6143: 42      	
6144: D2455455	        .BYTE   'R'+80H,"ETURN"         ; $8D
6148: 524E    	
614A: D2454D  	        .BYTE   'R'+80H,"EM"            ; $8E
614D: D3544F50	        .BYTE   'S'+80H,"TOP"           ; $8F
6151: CF5554  	        .BYTE   'O'+80H,"UT"            ; $90
6154: CF4E    	        .BYTE   'O'+80H,"N"             ; $91
6156: CE554C4C	        .BYTE   'N'+80H,"ULL"           ; $92
615A: D7414954	        .BYTE   'W'+80H,"AIT"           ; $93
615E: C44546  	        .BYTE   'D'+80H,"EF"            ; $94
6161: D04F4B45	        .BYTE   'P'+80H,"OKE"           ; $95
6165: C44F4B45	        .BYTE   'D'+80H,"OKE"           ; $96
6169: D4494D45	        .BYTE   'T'+80H,"IME" ;time i2c ; $97 ; LIVRE
616D: CC494E45	        .BYTE   'L'+80H,"INES"          ; $98
6171: 53      	
6172: C34C53  	        .BYTE   'C'+80H,"LS"            ; $99
6175: D7494454	        .BYTE   'W'+80H,"IDTH"          ; $9A
6179: 48      	
617A: CD4F4E49	        .BYTE   'M'+80H,"ONITOR"        ; $9B
617E: 544F52  	
6181: D34554  	        .BYTE   'S'+80H,"ET"            ; $9C
6184: D2455345	        .BYTE   'R'+80H,"ESET"          ; $9D
6188: 54      	
6189: D052494E	        .BYTE   'P'+80H,"RINT"          ; $9E
618D: 54      	
618E: C34F4E54	        .BYTE   'C'+80H,"ONT"           ; $9F
6192: CC495354	        .BYTE   'L'+80H,"IST"           ; $A0 
6196: C34C4541	        .BYTE   'C'+80H,"LEAR"          ; $A1
619A: 52      	
619B: C34C4F41	        .BYTE   'C'+80H,"LOAD"          ; $A2
619F: 44      	
61A0: C3534156	        .BYTE   'C'+80H,"SAVE"          ; $A3
61A4: 45      	
61A5: CE4557  	        .BYTE   'N'+80H,"EW"            ; $A4
              	        
              	
61A8: D4414228	        .BYTE   'T'+80H,"AB("           ; $A5
61AC: D44F    	        .BYTE   'T'+80H,"O"             ; $A6
61AE: C64E    	        .BYTE   'F'+80H,"N"             ; $A7
61B0: D3504328	        .BYTE   'S'+80H,"PC("           ; $A8
61B4: D448454E	        .BYTE   'T'+80H,"HEN"           ; $A9
61B8: CE4F54  	        .BYTE   'N'+80H,"OT"            ; $AA
61BB: D3544550	        .BYTE   'S'+80H,"TEP"           ; $AB
              	
61BF: AB      	        .BYTE   '+'+80H                 ; $AC
61C0: AD      	        .BYTE   '-'+80H                 ; $AD
61C1: AA      	        .BYTE   '*'+80H                 ; $AE
61C2: AF      	        .BYTE   '/'+80H                 ; $AF
61C3: DE      	        .BYTE   '^'+80H                 ; $B0
61C4: C14E44  	        .BYTE   'A'+80H,"ND"            ; $B1
61C7: CF52    	        .BYTE   'O'+80H,"R"             ; $B2
61C9: BE      	        .BYTE   '>'+80H                 ; $B3
61CA: BD      	        .BYTE   '='+80H                 ; $B4
61CB: BC      	        .BYTE   '<'+80H                 ; $B5
              	
61CC: D3474E  	        .BYTE   'S'+80H,"GN"            ; $B6  FNCTAB
61CF: C94E54  	        .BYTE   'I'+80H,"NT"            ; $B7
61D2: C14253  	        .BYTE   'A'+80H,"BS"            ; $B8
61D5: D55352  	        .BYTE   'U'+80H,"SR"            ; $B9
61D8: C65245  	        .BYTE   'F'+80H,"RE"            ; $BA
61DB: C94E50  	        .BYTE   'I'+80H,"NP"            ; $BB
61DE: D04F53  	        .BYTE   'P'+80H,"OS"            ; $BC
61E1: D35152  	        .BYTE   'S'+80H,"QR"            ; $BD
61E4: D24E44  	        .BYTE   'R'+80H,"ND"            ; $BE
61E7: CC4F47  	        .BYTE   'L'+80H,"OG"            ; $BF
61EA: C55850  	        .BYTE   'E'+80H,"XP"            ; $C0
61ED: C34F53  	        .BYTE   'C'+80H,"OS"            ; $C1
61F0: D3494E  	        .BYTE   'S'+80H,"IN"            ; $C2
61F3: D4414E  	        .BYTE   'T'+80H,"AN"            ; $C3
61F6: C1544E  	        .BYTE   'A'+80H,"TN"            ; $C4
61F9: D045454B	        .BYTE   'P'+80H,"EEK"           ; $C5
61FD: C445454B	        .BYTE   'D'+80H,"EEK"           ; $C6
6201: D04F494E	        .BYTE   'P'+80H,"OINT"          ; $C7
6205: 54      	
6206: CC454E  	        .BYTE   'L'+80H,"EN"            ; $C8
6209: D3545224	        .BYTE   'S'+80H,"TR$"           ; $C9
620D: D6414C  	        .BYTE   'V'+80H,"AL"            ; $CA
6210: C15343  	        .BYTE   'A'+80H,"SC"            ; $CB
6213: C3485224	        .BYTE   'C'+80H,"HR$"           ; $CC
6217: C8455824	        .BYTE   'H'+80H,"EX$"           ; $CD
621B: C2494E24	        .BYTE   'B'+80H,"IN$"           ; $CE
621F: CC454654	        .BYTE   'L'+80H,"EFT$"          ; $CF
6223: 24      	
6224: D2494748	        .BYTE   'R'+80H,"IGHT$"         ; $D0
6228: 5424    	
622A: CD494424	        .BYTE   'M'+80H,"ID$"           ; $D1
              	
              	
              	        ; Diego
622E: C4494547	        .BYTE   'D'+80H,'IEGO'
6232: 4F      	
6233: C352555A	        .BYTE   'C'+80H,'RUZ'
              	
6237: 80      	        .BYTE   80H             ; End of list marker
              	
              	; KEYWORD ADDRESS TABLE
              	
6238: 4668    	WORDTB: .WORD   PEND            ; $80
623A: 3367    	        .WORD   FOR             ; $81
623C: 1E6C    	        .WORD   NEXT            ; $82
623E: 9369    	        .WORD   DATA            ; $83
6240: 256B    	        .WORD   INPUT           ; $84
6242: 5A6E    	        .WORD   DIM             ; $85
6244: 546B    	        .WORD   READ            ; $86
6246: AA69    	        .WORD   LET             ; $87
6248: 5069    	        .WORD   GOTO            ; $88
624A: 3369    	        .WORD   RUN             ; $89
624C: 226A    	        .WORD   IF              ; $8A
624E: 0C68    	        .WORD   RESTOR          ; $8B
6250: 3F69    	        .WORD   GOSUB           ; $8C
6252: 6E69    	        .WORD   RETURN          ; $8D
6254: 9569    	        .WORD   REM             ; $8E
6256: 4468    	        .WORD   STOP            ; $8F
6258: 9373    	        .WORD   POUT            ; $90
625A: 046A    	        .WORD   ON              ; $91
625C: 8568    	        .WORD   NULL            ; $92
625E: 9973    	        .WORD   WAIT            ; $93
6260: 3870    	        .WORD   DEF             ; $94
6262: E273    	        .WORD   POKE            ; $95
6264: 2A7B    	        .WORD   DOKE            ; $96
6266: 9569    	        .WORD   REM             ; $97 ; LIVRE
6268: 107B    	        .WORD   LINES           ; $98
626A: 037B    	        .WORD   CLS             ; $99
626C: 087B    	        .WORD   WIDTH           ; $9A
626E: 407C    	        .WORD   MONITR          ; $9B
6270: 5480    	        .WORD   PSET            ; $9C
6272: 5780    	        .WORD   RESET           ; $9D
6274: 466A    	        .WORD   PRINT           ; $9E
6276: 7268    	        .WORD   CONT            ; $9F
6278: A866    	        .WORD   LIST            ; $A0
627A: ED68    	        .WORD   CLEAR           ; $A1
627C: 5A7C    	        .WORD   EELOAD ; LOAD   ; $A2
627E: 717C    	        .WORD   EESAVE ; SAVE   ; $A3
6280: A064    	        .WORD   NEW             ; $A4
              	        
              	
              	        ; Diego
6282:         	custtab:
6282: 887C    	        .WORD diego
6284: 8F7C    	        .WORD cruz
              	
              	; RESERVED WORD TOKEN VALUES
              	
0080:         	ZEND    .EQU    080H            ; END
0081:         	ZFOR    .EQU    081H            ; FOR
0083:         	ZDATA   .EQU    083H            ; DATA
0088:         	ZGOTO   .EQU    088H            ; GOTO
008C:         	ZGOSUB  .EQU    08CH            ; GOSUB
008E:         	ZREM    .EQU    08EH            ; REM
009E:         	ZPRINT  .EQU    09EH            ; PRINT
00A4:         	ZNEW    .EQU    0A4H            ; NEW
00D2:         	ZBYE	.equ	   0d2h			   ; BYE
              	
00A5:         	ZTAB    .EQU    0A5H            ; TAB
00A6:         	ZTO     .EQU    0A6H            ; TO
00A7:         	ZFN     .EQU    0A7H            ; FN
00A8:         	ZSPC    .EQU    0A8H            ; SPC
00A9:         	ZTHEN   .EQU    0A9H            ; THEN
00AA:         	ZNOT    .EQU    0AAH            ; NOT
00AB:         	ZSTEP   .EQU    0ABH            ; STEP
              	
00AC:         	ZPLUS   .EQU    0ACH            ; +
00AD:         	ZMINUS  .EQU    0ADH            ; -
00AE:         	ZTIMES  .EQU    0AEH            ; *
00AF:         	ZDIV    .EQU    0AFH            ; /
00B2:         	ZOR     .EQU    0B2H            ; OR
00B3:         	ZGTR    .EQU    0B3H            ; >
00B4:         	ZEQUAL  .EQU    0B4H            ; M
00B5:         	ZLTH    .EQU    0B5H            ; <
00B6:         	ZSGN    .EQU    0B6H            ; SGN
00C7:         	ZPOINT  .EQU    0C7H            ; POINT
00CF:         	ZLEFT   .EQU    0CDH +2         ; LEFT$
              	
              	; ARITHMETIC PRECEDENCE TABLE
              	
6286: 79      	PRITAB: .BYTE   79H             ; Precedence value
6287: CC77    	        .WORD   PADD            ; FPREG = <last> + FPREG
              	
6289: 79      	        .BYTE   79H             ; Precedence value
628A: 0074    	        .WORD   PSUB            ; FPREG = <last> - FPREG
              	
628C: 7C      	        .BYTE   7CH             ; Precedence value
628D: 3E75    	        .WORD   MULT            ; PPREG = <last> * FPREG
              	
628F: 7C      	        .BYTE   7CH             ; Precedence value
6290: 9F75    	        .WORD   DIV             ; FPREG = <last> / FPREG
              	
6292: 7F      	        .BYTE   7FH             ; Precedence value
6293: ED78    	        .WORD   POWER           ; FPREG = <last> ^ FPREG
              	
6295: 50      	        .BYTE   50H             ; Precedence value
6296: B36D    	        .WORD   PAND            ; FPREG = <last> AND FPREG
              	
6298: 46      	        .BYTE   46H             ; Precedence value
6299: B26D    	        .WORD   POR             ; FPREG = <last> OR FPREG
              	
              	; BASIC ERROR CODE LIST
              	
629B: 4E46    	ERRORS: .BYTE   "NF"            ; NEXT without FOR
629D: 534E    	        .BYTE   "SN"            ; Syntax error
629F: 5247    	        .BYTE   "RG"            ; RETURN without GOSUB
62A1: 4F44    	        .BYTE   "OD"            ; Out of DATA
62A3: 4643    	        .BYTE   "FC"            ; Illegal function call
62A5: 4F56    	        .BYTE   "OV"            ; Overflow error
62A7: 4F4D    	        .BYTE   "OM"            ; Out of memory
62A9: 554C    	        .BYTE   "UL"            ; Undefined line
62AB: 4253    	        .BYTE   "BS"            ; Bad subscript
62AD: 4444    	        .BYTE   "DD"            ; Re-DIMensioned array
62AF: 2F30    	        .BYTE   "/0"            ; Division by zero
62B1: 4944    	        .BYTE   "ID"            ; Illegal direct
62B3: 544D    	        .BYTE   "TM"            ; Type mis-match
62B5: 4F53    	        .BYTE   "OS"            ; Out of string space
62B7: 4C53    	        .BYTE   "LS"            ; String too long
62B9: 5354    	        .BYTE   "ST"            ; String formula too complex
62BB: 434E    	        .BYTE   "CN"            ; Can't CONTinue
62BD: 5546    	        .BYTE   "UF"            ; Undefined FN function
62BF: 4D4F    	        .BYTE   "MO"            ; Missing operand
62C1: 4858    	        .BYTE   "HX"            ; HEX error
62C3: 424E    	        .BYTE   "BN"            ; BIN error
              	
              	; INITIALISATION TABLE -------------------------------------------------------
              	
62C5: C3A460  	INITAB: JP      WARMST          ; Warm start jump
62C8: C3C368  	        JP      FCERR           ; "USR (X)" jump (Set to Error)
62CB: D300    	        OUT     (0),A           ; "OUT p,n" skeleton
62CD: C9      	        RET
62CE: D600    	        SUB     0               ; Division support routine
62D0: 6F      	        LD      L,A
62D1: 7C      	        LD      A,H
62D2: DE00    	        SBC     A,0
62D4: 67      	        LD      H,A
62D5: 78      	        LD      A,B
62D6: DE00    	        SBC     A,0
62D8: 47      	        LD      B,A
62D9: 3E00    	        LD      A,0
62DB: C9      	        RET
62DC: 000000  	        .BYTE   0,0,0                   ; Random number seed table used by RND
62DF: 354ACA99	        .BYTE   035H,04AH,0CAH,099H     ;-2.65145E+07
62E3: 391C7698	        .BYTE   039H,01CH,076H,098H     ; 1.61291E+07
62E7: 2295B398	        .BYTE   022H,095H,0B3H,098H     ;-1.17691E+07
62EB: 0ADD4798	        .BYTE   00AH,0DDH,047H,098H     ; 1.30983E+07
62EF: 53D19999	        .BYTE   053H,0D1H,099H,099H     ;-2-01612E+07
62F3: 0A1A9F98	        .BYTE   00AH,01AH,09FH,098H     ;-1.04269E+07
62F7: 65BCCD98	        .BYTE   065H,0BCH,0CDH,098H     ;-1.34831E+07
62FB: D6773E98	        .BYTE   0D6H,077H,03EH,098H     ; 1.24825E+07
62FF: 52C74F80	        .BYTE   052H,0C7H,04FH,080H     ; Last random number
6303: DB00    	        IN      A,(0)           ; INP (x) skeleton
6305: C9      	        RET
6306: 01      	        .BYTE   1               ; POS (x) number (1)
6307: FF      	        .BYTE   255             ; Terminal width (255 = no auto CRLF)
6308: 1C      	        .BYTE   28              ; Width for commas (3 columns)
6309: 00      	        .BYTE   0               ; No nulls after input bytes
630A: 00      	        .BYTE   0               ; Output enabled (^O off)
630B: 1400    	        .WORD   20              ; Initial lines counter
630D: 1400    	        .WORD   20              ; Initial lines number
630F: 0000    	        .WORD   0               ; Array load/save check sum
6311: 00      	        .BYTE   0               ; Break not by NMI
6312: 00      	        .BYTE   0               ; Break flag
6313: C3D965  	        JP      TTYLIN          ; Input reflection (set to TTY)
6316: C30000  	        JP      $0000           ; POINT reflection unused
6319: C30000  	        JP      $0000           ; SET reflection
631C: C30000  	        JP      $0000          	; RESET reflection
631F: 5D81    	        .WORD   STLOOK          ; Temp string space
6321: FEFF    	        .WORD   -2              ; Current line number (cold)
6323: FA80    	        .WORD   PROGST+1        ; Start of program text
6325:         	INITBE:                         
              	
              	; END OF INITIALISATION TABLE ---------------------------------------------------
              	
6325: 20457272	ERRMSG: .BYTE   " Error",0
6329: 6F7200  	
632C: 20696E20	INMSG:  .BYTE   " in ",0
6330: 00      	
6330:         	ZERBYT  .EQU    $-1             ; A zero byte
6331: 4F6B0D0A	OKMSG:  .BYTE   "Ok",CR,LF,0,0
6335: 0000    	
6337: 42726561	BRKMSG: .BYTE   "Break",0
633B: 6B00    	
              	
633D: 210400  	BAKSTK: LD      HL,4            ; Look for "FOR" block with
6340: 39      	        ADD     HL,SP           ; same index as specified
6341: 7E      	LOKFOR: LD      A,(HL)          ; Get block ID
6342: 23      	        INC     HL              ; Point to index address
6343: FE81    	        CP      ZFOR            ; Is it a "FOR" token
6345: C0      	        RET     NZ              ; No - exit
6346: 4E      	        LD      C,(HL)          ; BC = Address of "FOR" index
6347: 23      	        INC     HL
6348: 46      	        LD      B,(HL)
6349: 23      	        INC     HL              ; Point to sign of STEP
634A: E5      	        PUSH    HL              ; Save pointer to sign
634B: 69      	        LD      L,C             ; HL = address of "FOR" index
634C: 60      	        LD      H,B
634D: 7A      	        LD      A,D             ; See if an index was specified
634E: B3      	        OR      E               ; DE = 0 if no index specified
634F: EB      	        EX      DE,HL           ; Specified index into HL
6350: CA5763  	        JP      Z,INDFND        ; Skip if no index given
6353: EB      	        EX      DE,HL           ; Index back into DE
6354: CD5C66  	        CALL    CPDEHL          ; Compare index with one given
6357: 010D00  	INDFND: LD      BC,16-3         ; Offset to next block
635A: E1      	        POP     HL              ; Restore pointer to sign
635B: C8      	        RET     Z               ; Return if block found
635C: 09      	        ADD     HL,BC           ; Point to next block
635D: C34163  	        JP      LOKFOR          ; Keep on looking
              	
6360: CD7A63  	MOVUP:  CALL    ENFMEM          ; See if enough memory
6363: C5      	MOVSTR: PUSH    BC              ; Save end of source
6364: E3      	        EX      (SP),HL         ; Swap source and dest" end
6365: C1      	        POP     BC              ; Get end of destination
6366: CD5C66  	MOVLP:  CALL    CPDEHL          ; See if list moved
6369: 7E      	        LD      A,(HL)          ; Get byte
636A: 02      	        LD      (BC),A          ; Move it
636B: C8      	        RET     Z               ; Exit if all done
636C: 0B      	        DEC     BC              ; Next byte to move to
636D: 2B      	        DEC     HL              ; Next byte to move
636E: C36663  	        JP      MOVLP           ; Loop until all bytes moved
              	
6371: E5      	CHKSTK: PUSH    HL              ; Save code string address
6372: 2ADA80  	        LD      HL,(ARREND)     ; Lowest free memory
6375: 0600    	        LD      B,0             ; BC = Number of levels to test
6377: 09      	        ADD     HL,BC           ; 2 Bytes for each level
6378: 09      	        ADD     HL,BC
6379: 3E      	        .BYTE   3EH             ; Skip "PUSH HL"
637A: E5      	ENFMEM: PUSH    HL              ; Save code string address
637B: 3ED0    	        LD      A,0D0H ;LOW -48 ; 48 Bytes minimum RAM
637D: 95      	        SUB     L
637E: 6F      	        LD      L,A
637F: 3EFF    	        LD      A,0FFH; HIGH (-48) ; 48 Bytes minimum RAM
6381: 9C      	        SBC     A,H
6382: DA8963  	        JP      C,OMERR         ; Not enough - ?OM Error
6385: 67      	        LD      H,A
6386: 39      	        ADD     HL,SP           ; Test if stack is overflowed
6387: E1      	        POP     HL              ; Restore code string address
6388: D8      	        RET     C               ; Return if enough mmory
6389: 1E0C    	OMERR:  LD      E,OM            ; ?OM Error
638B: C3A863  	        JP      ERROR
              	
638E: 2AC980  	DATSNR: LD      HL,(DATLIN)     ; Get line of current DATA item
6391: 225C80  	        LD      (LINEAT),HL     ; Save as current line
6394: 1E02    	SNERR:  LD      E,SN            ; ?SN Error
6396: 01      	        .BYTE   01H             ; Skip "LD E,DZ"
6397: 1E14    	DZERR:  LD      E,DZ            ; ?/0 Error
6399: 01      	        .BYTE   01H             ; Skip "LD E,NF"
639A: 1E00    	NFERR:  LD      E,NF            ; ?NF Error
639C: 01      	        .BYTE   01H             ; Skip "LD E,DD"
639D: 1E12    	DDERR:  LD      E,DD            ; ?DD Error
639F: 01      	        .BYTE   01H             ; Skip "LD E,UF"
63A0: 1E22    	UFERR:  LD      E,UF            ; ?UF Error
63A2: 01      	        .BYTE   01H             ; Skip "LD E,OV
63A3: 1E0A    	OVERR:  LD      E,OV            ; ?OV Error
63A5: 01      	        .BYTE   01H             ; Skip "LD E,TM"
63A6: 1E18    	TMERR:  LD      E,TM            ; ?TM Error
              	
63A8:         	ERROR:  
63A8: CDC664  	        CALL    CLREG           ; Clear registers and stack
63AB: 324580  	        LD      (CTLOFG),A      ; Enable output (A is 0)
63AE: CD976A  	        CALL    STTLIN          ; Start new line
63B1: 219B62  	        LD      HL,ERRORS       ; Point to error codes
63B4: 57      	        LD      D,A             ; D = 0 (A is 0)
63B5: 3E3F    	        LD      A,'?'
63B7: CD6D66  	        CALL    OUTC            ; Output '?'
63BA: 19      	        ADD     HL,DE           ; Offset to correct error code
63BB: 7E      	        LD      A,(HL)          ; First character
63BC: CD6D66  	        CALL    OUTC            ; Output it
63BF: CDFC67  	        CALL    GETCHR          ; Get next character
63C2: CD6D66  	        CALL    OUTC            ; Output it
63C5: 212563  	        LD      HL,ERRMSG       ; "Error" message
63C8: CD4271  	ERRIN:  CALL    PRS             ; Output message
63CB: 2A5C80  	        LD      HL,(LINEAT)     ; Get line of error
63CE: 11FEFF  	        LD      DE,-2           ; Cold start error if -2
63D1: CD5C66  	        CALL    CPDEHL          ; See if cold start error
63D4: CA1160  	        JP      Z,CSTART        ; Cold start error - Restart
63D7: 7C      	        LD      A,H             ; Was it a direct error?
63D8: A5      	        AND     L               ; Line = -1 if direct error
63D9: 3C      	        INC     A
63DA: C4DD77  	        CALL    NZ,LINEIN       ; No - output line of error
63DD: 3E      	        .BYTE   3EH             ; Skip "POP BC"
63DE: C1      	POPNOK: POP     BC              ; Drop address in input buffer
              	
63DF:         	PRNTOK: 
63DF: AF      	        XOR     A               ; Output "Ok" and get command
63E0: 324580  	        LD      (CTLOFG),A      ; Enable output
63E3: CD976A  	        CALL    STTLIN          ; Start new line
63E6: 213163  	        LD      HL,OKMSG        ; "Ok" message
63E9: CD4271  	        CALL    PRS             ; Output "Ok"
63EC: 21FFFF  	GETCMD: LD      HL,-1           ; Flag direct mode
63EF: 225C80  	        LD      (LINEAT),HL     ; Save as current line
63F2: CDD965  	        CALL    GETLIN          ; Get an input line
63F5: DAEC63  	        JP      C,GETCMD        ; Get line again if break
63F8: CDFC67  	        CALL    GETCHR          ; Get first character
63FB: 3C      	        INC     A               ; Test if end of line
63FC: 3D      	        DEC     A               ; Without affecting Carry
63FD: CAEC63  	        JP      Z,GETCMD        ; Nothing entered - Get another
6400: F5      	        PUSH    AF              ; Save Carry status
6401: CDC868  	        CALL    ATOH            ; Get line number into DE
6404: D5      	        PUSH    DE              ; Save line number
6405: CDF064  	        CALL    CRUNCH          ; Tokenise rest of line
6408: 47      	        LD      B,A             ; Length of tokenised line
6409: D1      	        POP     DE              ; Restore line number
640A: F1      	        POP     AF              ; Restore Carry
640B: D2CC67  	        JP      NC,EXCUTE       ; No line number - Direct mode
640E: D5      	        PUSH    DE              ; Save line number
640F: C5      	        PUSH    BC              ; Save length of tokenised line
6410: AF      	        XOR     A
6411: 32CC80  	        LD      (LSTBIN),A      ; Clear last byte input
6414: CDFC67  	        CALL    GETCHR          ; Get next character
6417: B7      	        OR      A               ; Set flags
6418: F5      	        PUSH    AF              ; And save them
6419: CD8064  	        CALL    SRCHLN          ; Search for line number in DE
641C: DA2564  	        JP      C,LINFND        ; Jump if line found
641F: F1      	        POP     AF              ; Get status
6420: F5      	        PUSH    AF              ; And re-save
6421: CA6969  	        JP      Z,ULERR         ; Nothing after number - Error
6424: B7      	        OR      A               ; Clear Carry
6425: C5      	LINFND: PUSH    BC              ; Save address of line in prog
6426: D23C64  	        JP      NC,INEWLN       ; Line not found - Insert new
6429: EB      	        EX      DE,HL           ; Next line address in DE
642A: 2AD680  	        LD      HL,(PROGND)     ; End of program
642D: 1A      	SFTPRG: LD      A,(DE)          ; Shift rest of program down
642E: 02      	        LD      (BC),A
642F: 03      	        INC     BC              ; Next destination
6430: 13      	        INC     DE              ; Next source
6431: CD5C66  	        CALL    CPDEHL          ; All done?
6434: C22D64  	        JP      NZ,SFTPRG       ; More to do
6437: 60      	        LD      H,B             ; HL - New end of program
6438: 69      	        LD      L,C
6439: 22D680  	        LD      (PROGND),HL     ; Update end of program
              	
643C: D1      	INEWLN: POP     DE              ; Get address of line,
643D: F1      	        POP     AF              ; Get status
643E: CA6364  	        JP      Z,SETPTR        ; No text - Set up pointers
6441: 2AD680  	        LD      HL,(PROGND)     ; Get end of program
6444: E3      	        EX      (SP),HL         ; Get length of input line
6445: C1      	        POP     BC              ; End of program to BC
6446: 09      	        ADD     HL,BC           ; Find new end
6447: E5      	        PUSH    HL              ; Save new end
6448: CD6063  	        CALL    MOVUP           ; Make space for line
644B: E1      	        POP     HL              ; Restore new end
644C: 22D680  	        LD      (PROGND),HL     ; Update end of program pointer
644F: EB      	        EX      DE,HL           ; Get line to move up in HL
6450: 74      	        LD      (HL),H          ; Save MSB
6451: D1      	        POP     DE              ; Get new line number
6452: 23      	        INC     HL              ; Skip pointer
6453: 23      	        INC     HL
6454: 73      	        LD      (HL),E          ; Save LSB of line number
6455: 23      	        INC     HL
6456: 72      	        LD      (HL),D          ; Save MSB of line number
6457: 23      	        INC     HL              ; To first byte in line
6458: 116180  	        LD      DE,BUFFER       ; Copy buffer to program
645B: 1A      	MOVBUF: LD      A,(DE)          ; Get source
645C: 77      	        LD      (HL),A          ; Save destinations
645D: 23      	        INC     HL              ; Next source
645E: 13      	        INC     DE              ; Next destination
645F: B7      	        OR      A               ; Done?
6460: C25B64  	        JP      NZ,MOVBUF       ; No - Repeat
6463: CDAC64  	SETPTR: CALL    RUNFST          ; Set line pointers
6466: 23      	        INC     HL              ; To LSB of pointer
6467: EB      	        EX      DE,HL           ; Address to DE
6468: 62      	PTRLP:  LD      H,D             ; Address to HL
6469: 6B      	        LD      L,E
646A: 7E      	        LD      A,(HL)          ; Get LSB of pointer
646B: 23      	        INC     HL              ; To MSB of pointer
646C: B6      	        OR      (HL)            ; Compare with MSB pointer
646D: CAEC63  	        JP      Z,GETCMD        ; Get command line if end
6470: 23      	        INC     HL              ; To LSB of line number
6471: 23      	        INC     HL              ; Skip line number
6472: 23      	        INC     HL              ; Point to first byte in line
6473: AF      	        XOR     A               ; Looking for 00 byte
6474: BE      	FNDEND: CP      (HL)            ; Found end of line?
6475: 23      	        INC     HL              ; Move to next byte
6476: C27464  	        JP      NZ,FNDEND       ; No - Keep looking
6479: EB      	        EX      DE,HL           ; Next line address to HL
647A: 73      	        LD      (HL),E          ; Save LSB of pointer
647B: 23      	        INC     HL
647C: 72      	        LD      (HL),D          ; Save MSB of pointer
647D: C36864  	        JP      PTRLP           ; Do next line
              	
6480: 2A5E80  	SRCHLN: LD      HL,(BASTXT)     ; Start of program text
6483: 44      	SRCHLP: LD      B,H             ; BC = Address to look at
6484: 4D      	        LD      C,L
6485: 7E      	        LD      A,(HL)          ; Get address of next line
6486: 23      	        INC     HL
6487: B6      	        OR      (HL)            ; End of program found?
6488: 2B      	        DEC     HL
6489: C8      	        RET     Z               ; Yes - Line not found
648A: 23      	        INC     HL
648B: 23      	        INC     HL
648C: 7E      	        LD      A,(HL)          ; Get LSB of line number
648D: 23      	        INC     HL
648E: 66      	        LD      H,(HL)          ; Get MSB of line number
648F: 6F      	        LD      L,A
6490: CD5C66  	        CALL    CPDEHL          ; Compare with line in DE
6493: 60      	        LD      H,B             ; HL = Start of this line
6494: 69      	        LD      L,C
6495: 7E      	        LD      A,(HL)          ; Get LSB of next line address
6496: 23      	        INC     HL
6497: 66      	        LD      H,(HL)          ; Get MSB of next line address
6498: 6F      	        LD      L,A             ; Next line to HL
6499: 3F      	        CCF
649A: C8      	        RET     Z               ; Lines found - Exit
649B: 3F      	        CCF
649C: D0      	        RET     NC              ; Line not found,at line after
649D: C38364  	        JP      SRCHLP          ; Keep looking
              	
64A0: C0      	NEW:    RET     NZ              ; Return if any more on line
64A1: 2A5E80  	CLRPTR: LD      HL,(BASTXT)     ; Point to start of program
64A4: AF      	        XOR     A               ; Set program area to empty
64A5: 77      	        LD      (HL),A          ; Save LSB = 00
64A6: 23      	        INC     HL
64A7: 77      	        LD      (HL),A          ; Save MSB = 00
64A8: 23      	        INC     HL
64A9: 22D680  	        LD      (PROGND),HL     ; Set program end
              	
64AC: 2A5E80  	RUNFST: LD      HL,(BASTXT)     ; Clear all variables
64AF: 2B      	        DEC     HL
              	
64B0: 22CE80  	INTVAR: LD      (BRKLIN),HL     ; Initialise RUN variables
64B3: 2AAF80  	        LD      HL,(LSTRAM)     ; Get end of RAM
64B6: 22C380  	        LD      (STRBOT),HL     ; Clear string space
64B9: AF      	        XOR     A
64BA: CD0C68  	        CALL    RESTOR          ; Reset DATA pointers
64BD: 2AD680  	        LD      HL,(PROGND)     ; Get end of program
64C0: 22D880  	        LD      (VAREND),HL     ; Clear variables
64C3: 22DA80  	        LD      (ARREND),HL     ; Clear arrays
              	
64C6: C1      	CLREG:  POP     BC              ; Save return address
64C7: 2A5A80  	        LD      HL,(STRSPC)     ; Get end of working RAN
64CA: F9      	        LD      SP,HL           ; Set stack
64CB: 21B380  	        LD      HL,TMSTPL       ; Temporary string pool
64CE: 22B180  	        LD      (TMSTPT),HL     ; Reset temporary string ptr
64D1: AF      	        XOR     A               ; A = 00
64D2: 6F      	        LD      L,A             ; HL = 0000
64D3: 67      	        LD      H,A
64D4: 22D480  	        LD      (CONTAD),HL     ; No CONTinue
64D7: 32CB80  	        LD      (FORFLG),A      ; Clear FOR flag
64DA: 22DE80  	        LD      (FNRGNM),HL     ; Clear FN argument
64DD: E5      	        PUSH    HL              ; HL = 0000
64DE: C5      	        PUSH    BC              ; Put back return
64DF: 2ACE80  	DOAGN:  LD      HL,(BRKLIN)     ; Get address of code to RUN
64E2: C9      	        RET                     ; Return to execution driver
              	
64E3: 3E3F    	PROMPT: LD      A,'?'           ; '?'
64E5: CD6D66  	        CALL    OUTC            ; Output character
64E8: 3E20    	        LD      A,' '           ; Space
64EA: CD6D66  	        CALL    OUTC            ; Output character
64ED: C34E80  	        JP      RINPUT          ; Get input line
              	
64F0: AF      	CRUNCH: XOR     A               ; Tokenise line @ HL to BUFFER
64F1: 32AE80  	        LD      (DATFLG),A      ; Reset literal flag
64F4: 0E05    	        LD      C,2+3           ; 2 byte number and 3 nulls
64F6: 116180  	        LD      DE,BUFFER       ; Start of input buffer
64F9: 7E      	CRNCLP: LD      A,(HL)          ; Get byte
64FA: FE20    	        CP      ' '             ; Is it a space?
64FC: CA7865  	        JP      Z,MOVDIR        ; Yes - Copy direct
64FF: 47      	        LD      B,A             ; Save character
6500: FE22    	        CP      '"'             ; Is it a quote? "
6502: CA9865  	        JP      Z,CPYLIT        ; Yes - Copy literal string
6505: B7      	        OR      A               ; Is it end of buffer?
6506: CA9F65  	        JP      Z,ENDBUF        ; Yes - End buffer
6509: 3AAE80  	        LD      A,(DATFLG)      ; Get data type
650C: B7      	        OR      A               ; Literal?
650D: 7E      	        LD      A,(HL)          ; Get byte to copy
650E: C27865  	        JP      NZ,MOVDIR       ; Literal - Copy direct
6511: FE3F    	        CP      '?'             ; Is it '?' short for PRINT
6513: 3E9E    	        LD      A,ZPRINT        ; "PRINT" token
6515: CA7865  	        JP      Z,MOVDIR        ; Yes - replace it
6518: 7E      	        LD      A,(HL)          ; Get byte again
6519: FE30    	        CP      '0'             ; Is it less than '0'
651B: DA2365  	        JP      C,FNDWRD        ; Yes - Look for reserved words
651E: FE3C    	        CP      60; ";"+1           ; Is it "0123456789:;" ?
6520: DA7865  	        JP      C,MOVDIR        ; Yes - copy it direct
6523: D5      	FNDWRD: PUSH    DE              ; Look for reserved words
6524: 111161  	        LD      DE,WORDS-1      ; Point to table
6527: C5      	        PUSH    BC              ; Save count
6528: 017465  	        LD      BC,RETNAD       ; Where to return to
652B: C5      	        PUSH    BC              ; Save return address
652C: 067F    	        LD      B,ZEND-1        ; First token value -1
652E: 7E      	        LD      A,(HL)          ; Get byte
652F: FE61    	        CP      'a'             ; Less than 'a' ?
6531: DA3C65  	        JP      C,SEARCH        ; Yes - search for words
6534: FE7B    	        CP      'z'+1           ; Greater than 'z' ?
6536: D23C65  	        JP      NC,SEARCH       ; Yes - search for words
6539: E65F    	        AND     01011111B       ; Force upper case
653B: 77      	        LD      (HL),A          ; Replace byte
653C: 4E      	SEARCH: LD      C,(HL)          ; Search for a word
653D: EB      	        EX      DE,HL
653E: 23      	GETNXT: INC     HL              ; Get next reserved word
653F: B6      	        OR      (HL)            ; Start of word?
6540: F23E65  	        JP      P,GETNXT        ; No - move on
6543: 04      	        INC     B               ; Increment token value
6544: 7E      	        LD      A, (HL)         ; Get byte from table
6545: E67F    	        AND     01111111B       ; Strip bit 7
6547: C8      	        RET     Z               ; Return if end of list
6548: B9      	        CP      C               ; Same character as in buffer?
6549: C23E65  	        JP      NZ,GETNXT       ; No - get next word
654C: EB      	        EX      DE,HL
654D: E5      	        PUSH    HL              ; Save start of word
              	
654E: 13      	NXTBYT: INC     DE              ; Look through rest of word
654F: 1A      	        LD      A,(DE)          ; Get byte from table
6550: B7      	        OR      A               ; End of word ?
6551: FA7065  	        JP      M,MATCH         ; Yes - Match found
6554: 4F      	        LD      C,A             ; Save it
6555: 78      	        LD      A,B             ; Get token value
6556: FE88    	        CP      ZGOTO           ; Is it "GOTO" token ?
6558: C25F65  	        JP      NZ,NOSPC        ; No - Don't allow spaces
655B: CDFC67  	        CALL    GETCHR          ; Get next character
655E: 2B      	        DEC     HL              ; Cancel increment from GETCHR
655F: 23      	NOSPC:  INC     HL              ; Next byte
6560: 7E      	        LD      A,(HL)          ; Get byte
6561: FE61    	        CP      'a'             ; Less than 'a' ?
6563: DA6865  	        JP      C,NOCHNG        ; Yes - don't change
6566: E65F    	        AND     01011111B       ; Make upper case
6568: B9      	NOCHNG: CP      C               ; Same as in buffer ?
6569: CA4E65  	        JP      Z,NXTBYT        ; Yes - keep testing
656C: E1      	        POP     HL              ; Get back start of word
656D: C33C65  	        JP      SEARCH          ; Look at next word
              	
6570: 48      	MATCH:  LD      C,B             ; Word found - Save token value
6571: F1      	        POP     AF              ; Throw away return
6572: EB      	        EX      DE,HL
6573: C9      	        RET                     ; Return to "RETNAD"
6574: EB      	RETNAD: EX      DE,HL           ; Get address in string
6575: 79      	        LD      A,C             ; Get token value
6576: C1      	        POP     BC              ; Restore buffer length
6577: D1      	        POP     DE              ; Get destination address
6578: 23      	MOVDIR: INC     HL              ; Next source in buffer
6579: 12      	        LD      (DE),A          ; Put byte in buffer
657A: 13      	        INC     DE              ; Move up buffer
657B: 0C      	        INC     C               ; Increment length of buffer
657C: D63A    	        SUB     ':'             ; End of statement?
657E: CA8665  	        JP      Z,SETLIT        ; Jump if multi-statement line
6581: FE49    	        CP      ZDATA-3AH       ; Is it DATA statement ?
6583: C28965  	        JP      NZ,TSTREM       ; No - see if REM
6586: 32AE80  	SETLIT: LD      (DATFLG),A      ; Set literal flag
6589: D654    	TSTREM: SUB     ZREM-3AH        ; Is it REM?
658B: C2F964  	        JP      NZ,CRNCLP       ; No - Leave flag
658E: 47      	        LD      B,A             ; Copy rest of buffer
658F: 7E      	NXTCHR: LD      A,(HL)          ; Get byte
6590: B7      	        OR      A               ; End of line ?
6591: CA9F65  	        JP      Z,ENDBUF        ; Yes - Terminate buffer
6594: B8      	        CP      B               ; End of statement ?
6595: CA7865  	        JP      Z,MOVDIR        ; Yes - Get next one
6598: 23      	CPYLIT: INC     HL              ; Move up source string
6599: 12      	        LD      (DE),A          ; Save in destination
659A: 0C      	        INC     C               ; Increment length
659B: 13      	        INC     DE              ; Move up destination
659C: C38F65  	        JP      NXTCHR          ; Repeat
              	
659F: 216080  	ENDBUF: LD      HL,BUFFER-1     ; Point to start of buffer
65A2: 12      	        LD      (DE),A          ; Mark end of buffer (A = 00)
65A3: 13      	        INC     DE
65A4: 12      	        LD      (DE),A          ; A = 00
65A5: 13      	        INC     DE
65A6: 12      	        LD      (DE),A          ; A = 00
65A7: C9      	        RET
              	
65A8: 3A4480  	DODEL:  LD      A,(NULFLG)      ; Get null flag status 
65AB: B7      	        OR      A               ; Is it zero?
65AC: 3E00    	        LD      A,0             ; Zero A - Leave flags
65AE: 324480  	        LD      (NULFLG),A      ; Zero null flag
65B1: C2BC65  	        JP      NZ,ECHDEL       ; Set - Echo it
65B4: 05      	        DEC     B               ; Decrement length
65B5: CAD965  	        JP      Z,GETLIN        ; Get line again if empty
65B8: CD6D66  	        CALL    OUTC            ; Output null character
65BB: 3E      	        .BYTE   3EH             ; Skip "DEC B"
65BC: 05      	ECHDEL: DEC     B               ; Count bytes in buffer
65BD: 2B      	        DEC     HL              ; Back space buffer
65BE: CAD065  	        JP      Z,OTKLN         ; No buffer - Try again
65C1: 7E      	        LD      A,(HL)          ; Get deleted 
65C2: CD6D66  	        CALL    OUTC            ; Echo it
65C5: C3E265  	        JP      MORINP          ; Get more input
              	
65C8: 05      	DELCHR: DEC     B               ; Count bytes in buffer 
65C9: 2B      	        DEC     HL              ; Back space buffer
65CA: CD6D66  	        CALL    OUTC            ; Output character in A
65CD: C2E265  	        JP      NZ,MORINP       ; Not end - Get more
65D0: CD6D66  	OTKLN:  CALL    OUTC            ; Output character in A
65D3: CDA46A  	KILIN:  CALL    PRNTCRLF        ; Output CRLF
65D6: C3D965  	        JP      TTYLIN          ; Get line again
              	
65D9:         	GETLIN:
65D9: 216180  	TTYLIN: LD      HL,BUFFER       ; Get a line by character
65DC: 0601    	        LD      B,1             ; Set buffer as empty
65DE: AF      	        XOR     A
65DF: 324480  	        LD      (NULFLG),A      ; Clear null flag
65E2: CD9766  	MORINP: CALL    CLOTST          ; Get character and test ^O
65E5: 4F      	        LD      C,A             ; Save character in C
65E6: FE7F    	        CP      DEL             ; Delete character?
65E8: CAA865  	        JP      Z,DODEL         ; Yes - Process it
65EB: 3A4480  	        LD      A,(NULFLG)      ; Get null flag
65EE: B7      	        OR      A               ; Test null flag status
65EF: CAFB65  	        JP      Z,PROCES        ; Reset - Process character
65F2: 3E00    	        LD      A,0             ; Set a null
65F4: CD6D66  	        CALL    OUTC            ; Output null
65F7: AF      	        XOR     A               ; Clear A
65F8: 324480  	        LD      (NULFLG),A      ; Reset null flag
65FB: 79      	PROCES: LD      A,C             ; Get character
65FC: FE07    	        CP      CTRLG           ; Bell?
65FE: CA3F66  	        JP      Z,PUTCTL        ; Yes - Save it
6601: FE03    	        CP      CTRLC           ; Is it control "C"?
6603: CCA46A  	        CALL    Z,PRNTCRLF      ; Yes - Output CRLF
6606: 37      	        SCF                     ; Flag break
6607: C8      	        RET     Z               ; Return if control "C"
6608: FE0D    	        CP      CR              ; Is it enter?
660A: CA9F6A  	        JP      Z,ENDINP        ; Yes - Terminate input
660D: FE15    	        CP      CTRLU           ; Is it control "U"?
660F: CAD365  	        JP      Z,KILIN         ; Yes - Get another line
6612: FE40    	        CP      '@'             ; Is it "kill line"?
6614: CAD065  	        JP      Z,OTKLN         ; Yes - Kill line
6617: FE5F    	        CP      '_'             ; Is it delete?
6619: CAC865  	        JP      Z,DELCHR        ; Yes - Delete character
661C: FE08    	        CP      BKSP            ; Is it backspace?
661E: CAC865  	        JP      Z,DELCHR        ; Yes - Delete character
6621: FE12    	        CP      CTRLR           ; Is it control "R"?
6623: C23A66  	        JP      NZ,PUTBUF       ; No - Put in buffer
6626: C5      	        PUSH    BC              ; Save buffer length
6627: D5      	        PUSH    DE              ; Save DE
6628: E5      	        PUSH    HL              ; Save buffer address
6629: 3600    	        LD      (HL),0          ; Mark end of buffer
662B: CD547C  	        CALL    OUTNCR          ; Output and do CRLF
662E: 216180  	        LD      HL,BUFFER       ; Point to buffer start
6631: CD4271  	        CALL    PRS             ; Output buffer
6634: E1      	        POP     HL              ; Restore buffer address
6635: D1      	        POP     DE              ; Restore DE
6636: C1      	        POP     BC              ; Restore buffer length
6637: C3E265  	        JP      MORINP          ; Get another character
              	
663A: FE20    	PUTBUF: CP      ' '             ; Is it a control code?
663C: DAE265  	        JP      C,MORINP        ; Yes - Ignore
663F: 78      	PUTCTL: LD      A,B             ; Get number of bytes in buffer
6640: FE49    	        CP      72+1            ; Test for line overflow
6642: 3E07    	        LD      A,CTRLG         ; Set a bell
6644: D25466  	        JP      NC,OUTNBS       ; Ring bell if buffer full
6647: 79      	        LD      A,C             ; Get character
6648: 71      	        LD      (HL),C          ; Save in buffer
6649: 32CC80  	        LD      (LSTBIN),A      ; Save last input byte
664C: 23      	        INC     HL              ; Move up buffer
664D: 04      	        INC     B               ; Increment length
664E: CD6D66  	OUTIT:  CALL    OUTC            ; Output the character entered
6651: C3E265  	        JP      MORINP          ; Get another character
              	
6654: CD6D66  	OUTNBS: CALL    OUTC            ; Output bell and back over it
6657: 3E08    	        LD      A,BKSP          ; Set back space
6659: C34E66  	        JP      OUTIT           ; Output it and get more
              	
665C: 7C      	CPDEHL: LD      A,H             ; Get H
665D: 92      	        SUB     D               ; Compare with D
665E: C0      	        RET     NZ              ; Different - Exit
665F: 7D      	        LD      A,L             ; Get L
6660: 93      	        SUB     E               ; Compare with E
6661: C9      	        RET                     ; Return status
              	
6662: 7E      	CHKSYN: LD      A,(HL)          ; Check syntax of character
6663: E3      	        EX      (SP),HL         ; Address of test byte
6664: BE      	        CP      (HL)            ; Same as in code string?
6665: 23      	        INC     HL              ; Return address
6666: E3      	        EX      (SP),HL         ; Put it back
6667: CAFC67  	        JP      Z,GETCHR        ; Yes - Get next character
666A: C39463  	        JP      SNERR           ; Different - ?SN Error
              	
666D: F5      	OUTC:   PUSH    AF              ; Save character 
666E: 3A4580  	        LD      A,(CTLOFG)      ; Get control "O" flag
6671: B7      	        OR      A               ; Is it set?
6672: C27771  	        JP      NZ,POPAF        ; Yes - don't output
6675: F1      	        POP     AF              ; Restore character
6676: C5      	        PUSH    BC              ; Save buffer length
6677: F5      	        PUSH    AF              ; Save character
6678: FE20    	        CP      ' '             ; Is it a control code?
667A: DA9166  	        JP      C,DINPOS        ; Yes - Don't INC POS(X)
667D: 3A4280  	        LD      A,(LWIDTH)      ; Get line width
6680: 47      	        LD      B,A             ; To B
6681: 3AAB80  	        LD      A,(CURPOS)      ; Get cursor position
6684: 04      	        INC     B               ; Width 255?
6685: CA8D66  	        JP      Z,INCLEN        ; Yes - No width limit
6688: 05      	        DEC     B               ; Restore width
6689: B8      	        CP      B               ; At end of line?
668A: CCA46A  	        CALL    Z,PRNTCRLF      ; Yes - output CRLF
668D: 3C      	INCLEN: INC     A               ; Move on one character
668E: 32AB80  	        LD      (CURPOS),A      ; Save new position
6691: F1      	DINPOS: POP     AF              ; Restore character
6692: C1      	        POP     BC              ; Restore buffer length
6693: CD3D7C  	        CALL    MONOUT          ; Send it
6696: C9      	        RET
              	
6697: CD017B  	CLOTST: CALL    GETINP          ; Get input character
669A: E67F    	        AND     01111111B       ; Strip bit 7
669C: FE0F    	        CP      CTRLO           ; Is it control "O"?
669E: C0      	        RET     NZ              ; No don't flip flag
669F: 3A4580  	        LD      A,(CTLOFG)      ; Get flag
66A2: 2F      	        CPL                     ; Flip it
66A3: 324580  	        LD      (CTLOFG),A      ; Put it back
66A6: AF      	        XOR     A               ; Null character
66A7: C9      	        RET
              	
66A8: CDC868  	LIST:   CALL    ATOH            ; ASCII number to DE
66AB: C0      	        RET     NZ              ; Return if anything extra
66AC: C1      	        POP     BC              ; Rubbish - Not needed
66AD: CD8064  	        CALL    SRCHLN          ; Search for line number in DE
66B0: C5      	        PUSH    BC              ; Save address of line
66B1: CDFE66  	        CALL    SETLIN          ; Set up lines counter
66B4: E1      	LISTLP: POP     HL              ; Restore address of line
66B5: 4E      	        LD      C,(HL)          ; Get LSB of next line
66B6: 23      	        INC     HL
66B7: 46      	        LD      B,(HL)          ; Get MSB of next line
66B8: 23      	        INC     HL
66B9: 78      	        LD      A,B             ; BC = 0 (End of program)?
66BA: B1      	        OR      C
66BB: CADF63  	        JP      Z,PRNTOK        ; Yes - Go to command mode
66BE: CD0767  	        CALL    COUNT           ; Count lines
66C1: CD2768  	        CALL    TSTBRK          ; Test for break key
66C4: C5      	        PUSH    BC              ; Save address of next line
66C5: CDA46A  	        CALL    PRNTCRLF        ; Output CRLF
66C8: 5E      	        LD      E,(HL)          ; Get LSB of line number
66C9: 23      	        INC     HL
66CA: 56      	        LD      D,(HL)          ; Get MSB of line number
66CB: 23      	        INC     HL
66CC: E5      	        PUSH    HL              ; Save address of line start
66CD: EB      	        EX      DE,HL           ; Line number to HL
66CE: CDE577  	        CALL    PRNTHL          ; Output line number in decimal
66D1: 3E20    	        LD      A,' '           ; Space after line number
66D3: E1      	        POP     HL              ; Restore start of line address
66D4: CD6D66  	LSTLP2: CALL    OUTC            ; Output character in A
66D7: 7E      	LSTLP3: LD      A,(HL)          ; Get next byte in line
66D8: B7      	        OR      A               ; End of line?
66D9: 23      	        INC     HL              ; To next byte in line
66DA: CAB466  	        JP      Z,LISTLP        ; Yes - get next line
66DD: F2D466  	        JP      P,LSTLP2        ; No token - output it
66E0: D67F    	        SUB     ZEND-1          ; Find and output word
66E2: 4F      	        LD      C,A             ; Token offset+1 to C
66E3: 111261  	        LD      DE,WORDS        ; Reserved word list
66E6: 1A      	FNDTOK: LD      A,(DE)          ; Get character in list
66E7: 13      	        INC     DE              ; Move on to next
66E8: B7      	        OR      A               ; Is it start of word?
66E9: F2E666  	        JP      P,FNDTOK        ; No - Keep looking for word
66EC: 0D      	        DEC     C               ; Count words
66ED: C2E666  	        JP      NZ,FNDTOK       ; Not there - keep looking
66F0: E67F    	OUTWRD: AND     01111111B       ; Strip bit 7
66F2: CD6D66  	        CALL    OUTC            ; Output first character
66F5: 1A      	        LD      A,(DE)          ; Get next character
66F6: 13      	        INC     DE              ; Move on to next
66F7: B7      	        OR      A               ; Is it end of word?
66F8: F2F066  	        JP      P,OUTWRD        ; No - output the rest
66FB: C3D766  	        JP      LSTLP3          ; Next byte in line
              	
66FE: E5      	SETLIN: PUSH    HL              ; Set up LINES counter
66FF: 2A4880  	        LD      HL,(LINESN)     ; Get LINES number
6702: 224680  	        LD      (LINESC),HL     ; Save in LINES counter
6705: E1      	        POP     HL
6706: C9      	        RET
              	
6707: E5      	COUNT:  PUSH    HL              ; Save code string address
6708: D5      	        PUSH    DE
6709: 2A4680  	        LD      HL,(LINESC)     ; Get LINES counter
670C: 11FFFF  	        LD      DE,-1
670F: ED5A    	        ADC     HL,DE           ; Decrement
6711: 224680  	        LD      (LINESC),HL     ; Put it back
6714: D1      	        POP     DE
6715: E1      	        POP     HL              ; Restore code string address
6716: F0      	        RET     P               ; Return if more lines to go
6717: E5      	        PUSH    HL              ; Save code string address
6718: 2A4880  	        LD      HL,(LINESN)     ; Get LINES number
671B: 224680  	        LD      (LINESC),HL     ; Reset LINES counter
671E: CD017B  	        CALL    GETINP          ; Get input character
6721: FE03    	        CP      CTRLC           ; Is it control "C"?
6723: CA2A67  	        JP      Z,RSLNBK        ; Yes - Reset LINES and break
6726: E1      	        POP     HL              ; Restore code string address
6727: C30767  	        JP      COUNT           ; Keep on counting
              	
672A: 2A4880  	RSLNBK: LD      HL,(LINESN)     ; Get LINES number
672D: 224680  	        LD      (LINESC),HL     ; Reset LINES counter
6730: C3A760  	        JP      BRKRET          ; Go and output "Break"
              	
6733: 3E64    	FOR:    LD      A,64H           ; Flag "FOR" assignment
6735: 32CB80  	        LD      (FORFLG),A      ; Save "FOR" flag
6738: CDAA69  	        CALL    LET             ; Set up initial index
673B: C1      	        POP     BC              ; Drop RETurn address
673C: E5      	        PUSH    HL              ; Save code string address
673D: CD9369  	        CALL    DATA            ; Get next statement address
6740: 22C780  	        LD      (LOOPST),HL     ; Save it for start of loop
6743: 210200  	        LD      HL,2            ; Offset for "FOR" block
6746: 39      	        ADD     HL,SP           ; Point to it
6747: CD4163  	FORSLP: CALL    LOKFOR          ; Look for existing "FOR" block
674A: D1      	        POP     DE              ; Get code string address
674B: C26367  	        JP      NZ,FORFND       ; No nesting found
674E: 09      	        ADD     HL,BC           ; Move into "FOR" block
674F: D5      	        PUSH    DE              ; Save code string address
6750: 2B      	        DEC     HL
6751: 56      	        LD      D,(HL)          ; Get MSB of loop statement
6752: 2B      	        DEC     HL
6753: 5E      	        LD      E,(HL)          ; Get LSB of loop statement
6754: 23      	        INC     HL
6755: 23      	        INC     HL
6756: E5      	        PUSH    HL              ; Save block address
6757: 2AC780  	        LD      HL,(LOOPST)     ; Get address of loop statement
675A: CD5C66  	        CALL    CPDEHL          ; Compare the FOR loops
675D: E1      	        POP     HL              ; Restore block address
675E: C24767  	        JP      NZ,FORSLP       ; Different FORs - Find another
6761: D1      	        POP     DE              ; Restore code string address
6762: F9      	        LD      SP,HL           ; Remove all nested loops
              	
6763: EB      	FORFND: EX      DE,HL           ; Code string address to HL
6764: 0E08    	        LD      C,8
6766: CD7163  	        CALL    CHKSTK          ; Check for 8 levels of stack
6769: E5      	        PUSH    HL              ; Save code string address
676A: 2AC780  	        LD      HL,(LOOPST)     ; Get first statement of loop
676D: E3      	        EX      (SP),HL         ; Save and restore code string
676E: E5      	        PUSH    HL              ; Re-save code string address
676F: 2A5C80  	        LD      HL,(LINEAT)     ; Get current line number
6772: E3      	        EX      (SP),HL         ; Save and restore code string
6773: CD6C6C  	        CALL    TSTNUM          ; Make sure it's a number
6776: CD6266  	        CALL    CHKSYN          ; Make sure "TO" is next
6779: A6      	        .BYTE   ZTO          ; "TO" token
677A: CD696C  	        CALL    GETNUM          ; Get "TO" expression value
677D: E5      	        PUSH    HL              ; Save code string address
677E: CD9776  	        CALL    BCDEFP          ; Move "TO" value to BCDE
6781: E1      	        POP     HL              ; Restore code string address
6782: C5      	        PUSH    BC              ; Save "TO" value in block
6783: D5      	        PUSH    DE
6784: 010081  	        LD      BC,8100H        ; BCDE - 1 (default STEP)
6787: 51      	        LD      D,C             ; C=0
6788: 5A      	        LD      E,D             ; D=0
6789: 7E      	        LD      A,(HL)          ; Get next byte in code string
678A: FEAB    	        CP      ZSTEP           ; See if "STEP" is stated
678C: 3E01    	        LD      A,1             ; Sign of step = 1
678E: C29F67  	        JP      NZ,SAVSTP       ; No STEP given - Default to 1
6791: CDFC67  	        CALL    GETCHR          ; Jump over "STEP" token
6794: CD696C  	        CALL    GETNUM          ; Get step value
6797: E5      	        PUSH    HL              ; Save code string address
6798: CD9776  	        CALL    BCDEFP          ; Move STEP to BCDE
679B: CD4B76  	        CALL    TSTSGN          ; Test sign of FPREG
679E: E1      	        POP     HL              ; Restore code string address
679F: C5      	SAVSTP: PUSH    BC              ; Save the STEP value in block
67A0: D5      	        PUSH    DE
67A1: F5      	        PUSH    AF              ; Save sign of STEP
67A2: 33      	        INC     SP              ; Don't save flags
67A3: E5      	        PUSH    HL              ; Save code string address
67A4: 2ACE80  	        LD      HL,(BRKLIN)     ; Get address of index variable
67A7: E3      	        EX      (SP),HL         ; Save and restore code string
67A8: 0681    	PUTFID: LD      B,ZFOR          ; "FOR" block marker
67AA: C5      	        PUSH    BC              ; Save it
67AB: 33      	        INC     SP              ; Don't save C
              	
67AC: CD2768  	RUNCNT: CALL    TSTBRK          ; Execution driver - Test break
67AF: 22CE80  	        LD      (BRKLIN),HL     ; Save code address for break
67B2: 7E      	        LD      A,(HL)          ; Get next byte in code string
67B3: FE3A    	        CP      ':'             ; Multi statement line?
67B5: CACC67  	        JP      Z,EXCUTE        ; Yes - Execute it
67B8: B7      	        OR      A               ; End of line?
67B9: C29463  	        JP      NZ,SNERR        ; No - Syntax error
67BC: 23      	        INC     HL              ; Point to address of next line
67BD: 7E      	        LD      A,(HL)          ; Get LSB of line pointer
67BE: 23      	        INC     HL
67BF: B6      	        OR      (HL)            ; Is it zero (End of prog)?
67C0: CA4E68  	        JP      Z,ENDPRG        ; Yes - Terminate execution
67C3: 23      	        INC     HL              ; Point to line number
67C4: 5E      	        LD      E,(HL)          ; Get LSB of line number
67C5: 23      	        INC     HL
67C6: 56      	        LD      D,(HL)          ; Get MSB of line number
67C7: EB      	        EX      DE,HL           ; Line number to HL
67C8: 225C80  	        LD      (LINEAT),HL     ; Save as current line number
67CB: EB      	        EX      DE,HL           ; Line number back to DE
67CC: CDFC67  	EXCUTE: CALL    GETCHR          ; Get key word
67CF: 11AC67  	        LD      DE,RUNCNT       ; Where to RETurn to
67D2: D5      	        PUSH    DE              ; Save for RETurn
67D3: C8      	IFJMP:  RET     Z               ; Go to RUNCNT if end of STMT
              	
              	
              	
              	
67D4:         	ONJMP:  
67D4: FED2    			cp		ZBYE			; token lesser than zbuy
67D6: 380C    			jr		c,notcust		; if so skip to original code
67D8: D6D2    			sub		ZBYE			; subtract zbye to index int custtab
67DA: 07      			rlca					; multiply by tw to make offset
67DB: 4F      			ld		c,a
67DC: 0600    			ld		b,0
67DE: EB      			ex		de,hl			; save code string addr
67DF: 218262  			ld		hl,custtab		; load tabel addr
67E2: 1812    			jr		custadd			; let the original code take over
              	
67E4:         	notcust:
              	
67E4: D680    			SUB     ZEND            ; Is it a token?
67E6: DAAA69  	        JP      C,LET           ; No - try to assign it
67E9: FE25    	        CP      ZNEW+1-ZEND     ; END to NEW ?
67EB: D29463  	        JP      NC,SNERR        ; Not a key word - ?SN Error
67EE: 07      	        RLCA                    ; Double it
67EF: 4F      	        LD      C,A             ; BC = Offset into table
67F0: 0600    	        LD      B,0
67F2: EB      	        EX      DE,HL           ; Save code string address
67F3: 213862  	        LD      HL,WORDTB       ; Keyword address table
67F6:         	custadd:
67F6: 09      	        ADD     HL,BC           ; Point to routine address
67F7: 4E      	        LD      C,(HL)          ; Get LSB of routine address
67F8: 23      	        INC     HL
67F9: 46      	        LD      B,(HL)          ; Get MSB of routine address
67FA: C5      	        PUSH    BC              ; Save routine address
67FB: EB      	        EX      DE,HL           ; Restore code string address
              	
              	
              	
              	
              	
              	
              	
              	
67FC: 23      	GETCHR: INC     HL              ; Point to next character
67FD: 7E      	        LD      A,(HL)          ; Get next code string byte
67FE: FE3A    	        CP      ':'             ; Z if ':'
6800: D0      	        RET     NC              ; NC if > "9"
6801: FE20    	        CP      ' '
6803: CAFC67  	        JP      Z,GETCHR        ; Skip over spaces
6806: FE30    	        CP      '0'
6808: 3F      	        CCF                     ; NC if < '0'
6809: 3C      	        INC     A               ; Test for zero - Leave carry
680A: 3D      	        DEC     A               ; Z if Null
680B: C9      	        RET
              	
680C: EB      	RESTOR: EX      DE,HL           ; Save code string address
680D: 2A5E80  	        LD      HL,(BASTXT)     ; Point to start of program
6810: CA2168  	        JP      Z,RESTNL        ; Just RESTORE - reset pointer
6813: EB      	        EX      DE,HL           ; Restore code string address
6814: CDC868  	        CALL    ATOH            ; Get line number to DE
6817: E5      	        PUSH    HL              ; Save code string address
6818: CD8064  	        CALL    SRCHLN          ; Search for line number in DE
681B: 60      	        LD      H,B             ; HL = Address of line
681C: 69      	        LD      L,C
681D: D1      	        POP     DE              ; Restore code string address
681E: D26969  	        JP      NC,ULERR        ; ?UL Error if not found
6821: 2B      	RESTNL: DEC     HL              ; Byte before DATA statement
6822: 22DC80  	UPDATA: LD      (NXTDAT),HL     ; Update DATA pointer
6825: EB      	        EX      DE,HL           ; Restore code string address
6826: C9      	        RET
              	
              	
6827: DF      	TSTBRK: RST     18H             ; Check input status
6828: C8      	        RET     Z               ; No key, go back
6829: D7      	        RST     10H             ; Get the key into A
682A: FE1B    	        CP      ESC             ; Escape key?
682C: 2811    	        JR      Z,BRK           ; Yes, break
682E: FE03    	        CP      CTRLC           ; <Ctrl-C>
6830: 280D    	        JR      Z,BRK           ; Yes, break
6832: FE13    	        CP      CTRLS           ; Stop scrolling?
6834: C0      	        RET     NZ              ; Other key, ignore
              	
              	
6835: D7      	STALL:  RST     10H             ; Wait for key
6836: FE11    	        CP      CTRLQ           ; Resume scrolling?
6838: C8      	        RET      Z              ; Release the chokehold
6839: FE03    	        CP      CTRLC           ; Second break?
683B: 2807    	        JR      Z,STOP          ; Break during hold exits prog
683D: 18F6    	        JR      STALL           ; Loop until <Ctrl-Q> or <brk>
              	
683F: 3EFF    	BRK     LD      A,$FF           ; Set BRKFLG
6841: 324D80  	        LD      (BRKFLG),A      ; Store it
              	
              	
6844: C0      	STOP:   RET     NZ              ; Exit if anything else
6845: F6      	        .BYTE   0F6H            ; Flag "STOP"
6846: C0      	PEND:   RET     NZ              ; Exit if anything else
6847: 22CE80  	        LD      (BRKLIN),HL     ; Save point of break
684A: 21      	        .BYTE   21H             ; Skip "OR 11111111B"
684B: F6FF    	INPBRK: OR      11111111B       ; Flag "Break" wanted
684D: C1      	        POP     BC              ; Return not needed and more
684E: 2A5C80  	ENDPRG: LD      HL,(LINEAT)     ; Get current line number
6851: F5      	        PUSH    AF              ; Save STOP / END status
6852: 7D      	        LD      A,L             ; Is it direct break?
6853: A4      	        AND     H
6854: 3C      	        INC     A               ; Line is -1 if direct break
6855: CA6168  	        JP      Z,NOLIN         ; Yes - No line number
6858: 22D280  	        LD      (ERRLIN),HL     ; Save line of break
685B: 2ACE80  	        LD      HL,(BRKLIN)     ; Get point of break
685E: 22D480  	        LD      (CONTAD),HL     ; Save point to CONTinue
6861: AF      	NOLIN:  XOR     A
6862: 324580  	        LD      (CTLOFG),A      ; Enable output
6865: CD976A  	        CALL    STTLIN          ; Start a new line
6868: F1      	        POP     AF              ; Restore STOP / END status
6869: 213763  	        LD      HL,BRKMSG       ; "Break" message
686C: C2C863  	        JP      NZ,ERRIN        ; "in line" wanted?
686F: C3DF63  	        JP      PRNTOK          ; Go to command mode
              	
6872: 2AD480  	CONT:   LD      HL,(CONTAD)     ; Get CONTinue address
6875: 7C      	        LD      A,H             ; Is it zero?
6876: B5      	        OR      L
6877: 1E20    	        LD      E,CN            ; ?CN Error
6879: CAA863  	        JP      Z,ERROR         ; Yes - output "?CN Error"
687C: EB      	        EX      DE,HL           ; Save code string address
687D: 2AD280  	        LD      HL,(ERRLIN)     ; Get line of last break
6880: 225C80  	        LD      (LINEAT),HL     ; Set up current line number
6883: EB      	        EX      DE,HL           ; Restore code string address
6884: C9      	        RET                     ; CONTinue where left off
              	
6885: CDCA73  	NULL:   CALL    GETINT          ; Get integer 0-255
6888: C0      	        RET     NZ              ; Return if bad value
6889: 324180  	        LD      (NULLS),A       ; Set nulls number
688C: C9      	        RET
              	
              	
688D: E5      	ACCSUM: PUSH    HL              ; Save address in array
688E: 2A4A80  	        LD      HL,(CHKSUM)     ; Get check sum
6891: 0600    	        LD      B,0             ; BC - Value of byte
6893: 4F      	        LD      C,A
6894: 09      	        ADD     HL,BC           ; Add byte to check sum
6895: 224A80  	        LD      (CHKSUM),HL     ; Re-save check sum
6898: E1      	        POP     HL              ; Restore address in array
6899: C9      	        RET
              	
689A: 7E      	CHKLTR: LD      A,(HL)          ; Get byte
689B: FE41    	        CP      'A'             ; < 'a' ?
689D: D8      	        RET     C               ; Carry set if not letter
689E: FE5B    	        CP      'Z'+1           ; > 'z' ?
68A0: 3F      	        CCF
68A1: C9      	        RET                     ; Carry set if not letter
              	
68A2: CDFC67  	FPSINT: CALL    GETCHR          ; Get next character
68A5: CD696C  	POSINT: CALL    GETNUM          ; Get integer 0 to 32767
68A8: CD4B76  	DEPINT: CALL    TSTSGN          ; Test sign of FPREG
68AB: FAC368  	        JP      M,FCERR         ; Negative - ?FC Error
68AE: 3AE780  	DEINT:  LD      A,(FPEXP)       ; Get integer value to DE
68B1: FE90    	        CP      80H+16          ; Exponent in range (16 bits)?
68B3: DAF376  	        JP      C,FPINT         ; Yes - convert it
68B6: 018090  	        LD      BC,9080H        ; BCDE = -32768
68B9: 110000  	        LD      DE,0000
68BC: E5      	        PUSH    HL              ; Save code string address
68BD: CDC676  	        CALL    CMPNUM          ; Compare FPREG with BCDE
68C0: E1      	        POP     HL              ; Restore code string address
68C1: 51      	        LD      D,C             ; MSB to D
68C2: C8      	        RET     Z               ; Return if in range
68C3: 1E08    	FCERR:  LD      E,FC            ; ?FC Error
68C5: C3A863  	        JP      ERROR           ; Output error-
              	
68C8: 2B      	ATOH:   DEC     HL              ; ASCII number to DE binary
68C9: 110000  	GETLN:  LD      DE,0            ; Get number to DE
68CC: CDFC67  	GTLNLP: CALL    GETCHR          ; Get next character
68CF: D0      	        RET     NC              ; Exit if not a digit
68D0: E5      	        PUSH    HL              ; Save code string address
68D1: F5      	        PUSH    AF              ; Save digit
68D2: 219819  	        LD      HL,65529/10     ; Largest number 65529
68D5: CD5C66  	        CALL    CPDEHL          ; Number in range?
68D8: DA9463  	        JP      C,SNERR         ; No - ?SN Error
68DB: 62      	        LD      H,D             ; HL = Number
68DC: 6B      	        LD      L,E
68DD: 19      	        ADD     HL,DE           ; Times 2
68DE: 29      	        ADD     HL,HL           ; Times 4
68DF: 19      	        ADD     HL,DE           ; Times 5
68E0: 29      	        ADD     HL,HL           ; Times 10
68E1: F1      	        POP     AF              ; Restore digit
68E2: D630    	        SUB     '0'             ; Make it 0 to 9
68E4: 5F      	        LD      E,A             ; DE = Value of digit
68E5: 1600    	        LD      D,0
68E7: 19      	        ADD     HL,DE           ; Add to number
68E8: EB      	        EX      DE,HL           ; Number to DE
68E9: E1      	        POP     HL              ; Restore code string address
68EA: C3CC68  	        JP      GTLNLP          ; Go to next character
              	
68ED: CAB064  	CLEAR:  JP      Z,INTVAR        ; Just "CLEAR" Keep parameters
68F0: CDA568  	        CALL    POSINT          ; Get integer 0 to 32767 to DE
68F3: 2B      	        DEC     HL              ; Cancel increment
68F4: CDFC67  	        CALL    GETCHR          ; Get next character
68F7: E5      	        PUSH    HL              ; Save code string address
68F8: 2AAF80  	        LD      HL,(LSTRAM)     ; Get end of RAM
68FB: CA1069  	        JP      Z,STORED        ; No value given - Use stored
68FE: E1      	        POP     HL              ; Restore code string address
68FF: CD6266  	        CALL    CHKSYN          ; Check for comma
6902: 2C      	        .BYTE      ','
6903: D5      	        PUSH    DE              ; Save number
6904: CDA568  	        CALL    POSINT          ; Get integer 0 to 32767
6907: 2B      	        DEC     HL              ; Cancel increment
6908: CDFC67  	        CALL    GETCHR          ; Get next character
690B: C29463  	        JP      NZ,SNERR        ; ?SN Error if more on line
690E: E3      	        EX      (SP),HL         ; Save code string address
690F: EB      	        EX      DE,HL           ; Number to DE
6910: 7D      	STORED: LD      A,L             ; Get LSB of new RAM top
6911: 93      	        SUB     E               ; Subtract LSB of string space
6912: 5F      	        LD      E,A             ; Save LSB
6913: 7C      	        LD      A,H             ; Get MSB of new RAM top
6914: 9A      	        SBC     A,D             ; Subtract MSB of string space
6915: 57      	        LD      D,A             ; Save MSB
6916: DA8963  	        JP      C,OMERR         ; ?OM Error if not enough mem
6919: E5      	        PUSH    HL              ; Save RAM top
691A: 2AD680  	        LD      HL,(PROGND)     ; Get program end
691D: 012800  	        LD      BC,40           ; 40 Bytes minimum working RAM
6920: 09      	        ADD     HL,BC           ; Get lowest address
6921: CD5C66  	        CALL    CPDEHL          ; Enough memory?
6924: D28963  	        JP      NC,OMERR        ; No - ?OM Error
6927: EB      	        EX      DE,HL           ; RAM top to HL
6928: 225A80  	        LD      (STRSPC),HL     ; Set new string space
692B: E1      	        POP     HL              ; End of memory to use
692C: 22AF80  	        LD      (LSTRAM),HL     ; Set new top of RAM
692F: E1      	        POP     HL              ; Restore code string address
6930: C3B064  	        JP      INTVAR          ; Initialise variables
              	
6933: CAAC64  	RUN:    JP      Z,RUNFST        ; RUN from start if just RUN
6936: CDB064  	        CALL    INTVAR          ; Initialise variables
6939: 01AC67  	        LD      BC,RUNCNT       ; Execution driver loop
693C: C34F69  	        JP      RUNLIN          ; RUN from line number
              	
693F: 0E03    	GOSUB:  LD      C,3             ; 3 Levels of stack needed
6941: CD7163  	        CALL    CHKSTK          ; Check for 3 levels of stack
6944: C1      	        POP     BC              ; Get return address
6945: E5      	        PUSH    HL              ; Save code string for RETURN
6946: E5      	        PUSH    HL              ; And for GOSUB routine
6947: 2A5C80  	        LD      HL,(LINEAT)     ; Get current line
694A: E3      	        EX      (SP),HL         ; Into stack - Code string out
694B: 3E8C    	        LD      A,ZGOSUB        ; "GOSUB" token
694D: F5      	        PUSH    AF              ; Save token
694E: 33      	        INC     SP              ; Don't save flags
              	
694F: C5      	RUNLIN: PUSH    BC              ; Save return address
6950: CDC868  	GOTO:   CALL    ATOH            ; ASCII number to DE binary
6953: CD9569  	        CALL    REM             ; Get end of line
6956: E5      	        PUSH    HL              ; Save end of line
6957: 2A5C80  	        LD      HL,(LINEAT)     ; Get current line
695A: CD5C66  	        CALL    CPDEHL          ; Line after current?
695D: E1      	        POP     HL              ; Restore end of line
695E: 23      	        INC     HL              ; Start of next line
695F: DC8364  	        CALL    C,SRCHLP        ; Line is after current line
6962: D48064  	        CALL    NC,SRCHLN       ; Line is before current line
6965: 60      	        LD      H,B             ; Set up code string address
6966: 69      	        LD      L,C
6967: 2B      	        DEC     HL              ; Incremented after
6968: D8      	        RET     C               ; Line found
6969: 1E0E    	ULERR:  LD      E,UL            ; ?UL Error
696B: C3A863  	        JP      ERROR           ; Output error message
              	
696E: C0      	RETURN: RET     NZ              ; Return if not just RETURN
696F: 16FF    	        LD      D,-1            ; Flag "GOSUB" search
6971: CD3D63  	        CALL    BAKSTK          ; Look "GOSUB" block
6974: F9      	        LD      SP,HL           ; Kill all FORs in subroutine
6975: FE8C    	        CP      ZGOSUB          ; Test for "GOSUB" token
6977: 1E04    	        LD      E,RG            ; ?RG Error
6979: C2A863  	        JP      NZ,ERROR        ; Error if no "GOSUB" found
697C: E1      	        POP     HL              ; Get RETURN line number
697D: 225C80  	        LD      (LINEAT),HL     ; Save as current
6980: 23      	        INC     HL              ; Was it from direct statement?
6981: 7C      	        LD      A,H
6982: B5      	        OR      L               ; Return to line
6983: C28D69  	        JP      NZ,RETLIN       ; No - Return to line
6986: 3ACC80  	        LD      A,(LSTBIN)      ; Any INPUT in subroutine?
6989: B7      	        OR      A               ; If so buffer is corrupted
698A: C2DE63  	        JP      NZ,POPNOK       ; Yes - Go to command mode
698D: 21AC67  	RETLIN: LD      HL,RUNCNT       ; Execution driver loop
6990: E3      	        EX      (SP),HL         ; Into stack - Code string out
6991: 3E      	        .BYTE      3EH             ; Skip "POP HL"
6992: E1      	NXTDTA: POP     HL              ; Restore code string address
              	
6993: 013A    	DATA:   .BYTE      01H,3AH         ; ':' End of statement
6995: 0E00    	REM:    LD      C,0             ; 00  End of statement
6997: 0600    	        LD      B,0
6999: 79      	NXTSTL: LD      A,C             ; Statement and byte
699A: 48      	        LD      C,B
699B: 47      	        LD      B,A             ; Statement end byte
699C: 7E      	NXTSTT: LD      A,(HL)          ; Get byte
699D: B7      	        OR      A               ; End of line?
699E: C8      	        RET     Z               ; Yes - Exit
699F: B8      	        CP      B               ; End of statement?
69A0: C8      	        RET     Z               ; Yes - Exit
69A1: 23      	        INC     HL              ; Next byte
69A2: FE22    	        CP      '"'             ; Literal string?
69A4: CA9969  	        JP      Z,NXTSTL        ; Yes - Look for another '"'
69A7: C39C69  	        JP      NXTSTT          ; Keep looking
              	
69AA: CD5F6E  	LET:    CALL    GETVAR          ; Get variable name
69AD: CD6266  	        CALL    CHKSYN          ; Make sure "=" follows
69B0: B4      	        .BYTE      ZEQUAL          ; "=" token
69B1: D5      	        PUSH    DE              ; Save address of variable
69B2: 3AAD80  	        LD      A,(TYPE)        ; Get data type
69B5: F5      	        PUSH    AF              ; Save type
69B6: CD7B6C  	        CALL    EVAL            ; Evaluate expression
69B9: F1      	        POP     AF              ; Restore type
69BA: E3      	        EX      (SP),HL         ; Save code - Get var addr
69BB: 22CE80  	        LD      (BRKLIN),HL     ; Save address of variable
69BE: 1F      	        RRA                     ; Adjust type
69BF: CD6E6C  	        CALL    CHKTYP          ; Check types are the same
69C2: CAFD69  	        JP      Z,LETNUM        ; Numeric - Move value
69C5: E5      	LETSTR: PUSH    HL              ; Save address of string var
69C6: 2AE480  	        LD      HL,(FPREG)      ; Pointer to string entry
69C9: E5      	        PUSH    HL              ; Save it on stack
69CA: 23      	        INC     HL              ; Skip over length
69CB: 23      	        INC     HL
69CC: 5E      	        LD      E,(HL)          ; LSB of string address
69CD: 23      	        INC     HL
69CE: 56      	        LD      D,(HL)          ; MSB of string address
69CF: 2A5E80  	        LD      HL,(BASTXT)     ; Point to start of program
69D2: CD5C66  	        CALL    CPDEHL          ; Is string before program?
69D5: D2EC69  	        JP      NC,CRESTR       ; Yes - Create string entry
69D8: 2A5A80  	        LD      HL,(STRSPC)     ; Point to string space
69DB: CD5C66  	        CALL    CPDEHL          ; Is string literal in program?
69DE: D1      	        POP     DE              ; Restore address of string
69DF: D2F469  	        JP      NC,MVSTPT       ; Yes - Set up pointer
69E2: 21BF80  	        LD      HL,TMPSTR       ; Temporary string pool
69E5: CD5C66  	        CALL    CPDEHL          ; Is string in temporary pool?
69E8: D2F469  	        JP      NC,MVSTPT       ; No - Set up pointer
69EB: 3E      	        .BYTE   3EH             ; Skip "POP DE"
69EC: D1      	CRESTR: POP     DE              ; Restore address of string
69ED: CDA372  	        CALL    BAKTMP          ; Back to last tmp-str entry
69F0: EB      	        EX      DE,HL           ; Address of string entry
69F1: CDDC70  	        CALL    SAVSTR          ; Save string in string area
69F4: CDA372  	MVSTPT: CALL    BAKTMP          ; Back to last tmp-str entry
69F7: E1      	        POP     HL              ; Get string pointer
69F8: CDA676  	        CALL    DETHL4          ; Move string pointer to var
69FB: E1      	        POP     HL              ; Restore code string address
69FC: C9      	        RET
              	
69FD: E5      	LETNUM: PUSH    HL              ; Save address of variable
69FE: CDA376  	        CALL    FPTHL           ; Move value to variable
6A01: D1      	        POP     DE              ; Restore address of variable
6A02: E1      	        POP     HL              ; Restore code string address
6A03: C9      	        RET
              	
6A04: CDCA73  	ON:     CALL    GETINT          ; Get integer 0-255
6A07: 7E      	        LD      A,(HL)          ; Get "GOTO" or "GOSUB" token
6A08: 47      	        LD      B,A             ; Save in B
6A09: FE8C    	        CP      ZGOSUB          ; "GOSUB" token?
6A0B: CA136A  	        JP      Z,ONGO          ; Yes - Find line number
6A0E: CD6266  	        CALL    CHKSYN          ; Make sure it's "GOTO"
6A11: 88      	        .BYTE   ZGOTO           ; "GOTO" token
6A12: 2B      	        DEC     HL              ; Cancel increment
6A13: 4B      	ONGO:   LD      C,E             ; Integer of branch value
6A14: 0D      	ONGOLP: DEC     C               ; Count branches
6A15: 78      	        LD      A,B             ; Get "GOTO" or "GOSUB" token
6A16: CAD467  	        JP      Z,ONJMP         ; Go to that line if right one
6A19: CDC968  	        CALL    GETLN           ; Get line number to DE
6A1C: FE2C    	        CP      ','             ; Another line number?
6A1E: C0      	        RET     NZ              ; No - Drop through
6A1F: C3146A  	        JP      ONGOLP          ; Yes - loop
              	
6A22: CD7B6C  	IF:     CALL    EVAL            ; Evaluate expression
6A25: 7E      	        LD      A,(HL)          ; Get token
6A26: FE88    	        CP      ZGOTO           ; "GOTO" token?
6A28: CA306A  	        JP      Z,IFGO          ; Yes - Get line
6A2B: CD6266  	        CALL    CHKSYN          ; Make sure it's "THEN"
6A2E: A9      	        .BYTE      ZTHEN           ; "THEN" token
6A2F: 2B      	        DEC     HL              ; Cancel increment
6A30: CD6C6C  	IFGO:   CALL    TSTNUM          ; Make sure it's numeric
6A33: CD4B76  	        CALL    TSTSGN          ; Test state of expression
6A36: CA9569  	        JP      Z,REM           ; False - Drop through
6A39: CDFC67  	        CALL    GETCHR          ; Get next character
6A3C: DA5069  	        JP      C,GOTO          ; Number - GOTO that line
6A3F: C3D367  	        JP      IFJMP           ; Otherwise do statement
              	
6A42: 2B      	MRPRNT: DEC     HL              ; DEC 'cos GETCHR INCs
6A43: CDFC67  	        CALL    GETCHR          ; Get next character
6A46: CAA46A  	PRINT:  JP      Z,PRNTCRLF      ; CRLF if just PRINT
6A49: C8      	PRNTLP: RET     Z               ; End of list - Exit
6A4A: FEA5    	        CP      ZTAB            ; "TAB(" token?
6A4C: CAD76A  	        JP      Z,DOTAB         ; Yes - Do TAB routine
6A4F: FEA8    	        CP      ZSPC            ; "SPC(" token?
6A51: CAD76A  	        JP      Z,DOTAB         ; Yes - Do SPC routine
6A54: E5      	        PUSH    HL              ; Save code string address
6A55: FE2C    	        CP      ','             ; Comma?
6A57: CAC06A  	        JP      Z,DOCOM         ; Yes - Move to next zone
6A5A: FE3B    	        CP      59 ;";"         ; Semi-colon?
6A5C: CAFA6A  	        JP      Z,NEXITM        ; Do semi-colon routine
6A5F: C1      	        POP     BC              ; Code string address to BC
6A60: CD7B6C  	        CALL    EVAL            ; Evaluate expression
6A63: E5      	        PUSH    HL              ; Save code string address
6A64: 3AAD80  	        LD      A,(TYPE)        ; Get variable type
6A67: B7      	        OR      A               ; Is it a string variable?
6A68: C2906A  	        JP      NZ,PRNTST       ; Yes - Output string contents
6A6B: CDF077  	        CALL    NUMASC          ; Convert number to text
6A6E: CD0071  	        CALL    CRTST           ; Create temporary string
6A71: 3620    	        LD      (HL),' '        ; Followed by a space
6A73: 2AE480  	        LD      HL,(FPREG)      ; Get length of output
6A76: 34      	        INC     (HL)            ; Plus 1 for the space
6A77: 2AE480  	        LD      HL,(FPREG)      ; < Not needed >
6A7A: 3A4280  	        LD      A,(LWIDTH)      ; Get width of line
6A7D: 47      	        LD      B,A             ; To B
6A7E: 04      	        INC     B               ; Width 255 (No limit)?
6A7F: CA8C6A  	        JP      Z,PRNTNB        ; Yes - Output number string
6A82: 04      	        INC     B               ; Adjust it
6A83: 3AAB80  	        LD      A,(CURPOS)      ; Get cursor position
6A86: 86      	        ADD     A,(HL)          ; Add length of string
6A87: 3D      	        DEC     A               ; Adjust it
6A88: B8      	        CP      B               ; Will output fit on this line?
6A89: D4A46A  	        CALL    NC,PRNTCRLF     ; No - CRLF first
6A8C: CD4571  	PRNTNB: CALL    PRS1            ; Output string at (HL)
6A8F: AF      	        XOR     A               ; Skip CALL by setting 'z' flag
6A90: C44571  	PRNTST: CALL    NZ,PRS1         ; Output string at (HL)
6A93: E1      	        POP     HL              ; Restore code string address
6A94: C3426A  	        JP      MRPRNT          ; See if more to PRINT
              	
6A97: 3AAB80  	STTLIN: LD      A,(CURPOS)      ; Make sure on new line
6A9A: B7      	        OR      A               ; Already at start?
6A9B: C8      	        RET     Z               ; Yes - Do nothing
6A9C: C3A46A  	        JP      PRNTCRLF        ; Start a new line
              	
6A9F: 3600    	ENDINP: LD      (HL),0          ; Mark end of buffer
6AA1: 216080  	        LD      HL,BUFFER-1     ; Point to buffer
6AA4: 3E0D    	PRNTCRLF: LD    A,CR            ; Load a CR
6AA6: CD6D66  	        CALL    OUTC            ; Output character
6AA9: 3E0A    	        LD      A,LF            ; Load a LF
6AAB: CD6D66  	        CALL    OUTC            ; Output character
6AAE: AF      	DONULL: XOR     A               ; Set to position 0
6AAF: 32AB80  	        LD      (CURPOS),A      ; Store it
6AB2: 3A4180  	        LD      A,(NULLS)       ; Get number of nulls
6AB5: 3D      	NULLP:  DEC     A               ; Count them
6AB6: C8      	        RET     Z               ; Return if done
6AB7: F5      	        PUSH    AF              ; Save count
6AB8: AF      	        XOR     A               ; Load a null
6AB9: CD6D66  	        CALL    OUTC            ; Output it
6ABC: F1      	        POP     AF              ; Restore count
6ABD: C3B56A  	        JP      NULLP           ; Keep counting
              	
6AC0: 3A4380  	DOCOM:  LD      A,(COMMAN)      ; Get comma width
6AC3: 47      	        LD      B,A             ; Save in B
6AC4: 3AAB80  	        LD      A,(CURPOS)      ; Get current position
6AC7: B8      	        CP      B               ; Within the limit?
6AC8: D4A46A  	        CALL    NC,PRNTCRLF     ; No - output CRLF
6ACB: D2FA6A  	        JP      NC,NEXITM       ; Get next item
6ACE: D60E    	ZONELP: SUB     14              ; Next zone of 14 characters
6AD0: D2CE6A  	        JP      NC,ZONELP       ; Repeat if more zones
6AD3: 2F      	        CPL                     ; Number of spaces to output
6AD4: C3EF6A  	        JP      ASPCS           ; Output them
              	
6AD7: F5      	DOTAB:  PUSH    AF              ; Save token
6AD8: CDC773  	        CALL    FNDNUM          ; Evaluate expression
6ADB: CD6266  	        CALL    CHKSYN          ; Make sure ")" follows
6ADE: 29      	        .BYTE   ")"
6ADF: 2B      	        DEC     HL              ; Back space on to ")"
6AE0: F1      	        POP     AF              ; Restore token
6AE1: D6A8    	        SUB     ZSPC            ; Was it "SPC(" ?
6AE3: E5      	        PUSH    HL              ; Save code string address
6AE4: CAEA6A  	        JP      Z,DOSPC         ; Yes - Do 'E' spaces
6AE7: 3AAB80  	        LD      A,(CURPOS)      ; Get current position
6AEA: 2F      	DOSPC:  CPL                     ; Number of spaces to print to
6AEB: 83      	        ADD     A,E             ; Total number to print
6AEC: D2FA6A  	        JP      NC,NEXITM       ; TAB < Current POS(X)
6AEF: 3C      	ASPCS:  INC     A               ; Output A spaces
6AF0: 47      	        LD      B,A             ; Save number to print
6AF1: 3E20    	        LD      A,' '           ; Space
6AF3: CD6D66  	SPCLP:  CALL    OUTC            ; Output character in A
6AF6: 05      	        DEC     B               ; Count them
6AF7: C2F36A  	        JP      NZ,SPCLP        ; Repeat if more
6AFA: E1      	NEXITM: POP     HL              ; Restore code string address
6AFB: CDFC67  	        CALL    GETCHR          ; Get next character
6AFE: C3496A  	        JP      PRNTLP          ; More to print
              	
6B01: 3F526564	REDO:   .BYTE   "?Redo from start",CR,LF,0
6B05: 6F206672	
6B09: 6F6D2073	
6B0D: 74617274	
6B11: 0D0A00  	
              	
6B14: 3ACD80  	BADINP: LD      A,(READFG)      ; READ or INPUT?
6B17: B7      	        OR      A
6B18: C28E63  	        JP      NZ,DATSNR       ; READ - ?SN Error
6B1B: C1      	        POP     BC              ; Throw away code string addr
6B1C: 21016B  	        LD      HL,REDO         ; "Redo from start" message
6B1F: CD4271  	        CALL    PRS             ; Output string
6B22: C3DF64  	        JP      DOAGN           ; Do last INPUT again
              	
6B25: CDAD70  	INPUT:  CALL    IDTEST          ; Test for illegal direct
6B28: 7E      	        LD      A,(HL)          ; Get character after "INPUT"
6B29: FE22    	        CP      '"'             ; Is there a prompt string? "
6B2B: 3E00    	        LD      A,0             ; Clear A and leave flags
6B2D: 324580  	        LD      (CTLOFG),A      ; Enable output
6B30: C23F6B  	        JP      NZ,NOPMPT       ; No prompt - get input
6B33: CD0171  	        CALL    QTSTR           ; Get string terminated by '"'
6B36: CD6266  	        CALL    CHKSYN          ; Check for ';' after prompt
6B39: 3B      	        .BYTE   ';'
6B3A: E5      	        PUSH    HL              ; Save code string address
6B3B: CD4571  	        CALL    PRS1            ; Output prompt string
6B3E: 3E      	        .BYTE   3EH             ; Skip "PUSH HL"
6B3F: E5      	NOPMPT: PUSH    HL              ; Save code string address
6B40: CDE364  	        CALL    PROMPT          ; Get input with "? " prompt
6B43: C1      	        POP     BC              ; Restore code string address
6B44: DA4B68  	        JP      C,INPBRK        ; Break pressed - Exit
6B47: 23      	        INC     HL              ; Next byte
6B48: 7E      	        LD      A,(HL)          ; Get it
6B49: B7      	        OR      A               ; End of line?
6B4A: 2B      	        DEC     HL              ; Back again
6B4B: C5      	        PUSH    BC              ; Re-save code string address
6B4C: CA9269  	        JP      Z,NXTDTA        ; Yes - Find next DATA stmt
6B4F: 362C    	        LD      (HL),','        ; Store comma as separator
6B51: C3596B  	        JP      NXTITM          ; Get next item
              	
6B54: E5      	READ:   PUSH    HL              ; Save code string address
6B55: 2ADC80  	        LD      HL,(NXTDAT)     ; Next DATA statement
6B58: F6      	        .BYTE   0F6H            ; Flag "READ"
6B59: AF      	NXTITM: XOR     A               ; Flag "INPUT"
6B5A: 32CD80  	        LD      (READFG),A      ; Save "READ"/"INPUT" flag
6B5D: E3      	        EX      (SP),HL         ; Get code str' , Save pointer
6B5E: C3656B  	        JP      GTVLUS          ; Get values
              	
6B61: CD6266  	NEDMOR: CALL    CHKSYN          ; Check for comma between items
6B64: 2C      	        .BYTE      ','
6B65: CD5F6E  	GTVLUS: CALL    GETVAR          ; Get variable name
6B68: E3      	        EX      (SP),HL         ; Save code str" , Get pointer
6B69: D5      	        PUSH    DE              ; Save variable address
6B6A: 7E      	        LD      A,(HL)          ; Get next "INPUT"/"DATA" byte
6B6B: FE2C    	        CP      ','             ; Comma?
6B6D: CA8D6B  	        JP      Z,ANTVLU        ; Yes - Get another value
6B70: 3ACD80  	        LD      A,(READFG)      ; Is it READ?
6B73: B7      	        OR      A
6B74: C2FA6B  	        JP      NZ,FDTLP        ; Yes - Find next DATA stmt
6B77: 3E3F    	        LD      A,'?'           ; More INPUT needed
6B79: CD6D66  	        CALL    OUTC            ; Output character
6B7C: CDE364  	        CALL    PROMPT          ; Get INPUT with prompt
6B7F: D1      	        POP     DE              ; Variable address
6B80: C1      	        POP     BC              ; Code string address
6B81: DA4B68  	        JP      C,INPBRK        ; Break pressed
6B84: 23      	        INC     HL              ; Point to next DATA byte
6B85: 7E      	        LD      A,(HL)          ; Get byte
6B86: B7      	        OR      A               ; Is it zero (No input) ?
6B87: 2B      	        DEC     HL              ; Back space INPUT pointer
6B88: C5      	        PUSH    BC              ; Save code string address
6B89: CA9269  	        JP      Z,NXTDTA        ; Find end of buffer
6B8C: D5      	        PUSH    DE              ; Save variable address
6B8D: 3AAD80  	ANTVLU: LD      A,(TYPE)        ; Check data type
6B90: B7      	        OR      A               ; Is it numeric?
6B91: CAB76B  	        JP      Z,INPBIN        ; Yes - Convert to binary
6B94: CDFC67  	        CALL    GETCHR          ; Get next character
6B97: 57      	        LD      D,A             ; Save input character
6B98: 47      	        LD      B,A             ; Again
6B99: FE22    	        CP      '"'             ; Start of literal sting? "
6B9B: CAAB6B  	        JP      Z,STRENT        ; Yes - Create string entry
6B9E: 3ACD80  	        LD      A,(READFG)      ; "READ" or "INPUT" ?
6BA1: B7      	        OR      A
6BA2: 57      	        LD      D,A             ; Save 00 if "INPUT"
6BA3: CAA86B  	        JP      Z,ITMSEP        ; "INPUT" - End with 00
6BA6: 163A    	        LD      D,':'           ; "DATA" - End with 00 or ':'
6BA8: 062C    	ITMSEP: LD      B,','           ; Item separator
6BAA: 2B      	        DEC     HL              ; Back space for DTSTR
6BAB: CD0471  	STRENT: CALL    DTSTR           ; Get string terminated by D
6BAE: EB      	        EX      DE,HL           ; String address to DE
6BAF: 21C26B  	        LD      HL,LTSTND       ; Where to go after LETSTR
6BB2: E3      	        EX      (SP),HL         ; Save HL , get input pointer
6BB3: D5      	        PUSH    DE              ; Save address of string
6BB4: C3C569  	        JP      LETSTR          ; Assign string to variable
              	
6BB7: CDFC67  	INPBIN: CALL    GETCHR          ; Get next character
6BBA: CD5277  	        CALL    ASCTFP          ; Convert ASCII to FP number
6BBD: E3      	        EX      (SP),HL         ; Save input ptr, Get var addr
6BBE: CDA376  	        CALL    FPTHL           ; Move FPREG to variable
6BC1: E1      	        POP     HL              ; Restore input pointer
6BC2: 2B      	LTSTND: DEC     HL              ; DEC 'cos GETCHR INCs
6BC3: CDFC67  	        CALL    GETCHR          ; Get next character
6BC6: CACE6B  	        JP      Z,MORDT         ; End of line - More needed?
6BC9: FE2C    	        CP      ','             ; Another value?
6BCB: C2146B  	        JP      NZ,BADINP       ; No - Bad input
6BCE: E3      	MORDT:  EX      (SP),HL         ; Get code string address
6BCF: 2B      	        DEC     HL              ; DEC 'cos GETCHR INCs
6BD0: CDFC67  	        CALL    GETCHR          ; Get next character
6BD3: C2616B  	        JP      NZ,NEDMOR       ; More needed - Get it
6BD6: D1      	        POP     DE              ; Restore DATA pointer
6BD7: 3ACD80  	        LD      A,(READFG)      ; "READ" or "INPUT" ?
6BDA: B7      	        OR      A
6BDB: EB      	        EX      DE,HL           ; DATA pointer to HL
6BDC: C22268  	        JP      NZ,UPDATA       ; Update DATA pointer if "READ"
6BDF: D5      	        PUSH    DE              ; Save code string address
6BE0: B6      	        OR      (HL)            ; More input given?
6BE1: 21E96B  	        LD      HL,EXTIG        ; "?Extra ignored" message
6BE4: C44271  	        CALL    NZ,PRS          ; Output string if extra given
6BE7: E1      	        POP     HL              ; Restore code string address
6BE8: C9      	        RET
              	
6BE9: 3F457874	EXTIG:  .BYTE   "?Extra ignored",CR,LF,0
6BED: 72612069	
6BF1: 676E6F72	
6BF5: 65640D0A	
6BF9: 00      	
              	
6BFA: CD9369  	FDTLP:  CALL    DATA            ; Get next statement
6BFD: B7      	        OR      A               ; End of line?
6BFE: C2136C  	        JP      NZ,FANDT        ; No - See if DATA statement
6C01: 23      	        INC     HL
6C02: 7E      	        LD      A,(HL)          ; End of program?
6C03: 23      	        INC     HL
6C04: B6      	        OR      (HL)            ; 00 00 Ends program
6C05: 1E06    	        LD      E,OD            ; ?OD Error
6C07: CAA863  	        JP      Z,ERROR         ; Yes - Out of DATA
6C0A: 23      	        INC     HL
6C0B: 5E      	        LD      E,(HL)          ; LSB of line number
6C0C: 23      	        INC     HL
6C0D: 56      	        LD      D,(HL)          ; MSB of line number
6C0E: EB      	        EX      DE,HL
6C0F: 22C980  	        LD      (DATLIN),HL     ; Set line of current DATA item
6C12: EB      	        EX      DE,HL
6C13: CDFC67  	FANDT:  CALL    GETCHR          ; Get next character
6C16: FE83    	        CP      ZDATA           ; "DATA" token
6C18: C2FA6B  	        JP      NZ,FDTLP        ; No "DATA" - Keep looking
6C1B: C38D6B  	        JP      ANTVLU          ; Found - Convert input
              	
6C1E: 110000  	NEXT:   LD      DE,0            ; In case no index given
6C21: C45F6E  	NEXT1:  CALL    NZ,GETVAR       ; Get index address
6C24: 22CE80  	        LD      (BRKLIN),HL     ; Save code string address
6C27: CD3D63  	        CALL    BAKSTK          ; Look for "FOR" block
6C2A: C29A63  	        JP      NZ,NFERR        ; No "FOR" - ?NF Error
6C2D: F9      	        LD      SP,HL           ; Clear nested loops
6C2E: D5      	        PUSH    DE              ; Save index address
6C2F: 7E      	        LD      A,(HL)          ; Get sign of STEP
6C30: 23      	        INC     HL
6C31: F5      	        PUSH    AF              ; Save sign of STEP
6C32: D5      	        PUSH    DE              ; Save index address
6C33: CD8976  	        CALL    PHLTFP          ; Move index value to FPREG
6C36: E3      	        EX      (SP),HL         ; Save address of TO value
6C37: E5      	        PUSH    HL              ; Save address of index
6C38: CDF673  	        CALL    ADDPHL          ; Add STEP to index value
6C3B: E1      	        POP     HL              ; Restore address of index
6C3C: CDA376  	        CALL    FPTHL           ; Move value to index variable
6C3F: E1      	        POP     HL              ; Restore address of TO value
6C40: CD9A76  	        CALL    LOADFP          ; Move TO value to BCDE
6C43: E5      	        PUSH    HL              ; Save address of line of FOR
6C44: CDC676  	        CALL    CMPNUM          ; Compare index with TO value
6C47: E1      	        POP     HL              ; Restore address of line num
6C48: C1      	        POP     BC              ; Address of sign of STEP
6C49: 90      	        SUB     B               ; Compare with expected sign
6C4A: CD9A76  	        CALL    LOADFP          ; BC = Loop stmt,DE = Line num
6C4D: CA596C  	        JP      Z,KILFOR        ; Loop finished - Terminate it
6C50: EB      	        EX      DE,HL           ; Loop statement line number
6C51: 225C80  	        LD      (LINEAT),HL     ; Set loop line number
6C54: 69      	        LD      L,C             ; Set code string to loop
6C55: 60      	        LD      H,B
6C56: C3A867  	        JP      PUTFID          ; Put back "FOR" and continue
              	
6C59: F9      	KILFOR: LD      SP,HL           ; Remove "FOR" block
6C5A: 2ACE80  	        LD      HL,(BRKLIN)     ; Code string after "NEXT"
6C5D: 7E      	        LD      A,(HL)          ; Get next byte in code string
6C5E: FE2C    	        CP      ','             ; More NEXTs ?
6C60: C2AC67  	        JP      NZ,RUNCNT       ; No - Do next statement
6C63: CDFC67  	        CALL    GETCHR          ; Position to index name
6C66: CD216C  	        CALL    NEXT1           ; Re-enter NEXT routine
              	; < will not RETurn to here , Exit to RUNCNT or Loop >
              	
6C69: CD7B6C  	GETNUM: CALL    EVAL            ; Get a numeric expression
6C6C: F6      	TSTNUM: .BYTE      0F6H            ; Clear carry (numeric)
6C6D: 37      	TSTSTR: SCF                     ; Set carry (string)
6C6E: 3AAD80  	CHKTYP: LD      A,(TYPE)        ; Check types match
6C71: 8F      	        ADC     A,A             ; Expected + actual
6C72: B7      	        OR      A               ; Clear carry , set parity
6C73: E8      	        RET     PE              ; Even parity - Types match
6C74: C3A663  	        JP      TMERR           ; Different types - Error
              	
6C77: CD6266  	OPNPAR: CALL    CHKSYN          ; Make sure "(" follows
6C7A: 28      	        .BYTE   "("
6C7B: 2B      	EVAL:   DEC     HL              ; Evaluate expression & save
6C7C: 1600    	        LD      D,0             ; Precedence value
6C7E: D5      	EVAL1:  PUSH    DE              ; Save precedence
6C7F: 0E01    	        LD      C,1
6C81: CD7163  	        CALL    CHKSTK          ; Check for 1 level of stack
6C84: CDF26C  	        CALL    OPRND           ; Get next expression value
6C87: 22D080  	EVAL2:  LD      (NXTOPR),HL     ; Save address of next operator
6C8A: 2AD080  	EVAL3:  LD      HL,(NXTOPR)     ; Restore address of next opr
6C8D: C1      	        POP     BC              ; Precedence value and operator
6C8E: 78      	        LD      A,B             ; Get precedence value
6C8F: FE78    	        CP      78H             ; "AND" or "OR" ?
6C91: D46C6C  	        CALL    NC,TSTNUM       ; No - Make sure it's a number
6C94: 7E      	        LD      A,(HL)          ; Get next operator / function
6C95: 1600    	        LD      D,0             ; Clear Last relation
6C97: D6B3    	RLTLP:  SUB     ZGTR            ; ">" Token
6C99: DAB36C  	        JP      C,FOPRND        ; + - * / ^ AND OR - Test it
6C9C: FE03    	        CP      ZLTH+1-ZGTR     ; < = >
6C9E: D2B36C  	        JP      NC,FOPRND       ; Function - Call it
6CA1: FE01    	        CP      ZEQUAL-ZGTR     ; "="
6CA3: 17      	        RLA                     ; <- Test for legal
6CA4: AA      	        XOR     D               ; <- combinations of < = >
6CA5: BA      	        CP      D               ; <- by combining last token
6CA6: 57      	        LD      D,A             ; <- with current one
6CA7: DA9463  	        JP      C,SNERR         ; Error if "<<' '==" or ">>"
6CAA: 22C580  	        LD      (CUROPR),HL     ; Save address of current token
6CAD: CDFC67  	        CALL    GETCHR          ; Get next character
6CB0: C3976C  	        JP      RLTLP           ; Treat the two as one
              	
6CB3: 7A      	FOPRND: LD      A,D             ; < = > found ?
6CB4: B7      	        OR      A
6CB5: C2DA6D  	        JP      NZ,TSTRED       ; Yes - Test for reduction
6CB8: 7E      	        LD      A,(HL)          ; Get operator token
6CB9: 22C580  	        LD      (CUROPR),HL     ; Save operator address
6CBC: D6AC    	        SUB     ZPLUS           ; Operator or function?
6CBE: D8      	        RET     C               ; Neither - Exit
6CBF: FE07    	        CP      ZOR+1-ZPLUS     ; Is it + - * / ^ AND OR ?
6CC1: D0      	        RET     NC              ; No - Exit
6CC2: 5F      	        LD      E,A             ; Coded operator
6CC3: 3AAD80  	        LD      A,(TYPE)        ; Get data type
6CC6: 3D      	        DEC     A               ; FF = numeric , 00 = string
6CC7: B3      	        OR      E               ; Combine with coded operator
6CC8: 7B      	        LD      A,E             ; Get coded operator
6CC9: CA3872  	        JP      Z,CONCAT        ; String concatenation
6CCC: 07      	        RLCA                    ; Times 2
6CCD: 83      	        ADD     A,E             ; Times 3
6CCE: 5F      	        LD      E,A             ; To DE (D is 0)
6CCF: 218662  	        LD      HL,PRITAB       ; Precedence table
6CD2: 19      	        ADD     HL,DE           ; To the operator concerned
6CD3: 78      	        LD      A,B             ; Last operator precedence
6CD4: 56      	        LD      D,(HL)          ; Get evaluation precedence
6CD5: BA      	        CP      D               ; Compare with eval precedence
6CD6: D0      	        RET     NC              ; Exit if higher precedence
6CD7: 23      	        INC     HL              ; Point to routine address
6CD8: CD6C6C  	        CALL    TSTNUM          ; Make sure it's a number
              	
6CDB: C5      	STKTHS: PUSH    BC              ; Save last precedence & token
6CDC: 018A6C  	        LD      BC,EVAL3        ; Where to go on prec' break
6CDF: C5      	        PUSH    BC              ; Save on stack for return
6CE0: 43      	        LD      B,E             ; Save operator
6CE1: 4A      	        LD      C,D             ; Save precedence
6CE2: CD7C76  	        CALL    STAKFP          ; Move value to stack
6CE5: 58      	        LD      E,B             ; Restore operator
6CE6: 51      	        LD      D,C             ; Restore precedence
6CE7: 4E      	        LD      C,(HL)          ; Get LSB of routine address
6CE8: 23      	        INC     HL
6CE9: 46      	        LD      B,(HL)          ; Get MSB of routine address
6CEA: 23      	        INC     HL
6CEB: C5      	        PUSH    BC              ; Save routine address
6CEC: 2AC580  	        LD      HL,(CUROPR)     ; Address of current operator
6CEF: C37E6C  	        JP      EVAL1           ; Loop until prec' break
              	
6CF2: AF      	OPRND:  XOR     A               ; Get operand routine
6CF3: 32AD80  	        LD      (TYPE),A        ; Set numeric expected
6CF6: CDFC67  	        CALL    GETCHR          ; Get next character
6CF9: 1E24    	        LD      E,MO            ; ?MO Error
6CFB: CAA863  	        JP      Z,ERROR         ; No operand - Error
6CFE: DA5277  	        JP      C,ASCTFP        ; Number - Get value
6D01: CD9A68  	        CALL    CHKLTR          ; See if a letter
6D04: D2596D  	        JP      NC,CONVAR       ; Letter - Find variable
6D07: FE26    	        CP		'&'				; &H = HEX, &B = BINARY
6D09: 2012    	        JR		NZ, NOTAMP
6D0B: CDFC67  	        CALL    GETCHR          ; Get next character
6D0E: FE48    	        CP      'H'             ; Hex number indicated? [function added]
6D10: CA967B  	        JP      Z,HEXTFP        ; Convert Hex to FPREG
6D13: FE42    	        CP      'B'             ; Binary number indicated? [function added]
6D15: CA067C  	        JP      Z,BINTFP        ; Convert Bin to FPREG
6D18: 1E02    	        LD      E,SN            ; If neither then a ?SN Error
6D1A: CAA863  	        JP      Z,ERROR         ; 
6D1D: FEAC    	NOTAMP: CP      ZPLUS           ; '+' Token ?
6D1F: CAF26C  	        JP      Z,OPRND         ; Yes - Look for operand
6D22: FE2E    	        CP      '.'             ; '.' ?
6D24: CA5277  	        JP      Z,ASCTFP        ; Yes - Create FP number
6D27: FEAD    	        CP      ZMINUS          ; '-' Token ?
6D29: CA486D  	        JP      Z,MINUS         ; Yes - Do minus
6D2C: FE22    	        CP      '"'             ; Literal string ?
6D2E: CA0171  	        JP      Z,QTSTR         ; Get string terminated by '"'
6D31: FEAA    	        CP      ZNOT            ; "NOT" Token ?
6D33: CA3A6E  	        JP      Z,EVNOT         ; Yes - Eval NOT expression
6D36: FEA7    	        CP      ZFN             ; "FN" Token ?
6D38: CA6570  	        JP      Z,DOFN          ; Yes - Do FN routine
6D3B: D6B6    	        SUB     ZSGN            ; Is it a function?
6D3D: D26A6D  	        JP      NC,FNOFST       ; Yes - Evaluate function
6D40: CD776C  	EVLPAR: CALL    OPNPAR          ; Evaluate expression in "()"
6D43: CD6266  	        CALL    CHKSYN          ; Make sure ")" follows
6D46: 29      	        .BYTE   ")"
6D47: C9      	        RET
              	
6D48: 167D    	MINUS:  LD      D,7DH           ; '-' precedence
6D4A: CD7E6C  	        CALL    EVAL1           ; Evaluate until prec' break
6D4D: 2AD080  	        LD      HL,(NXTOPR)     ; Get next operator address
6D50: E5      	        PUSH    HL              ; Save next operator address
6D51: CD7476  	        CALL    INVSGN          ; Negate value
6D54: CD6C6C  	RETNUM: CALL    TSTNUM          ; Make sure it's a number
6D57: E1      	        POP     HL              ; Restore next operator address
6D58: C9      	        RET
              	
6D59: CD5F6E  	CONVAR: CALL    GETVAR          ; Get variable address to DE
6D5C: E5      	FRMEVL: PUSH    HL              ; Save code string address
6D5D: EB      	        EX      DE,HL           ; Variable address to HL
6D5E: 22E480  	        LD      (FPREG),HL      ; Save address of variable
6D61: 3AAD80  	        LD      A,(TYPE)        ; Get type
6D64: B7      	        OR      A               ; Numeric?
6D65: CC8976  	        CALL    Z,PHLTFP        ; Yes - Move contents to FPREG
6D68: E1      	        POP     HL              ; Restore code string address
6D69: C9      	        RET
              	
6D6A: 0600    	FNOFST: LD      B,0             ; Get address of function
6D6C: 07      	        RLCA                    ; Double function offset
6D6D: 4F      	        LD      C,A             ; BC = Offset in function table
6D6E: C5      	        PUSH    BC              ; Save adjusted token value
6D6F: CDFC67  	        CALL    GETCHR          ; Get next character
6D72: 79      	        LD      A,C             ; Get adjusted token value
6D73: FE31    	        CP      2*(ZLEFT-ZSGN)-1; Adj' LEFT$,RIGHT$ or MID$ ?
6D75: DA916D  	        JP      C,FNVAL         ; No - Do function (if A<N got FNVAL)
6D78: CD776C  	        CALL    OPNPAR          ; Evaluate expression  (X,...
6D7B: CD6266  	        CALL    CHKSYN          ; Make sure ',' follows
6D7E: 2C      	        .BYTE      ','
6D7F: CD6D6C  	        CALL    TSTSTR          ; Make sure it's a string
6D82: EB      	        EX      DE,HL           ; Save code string address
6D83: 2AE480  	        LD      HL,(FPREG)      ; Get address of string
6D86: E3      	        EX      (SP),HL         ; Save address of string
6D87: E5      	        PUSH    HL              ; Save adjusted token value
6D88: EB      	        EX      DE,HL           ; Restore code string address
6D89: CDCA73  	        CALL    GETINT          ; Get integer 0-255
6D8C: EB      	        EX      DE,HL           ; Save code string address
6D8D: E3      	        EX      (SP),HL         ; Save integer,HL = adj' token
6D8E: C3996D  	        JP      GOFUNC          ; Jump to string function
              	
6D91: CD406D  	FNVAL:  CALL    EVLPAR          ; Evaluate expression
6D94: E3      	        EX      (SP),HL         ; HL = Adjusted token value
6D95: 11546D  	        LD      DE,RETNUM       ; Return number from function
6D98: D5      	        PUSH    DE              ; Save on stack
6D99: 01DA60  	GOFUNC: LD      BC,FNCTAB       ; Function routine addresses
6D9C: 09      	        ADD     HL,BC           ; Point to right address
6D9D: 4E      	        LD      C,(HL)          ; Get LSB of address
6D9E: 23      	        INC     HL              ;
6D9F: 66      	        LD      H,(HL)          ; Get MSB of address
6DA0: 69      	        LD      L,C             ; Address to HL
6DA1: E9      	        JP      (HL)            ; Jump to function
              	
6DA2: 15      	SGNEXP: DEC     D               ; Dee to flag negative exponent
6DA3: FEAD    	        CP      ZMINUS          ; '-' token ?
6DA5: C8      	        RET     Z               ; Yes - Return
6DA6: FE2D    	        CP      '-'             ; '-' ASCII ?
6DA8: C8      	        RET     Z               ; Yes - Return
6DA9: 14      	        INC     D               ; Inc to flag positive exponent
6DAA: FE2B    	        CP      '+'             ; '+' ASCII ?
6DAC: C8      	        RET     Z               ; Yes - Return
6DAD: FEAC    	        CP      ZPLUS           ; '+' token ?
6DAF: C8      	        RET     Z               ; Yes - Return
6DB0: 2B      	        DEC     HL              ; DEC 'cos GETCHR INCs
6DB1: C9      	        RET                     ; Return "NZ"
              	
6DB2: F6      	POR:    .BYTE      0F6H            ; Flag "OR"
6DB3: AF      	PAND:   XOR     A               ; Flag "AND"
6DB4: F5      	        PUSH    AF              ; Save "AND" / "OR" flag
6DB5: CD6C6C  	        CALL    TSTNUM          ; Make sure it's a number
6DB8: CDAE68  	        CALL    DEINT           ; Get integer -32768 to 32767
6DBB: F1      	        POP     AF              ; Restore "AND" / "OR" flag
6DBC: EB      	        EX      DE,HL           ; <- Get last
6DBD: C1      	        POP     BC              ; <-  value
6DBE: E3      	        EX      (SP),HL         ; <-  from
6DBF: EB      	        EX      DE,HL           ; <-  stack
6DC0: CD8C76  	        CALL    FPBCDE          ; Move last value to FPREG
6DC3: F5      	        PUSH    AF              ; Save "AND" / "OR" flag
6DC4: CDAE68  	        CALL    DEINT           ; Get integer -32768 to 32767
6DC7: F1      	        POP     AF              ; Restore "AND" / "OR" flag
6DC8: C1      	        POP     BC              ; Get value
6DC9: 79      	        LD      A,C             ; Get LSB
6DCA: 212370  	        LD      HL,ACPASS       ; Address of save AC as current
6DCD: C2D56D  	        JP      NZ,POR1         ; Jump if OR
6DD0: A3      	        AND     E               ; "AND" LSBs
6DD1: 4F      	        LD      C,A             ; Save LSB
6DD2: 78      	        LD      A,B             ; Get MBS
6DD3: A2      	        AND     D               ; "AND" MSBs
6DD4: E9      	        JP      (HL)            ; Save AC as current (ACPASS)
              	
6DD5: B3      	POR1:   OR      E               ; "OR" LSBs
6DD6: 4F      	        LD      C,A             ; Save LSB
6DD7: 78      	        LD      A,B             ; Get MSB
6DD8: B2      	        OR      D               ; "OR" MSBs
6DD9: E9      	        JP      (HL)            ; Save AC as current (ACPASS)
              	
6DDA: 21EC6D  	TSTRED: LD      HL,CMPLOG       ; Logical compare routine
6DDD: 3AAD80  	        LD      A,(TYPE)        ; Get data type
6DE0: 1F      	        RRA                     ; Carry set = string
6DE1: 7A      	        LD      A,D             ; Get last precedence value
6DE2: 17      	        RLA                     ; Times 2 plus carry
6DE3: 5F      	        LD      E,A             ; To E
6DE4: 1664    	        LD      D,64H           ; Relational precedence
6DE6: 78      	        LD      A,B             ; Get current precedence
6DE7: BA      	        CP      D               ; Compare with last
6DE8: D0      	        RET     NC              ; Eval if last was rel' or log'
6DE9: C3DB6C  	        JP      STKTHS          ; Stack this one and get next
              	
6DEC: EE6D    	CMPLOG: .WORD   CMPLG1          ; Compare two values / strings
6DEE: 79      	CMPLG1: LD      A,C             ; Get data type
6DEF: B7      	        OR      A
6DF0: 1F      	        RRA
6DF1: C1      	        POP     BC              ; Get last expression to BCDE
6DF2: D1      	        POP     DE
6DF3: F5      	        PUSH    AF              ; Save status
6DF4: CD6E6C  	        CALL    CHKTYP          ; Check that types match
6DF7: 21306E  	        LD      HL,CMPRES       ; Result to comparison
6DFA: E5      	        PUSH    HL              ; Save for RETurn
6DFB: CAC676  	        JP      Z,CMPNUM        ; Compare values if numeric
6DFE: AF      	        XOR     A               ; Compare two strings
6DFF: 32AD80  	        LD      (TYPE),A        ; Set type to numeric
6E02: D5      	        PUSH    DE              ; Save string name
6E03: CD8572  	        CALL    GSTRCU          ; Get current string
6E06: 7E      	        LD      A,(HL)          ; Get length of string
6E07: 23      	        INC     HL
6E08: 23      	        INC     HL
6E09: 4E      	        LD      C,(HL)          ; Get LSB of address
6E0A: 23      	        INC     HL
6E0B: 46      	        LD      B,(HL)          ; Get MSB of address
6E0C: D1      	        POP     DE              ; Restore string name
6E0D: C5      	        PUSH    BC              ; Save address of string
6E0E: F5      	        PUSH    AF              ; Save length of string
6E0F: CD8972  	        CALL    GSTRDE          ; Get second string
6E12: CD9A76  	        CALL    LOADFP          ; Get address of second string
6E15: F1      	        POP     AF              ; Restore length of string 1
6E16: 57      	        LD      D,A             ; Length to D
6E17: E1      	        POP     HL              ; Restore address of string 1
6E18: 7B      	CMPSTR: LD      A,E             ; Bytes of string 2 to do
6E19: B2      	        OR      D               ; Bytes of string 1 to do
6E1A: C8      	        RET     Z               ; Exit if all bytes compared
6E1B: 7A      	        LD      A,D             ; Get bytes of string 1 to do
6E1C: D601    	        SUB     1
6E1E: D8      	        RET     C               ; Exit if end of string 1
6E1F: AF      	        XOR     A
6E20: BB      	        CP      E               ; Bytes of string 2 to do
6E21: 3C      	        INC     A
6E22: D0      	        RET     NC              ; Exit if end of string 2
6E23: 15      	        DEC     D               ; Count bytes in string 1
6E24: 1D      	        DEC     E               ; Count bytes in string 2
6E25: 0A      	        LD      A,(BC)          ; Byte in string 2
6E26: BE      	        CP      (HL)            ; Compare to byte in string 1
6E27: 23      	        INC     HL              ; Move up string 1
6E28: 03      	        INC     BC              ; Move up string 2
6E29: CA186E  	        JP      Z,CMPSTR        ; Same - Try next bytes
6E2C: 3F      	        CCF                     ; Flag difference (">" or "<")
6E2D: C35676  	        JP      FLGDIF          ; "<" gives -1 , ">" gives +1
              	
6E30: 3C      	CMPRES: INC     A               ; Increment current value
6E31: 8F      	        ADC     A,A             ; Double plus carry
6E32: C1      	        POP     BC              ; Get other value
6E33: A0      	        AND     B               ; Combine them
6E34: C6FF    	        ADD     A,-1            ; Carry set if different
6E36: 9F      	        SBC     A,A             ; 00 - Equal , FF - Different
6E37: C35D76  	        JP      FLGREL          ; Set current value & continue
              	
6E3A: 165A    	EVNOT:  LD      D,5AH           ; Precedence value for "NOT"
6E3C: CD7E6C  	        CALL    EVAL1           ; Eval until precedence break
6E3F: CD6C6C  	        CALL    TSTNUM          ; Make sure it's a number
6E42: CDAE68  	        CALL    DEINT           ; Get integer -32768 - 32767
6E45: 7B      	        LD      A,E             ; Get LSB
6E46: 2F      	        CPL                     ; Invert LSB
6E47: 4F      	        LD      C,A             ; Save "NOT" of LSB
6E48: 7A      	        LD      A,D             ; Get MSB
6E49: 2F      	        CPL                     ; Invert MSB
6E4A: CD2370  	        CALL    ACPASS          ; Save AC as current
6E4D: C1      	        POP     BC              ; Clean up stack
6E4E: C38A6C  	        JP      EVAL3           ; Continue evaluation
              	
6E51: 2B      	DIMRET: DEC     HL              ; DEC 'cos GETCHR INCs
6E52: CDFC67  	        CALL    GETCHR          ; Get next character
6E55: C8      	        RET     Z               ; End of DIM statement
6E56: CD6266  	        CALL    CHKSYN          ; Make sure ',' follows
6E59: 2C      	        .BYTE      ','
6E5A: 01516E  	DIM:    LD      BC,DIMRET       ; Return to "DIMRET"
6E5D: C5      	        PUSH    BC              ; Save on stack
6E5E: F6      	        .BYTE      0F6H            ; Flag "Create" variable
6E5F: AF      	GETVAR: XOR     A               ; Find variable address,to DE
6E60: 32AC80  	        LD      (LCRFLG),A      ; Set locate / create flag
6E63: 46      	        LD      B,(HL)          ; Get First byte of name
6E64: CD9A68  	GTFNAM: CALL    CHKLTR          ; See if a letter
6E67: DA9463  	        JP      C,SNERR         ; ?SN Error if not a letter
6E6A: AF      	        XOR     A
6E6B: 4F      	        LD      C,A             ; Clear second byte of name
6E6C: 32AD80  	        LD      (TYPE),A        ; Set type to numeric
6E6F: CDFC67  	        CALL    GETCHR          ; Get next character
6E72: DA7B6E  	        JP      C,SVNAM2        ; Numeric - Save in name
6E75: CD9A68  	        CALL    CHKLTR          ; See if a letter
6E78: DA886E  	        JP      C,CHARTY        ; Not a letter - Check type
6E7B: 4F      	SVNAM2: LD      C,A             ; Save second byte of name
6E7C: CDFC67  	ENDNAM: CALL    GETCHR          ; Get next character
6E7F: DA7C6E  	        JP      C,ENDNAM        ; Numeric - Get another
6E82: CD9A68  	        CALL    CHKLTR          ; See if a letter
6E85: D27C6E  	        JP      NC,ENDNAM       ; Letter - Get another
6E88: D624    	CHARTY: SUB     '$'             ; String variable?
6E8A: C2976E  	        JP      NZ,NOTSTR       ; No - Numeric variable
6E8D: 3C      	        INC     A               ; A = 1 (string type)
6E8E: 32AD80  	        LD      (TYPE),A        ; Set type to string
6E91: 0F      	        RRCA                    ; A = 80H , Flag for string
6E92: 81      	        ADD     A,C             ; 2nd byte of name has bit 7 on
6E93: 4F      	        LD      C,A             ; Resave second byte on name
6E94: CDFC67  	        CALL    GETCHR          ; Get next character
6E97: 3ACB80  	NOTSTR: LD      A,(FORFLG)      ; Array name needed ?
6E9A: 3D      	        DEC     A
6E9B: CA446F  	        JP      Z,ARLDSV        ; Yes - Get array name
6E9E: F2A76E  	        JP      P,NSCFOR        ; No array with "FOR" or "FN"
6EA1: 7E      	        LD      A,(HL)          ; Get byte again
6EA2: D628    	        SUB     '('             ; Subscripted variable?
6EA4: CA1C6F  	        JP      Z,SBSCPT        ; Yes - Sort out subscript
              	
6EA7: AF      	NSCFOR: XOR     A               ; Simple variable
6EA8: 32CB80  	        LD      (FORFLG),A      ; Clear "FOR" flag
6EAB: E5      	        PUSH    HL              ; Save code string address
6EAC: 50      	        LD      D,B             ; DE = Variable name to find
6EAD: 59      	        LD      E,C
6EAE: 2ADE80  	        LD      HL,(FNRGNM)     ; FN argument name
6EB1: CD5C66  	        CALL    CPDEHL          ; Is it the FN argument?
6EB4: 11E080  	        LD      DE,FNARG        ; Point to argument value
6EB7: CA8C75  	        JP      Z,POPHRT        ; Yes - Return FN argument value
6EBA: 2AD880  	        LD      HL,(VAREND)     ; End of variables
6EBD: EB      	        EX      DE,HL           ; Address of end of search
6EBE: 2AD680  	        LD      HL,(PROGND)     ; Start of variables address
6EC1: CD5C66  	FNDVAR: CALL    CPDEHL          ; End of variable list table?
6EC4: CADA6E  	        JP      Z,CFEVAL        ; Yes - Called from EVAL?
6EC7: 79      	        LD      A,C             ; Get second byte of name
6EC8: 96      	        SUB     (HL)            ; Compare with name in list
6EC9: 23      	        INC     HL              ; Move on to first byte
6ECA: C2CF6E  	        JP      NZ,FNTHR        ; Different - Find another
6ECD: 78      	        LD      A,B             ; Get first byte of name
6ECE: 96      	        SUB     (HL)            ; Compare with name in list
6ECF: 23      	FNTHR:  INC     HL              ; Move on to LSB of value
6ED0: CA0E6F  	        JP      Z,RETADR        ; Found - Return address
6ED3: 23      	        INC     HL              ; <- Skip
6ED4: 23      	        INC     HL              ; <- over
6ED5: 23      	        INC     HL              ; <- F.P.
6ED6: 23      	        INC     HL              ; <- value
6ED7: C3C16E  	        JP      FNDVAR          ; Keep looking
              	
6EDA: E1      	CFEVAL: POP     HL              ; Restore code string address
6EDB: E3      	        EX      (SP),HL         ; Get return address
6EDC: D5      	        PUSH    DE              ; Save address of variable
6EDD: 115C6D  	        LD      DE,FRMEVL       ; Return address in EVAL
6EE0: CD5C66  	        CALL    CPDEHL          ; Called from EVAL ?
6EE3: D1      	        POP     DE              ; Restore address of variable
6EE4: CA116F  	        JP      Z,RETNUL        ; Yes - Return null variable
6EE7: E3      	        EX      (SP),HL         ; Put back return
6EE8: E5      	        PUSH    HL              ; Save code string address
6EE9: C5      	        PUSH    BC              ; Save variable name
6EEA: 010600  	        LD      BC,6            ; 2 byte name plus 4 byte data
6EED: 2ADA80  	        LD      HL,(ARREND)     ; End of arrays
6EF0: E5      	        PUSH    HL              ; Save end of arrays
6EF1: 09      	        ADD     HL,BC           ; Move up 6 bytes
6EF2: C1      	        POP     BC              ; Source address in BC
6EF3: E5      	        PUSH    HL              ; Save new end address
6EF4: CD6063  	        CALL    MOVUP           ; Move arrays up
6EF7: E1      	        POP     HL              ; Restore new end address
6EF8: 22DA80  	        LD      (ARREND),HL     ; Set new end address
6EFB: 60      	        LD      H,B             ; End of variables to HL
6EFC: 69      	        LD      L,C
6EFD: 22D880  	        LD      (VAREND),HL     ; Set new end address
              	
6F00: 2B      	ZEROLP: DEC     HL              ; Back through to zero variable
6F01: 3600    	        LD      (HL),0          ; Zero byte in variable
6F03: CD5C66  	        CALL    CPDEHL          ; Done them all?
6F06: C2006F  	        JP      NZ,ZEROLP       ; No - Keep on going
6F09: D1      	        POP     DE              ; Get variable name
6F0A: 73      	        LD      (HL),E          ; Store second character
6F0B: 23      	        INC     HL
6F0C: 72      	        LD      (HL),D          ; Store first character
6F0D: 23      	        INC     HL
6F0E: EB      	RETADR: EX      DE,HL           ; Address of variable in DE
6F0F: E1      	        POP     HL              ; Restore code string address
6F10: C9      	        RET
              	
6F11: 32E780  	RETNUL: LD      (FPEXP),A       ; Set result to zero
6F14: 213063  	        LD      HL,ZERBYT       ; Also set a null string
6F17: 22E480  	        LD      (FPREG),HL      ; Save for EVAL
6F1A: E1      	        POP     HL              ; Restore code string address
6F1B: C9      	        RET
              	
6F1C: E5      	SBSCPT: PUSH    HL              ; Save code string address
6F1D: 2AAC80  	        LD      HL,(LCRFLG)     ; Locate/Create and Type
6F20: E3      	        EX      (SP),HL         ; Save and get code string
6F21: 57      	        LD      D,A             ; Zero number of dimensions
6F22: D5      	SCPTLP: PUSH    DE              ; Save number of dimensions
6F23: C5      	        PUSH    BC              ; Save array name
6F24: CDA268  	        CALL    FPSINT          ; Get subscript (0-32767)
6F27: C1      	        POP     BC              ; Restore array name
6F28: F1      	        POP     AF              ; Get number of dimensions
6F29: EB      	        EX      DE,HL
6F2A: E3      	        EX      (SP),HL         ; Save subscript value
6F2B: E5      	        PUSH    HL              ; Save LCRFLG and TYPE
6F2C: EB      	        EX      DE,HL
6F2D: 3C      	        INC     A               ; Count dimensions
6F2E: 57      	        LD      D,A             ; Save in D
6F2F: 7E      	        LD      A,(HL)          ; Get next byte in code string
6F30: FE2C    	        CP      ','             ; Comma (more to come)?
6F32: CA226F  	        JP      Z,SCPTLP        ; Yes - More subscripts
6F35: CD6266  	        CALL    CHKSYN          ; Make sure ")" follows
6F38: 29      	        .BYTE      ")"
6F39: 22D080  	        LD      (NXTOPR),HL     ; Save code string address
6F3C: E1      	        POP     HL              ; Get LCRFLG and TYPE
6F3D: 22AC80  	        LD      (LCRFLG),HL     ; Restore Locate/create & type
6F40: 1E00    	        LD      E,0             ; Flag not CSAVE* or CLOAD*
6F42: D5      	        PUSH    DE              ; Save number of dimensions (D)
6F43: 11      	        .BYTE      11H             ; Skip "PUSH HL" and "PUSH AF'
              	
6F44: E5      	ARLDSV: PUSH    HL              ; Save code string address
6F45: F5      	        PUSH    AF              ; A = 00 , Flags set = Z,N
6F46: 2AD880  	        LD      HL,(VAREND)     ; Start of arrays
6F49: 3E      	        .BYTE      3EH             ; Skip "ADD HL,DE"
6F4A: 19      	FNDARY: ADD     HL,DE           ; Move to next array start
6F4B: EB      	        EX      DE,HL
6F4C: 2ADA80  	        LD      HL,(ARREND)     ; End of arrays
6F4F: EB      	        EX      DE,HL           ; Current array pointer
6F50: CD5C66  	        CALL    CPDEHL          ; End of arrays found?
6F53: CA7C6F  	        JP      Z,CREARY        ; Yes - Create array
6F56: 7E      	        LD      A,(HL)          ; Get second byte of name
6F57: B9      	        CP      C               ; Compare with name given
6F58: 23      	        INC     HL              ; Move on
6F59: C25E6F  	        JP      NZ,NXTARY       ; Different - Find next array
6F5C: 7E      	        LD      A,(HL)          ; Get first byte of name
6F5D: B8      	        CP      B               ; Compare with name given
6F5E: 23      	NXTARY: INC     HL              ; Move on
6F5F: 5E      	        LD      E,(HL)          ; Get LSB of next array address
6F60: 23      	        INC     HL
6F61: 56      	        LD      D,(HL)          ; Get MSB of next array address
6F62: 23      	        INC     HL
6F63: C24A6F  	        JP      NZ,FNDARY       ; Not found - Keep looking
6F66: 3AAC80  	        LD      A,(LCRFLG)      ; Found Locate or Create it?
6F69: B7      	        OR      A
6F6A: C29D63  	        JP      NZ,DDERR        ; Create - ?DD Error
6F6D: F1      	        POP     AF              ; Locate - Get number of dim'ns
6F6E: 44      	        LD      B,H             ; BC Points to array dim'ns
6F6F: 4D      	        LD      C,L
6F70: CA8C75  	        JP      Z,POPHRT        ; Jump if array load/save
6F73: 96      	        SUB     (HL)            ; Same number of dimensions?
6F74: CADA6F  	        JP      Z,FINDEL        ; Yes - Find element
6F77: 1E10    	BSERR:  LD      E,BS            ; ?BS Error
6F79: C3A863  	        JP      ERROR           ; Output error
              	
6F7C: 110400  	CREARY: LD      DE,4            ; 4 Bytes per entry
6F7F: F1      	        POP     AF              ; Array to save or 0 dim'ns?
6F80: CAC368  	        JP      Z,FCERR         ; Yes - ?FC Error
6F83: 71      	        LD      (HL),C          ; Save second byte of name
6F84: 23      	        INC     HL
6F85: 70      	        LD      (HL),B          ; Save first byte of name
6F86: 23      	        INC     HL
6F87: 4F      	        LD      C,A             ; Number of dimensions to C
6F88: CD7163  	        CALL    CHKSTK          ; Check if enough memory
6F8B: 23      	        INC     HL              ; Point to number of dimensions
6F8C: 23      	        INC     HL
6F8D: 22C580  	        LD      (CUROPR),HL     ; Save address of pointer
6F90: 71      	        LD      (HL),C          ; Set number of dimensions
6F91: 23      	        INC     HL
6F92: 3AAC80  	        LD      A,(LCRFLG)      ; Locate of Create?
6F95: 17      	        RLA                     ; Carry set = Create
6F96: 79      	        LD      A,C             ; Get number of dimensions
6F97: 010B00  	CRARLP: LD      BC,10+1         ; Default dimension size 10
6F9A: D29F6F  	        JP      NC,DEFSIZ       ; Locate - Set default size
6F9D: C1      	        POP     BC              ; Get specified dimension size
6F9E: 03      	        INC     BC              ; Include zero element
6F9F: 71      	DEFSIZ: LD      (HL),C          ; Save LSB of dimension size
6FA0: 23      	        INC     HL
6FA1: 70      	        LD      (HL),B          ; Save MSB of dimension size
6FA2: 23      	        INC     HL
6FA3: F5      	        PUSH    AF              ; Save num' of dim'ns an status
6FA4: E5      	        PUSH    HL              ; Save address of dim'n size
6FA5: CD3777  	        CALL    MLDEBC          ; Multiply DE by BC to find
6FA8: EB      	        EX      DE,HL           ; amount of mem needed (to DE)
6FA9: E1      	        POP     HL              ; Restore address of dimension
6FAA: F1      	        POP     AF              ; Restore number of dimensions
6FAB: 3D      	        DEC     A               ; Count them
6FAC: C2976F  	        JP      NZ,CRARLP       ; Do next dimension if more
6FAF: F5      	        PUSH    AF              ; Save locate/create flag
6FB0: 42      	        LD      B,D             ; MSB of memory needed
6FB1: 4B      	        LD      C,E             ; LSB of memory needed
6FB2: EB      	        EX      DE,HL
6FB3: 19      	        ADD     HL,DE           ; Add bytes to array start
6FB4: DA8963  	        JP      C,OMERR         ; Too big - Error
6FB7: CD7A63  	        CALL    ENFMEM          ; See if enough memory
6FBA: 22DA80  	        LD      (ARREND),HL     ; Save new end of array
              	
6FBD: 2B      	ZERARY: DEC     HL              ; Back through array data
6FBE: 3600    	        LD      (HL),0          ; Set array element to zero
6FC0: CD5C66  	        CALL    CPDEHL          ; All elements zeroed?
6FC3: C2BD6F  	        JP      NZ,ZERARY       ; No - Keep on going
6FC6: 03      	        INC     BC              ; Number of bytes + 1
6FC7: 57      	        LD      D,A             ; A=0
6FC8: 2AC580  	        LD      HL,(CUROPR)     ; Get address of array
6FCB: 5E      	        LD      E,(HL)          ; Number of dimensions
6FCC: EB      	        EX      DE,HL           ; To HL
6FCD: 29      	        ADD     HL,HL           ; Two bytes per dimension size
6FCE: 09      	        ADD     HL,BC           ; Add number of bytes
6FCF: EB      	        EX      DE,HL           ; Bytes needed to DE
6FD0: 2B      	        DEC     HL
6FD1: 2B      	        DEC     HL
6FD2: 73      	        LD      (HL),E          ; Save LSB of bytes needed
6FD3: 23      	        INC     HL
6FD4: 72      	        LD      (HL),D          ; Save MSB of bytes needed
6FD5: 23      	        INC     HL
6FD6: F1      	        POP     AF              ; Locate / Create?
6FD7: DAFE6F  	        JP      C,ENDDIM        ; A is 0 , End if create
6FDA: 47      	FINDEL: LD      B,A             ; Find array element
6FDB: 4F      	        LD      C,A
6FDC: 7E      	        LD      A,(HL)          ; Number of dimensions
6FDD: 23      	        INC     HL
6FDE: 16      	        .BYTE      16H             ; Skip "POP HL"
6FDF: E1      	FNDELP: POP     HL              ; Address of next dim' size
6FE0: 5E      	        LD      E,(HL)          ; Get LSB of dim'n size
6FE1: 23      	        INC     HL
6FE2: 56      	        LD      D,(HL)          ; Get MSB of dim'n size
6FE3: 23      	        INC     HL
6FE4: E3      	        EX      (SP),HL         ; Save address - Get index
6FE5: F5      	        PUSH    AF              ; Save number of dim'ns
6FE6: CD5C66  	        CALL    CPDEHL          ; Dimension too large?
6FE9: D2776F  	        JP      NC,BSERR        ; Yes - ?BS Error
6FEC: E5      	        PUSH    HL              ; Save index
6FED: CD3777  	        CALL    MLDEBC          ; Multiply previous by size
6FF0: D1      	        POP     DE              ; Index supplied to DE
6FF1: 19      	        ADD     HL,DE           ; Add index to pointer
6FF2: F1      	        POP     AF              ; Number of dimensions
6FF3: 3D      	        DEC     A               ; Count them
6FF4: 44      	        LD      B,H             ; MSB of pointer
6FF5: 4D      	        LD      C,L             ; LSB of pointer
6FF6: C2DF6F  	        JP      NZ,FNDELP       ; More - Keep going
6FF9: 29      	        ADD     HL,HL           ; 4 Bytes per element
6FFA: 29      	        ADD     HL,HL
6FFB: C1      	        POP     BC              ; Start of array
6FFC: 09      	        ADD     HL,BC           ; Point to element
6FFD: EB      	        EX      DE,HL           ; Address of element to DE
6FFE: 2AD080  	ENDDIM: LD      HL,(NXTOPR)     ; Got code string address
7001: C9      	        RET
              	
7002: 2ADA80  	FRE:    LD      HL,(ARREND)     ; Start of free memory
7005: EB      	        EX      DE,HL           ; To DE
7006: 210000  	        LD      HL,0            ; End of free memory
7009: 39      	        ADD     HL,SP           ; Current stack value
700A: 3AAD80  	        LD      A,(TYPE)        ; Dummy argument type
700D: B7      	        OR      A
700E: CA1E70  	        JP      Z,FRENUM        ; Numeric - Free variable space
7011: CD8572  	        CALL    GSTRCU          ; Current string to pool
7014: CD8571  	        CALL    GARBGE          ; Garbage collection
7017: 2A5A80  	        LD      HL,(STRSPC)     ; Bottom of string space in use
701A: EB      	        EX      DE,HL           ; To DE
701B: 2AC380  	        LD      HL,(STRBOT)     ; Bottom of string space
701E: 7D      	FRENUM: LD      A,L             ; Get LSB of end
701F: 93      	        SUB     E               ; Subtract LSB of beginning
7020: 4F      	        LD      C,A             ; Save difference if C
7021: 7C      	        LD      A,H             ; Get MSB of end
7022: 9A      	        SBC     A,D             ; Subtract MSB of beginning
7023: 41      	ACPASS: LD      B,C             ; Return integer AC
7024: 50      	ABPASS: LD      D,B             ; Return integer AB
7025: 1E00    	        LD      E,0
7027: 21AD80  	        LD      HL,TYPE         ; Point to type
702A: 73      	        LD      (HL),E          ; Set type to numeric
702B: 0690    	        LD      B,80H+16        ; 16 bit integer
702D: C36276  	        JP      RETINT          ; Return the integr
              	
7030: 3AAB80  	POS:    LD      A,(CURPOS)      ; Get cursor position
7033: 47      	PASSA:  LD      B,A             ; Put A into AB
7034: AF      	        XOR     A               ; Zero A
7035: C32470  	        JP      ABPASS          ; Return integer AB
              	
7038: CDBB70  	DEF:    CALL    CHEKFN          ; Get "FN" and name
703B: CDAD70  	        CALL    IDTEST          ; Test for illegal direct
703E: 019369  	        LD      BC,DATA         ; To get next statement
7041: C5      	        PUSH    BC              ; Save address for RETurn
7042: D5      	        PUSH    DE              ; Save address of function ptr
7043: CD6266  	        CALL    CHKSYN          ; Make sure "(" follows
7046: 28      	        .BYTE      "("
7047: CD5F6E  	        CALL    GETVAR          ; Get argument variable name
704A: E5      	        PUSH    HL              ; Save code string address
704B: EB      	        EX      DE,HL           ; Argument address to HL
704C: 2B      	        DEC     HL
704D: 56      	        LD      D,(HL)          ; Get first byte of arg name
704E: 2B      	        DEC     HL
704F: 5E      	        LD      E,(HL)          ; Get second byte of arg name
7050: E1      	        POP     HL              ; Restore code string address
7051: CD6C6C  	        CALL    TSTNUM          ; Make sure numeric argument
7054: CD6266  	        CALL    CHKSYN          ; Make sure ")" follows
7057: 29      	        .BYTE      ")"
7058: CD6266  	        CALL    CHKSYN          ; Make sure "=" follows
705B: B4      	        .BYTE      ZEQUAL          ; "=" token
705C: 44      	        LD      B,H             ; Code string address to BC
705D: 4D      	        LD      C,L
705E: E3      	        EX      (SP),HL         ; Save code str , Get FN ptr
705F: 71      	        LD      (HL),C          ; Save LSB of FN code string
7060: 23      	        INC     HL
7061: 70      	        LD      (HL),B          ; Save MSB of FN code string
7062: C3FA70  	        JP      SVSTAD          ; Save address and do function
              	
7065: CDBB70  	DOFN:   CALL    CHEKFN          ; Make sure FN follows
7068: D5      	        PUSH    DE              ; Save function pointer address
7069: CD406D  	        CALL    EVLPAR          ; Evaluate expression in "()"
706C: CD6C6C  	        CALL    TSTNUM          ; Make sure numeric result
706F: E3      	        EX      (SP),HL         ; Save code str , Get FN ptr
7070: 5E      	        LD      E,(HL)          ; Get LSB of FN code string
7071: 23      	        INC     HL
7072: 56      	        LD      D,(HL)          ; Get MSB of FN code string
7073: 23      	        INC     HL
7074: 7A      	        LD      A,D             ; And function DEFined?
7075: B3      	        OR      E
7076: CAA063  	        JP      Z,UFERR         ; No - ?UF Error
7079: 7E      	        LD      A,(HL)          ; Get LSB of argument address
707A: 23      	        INC     HL
707B: 66      	        LD      H,(HL)          ; Get MSB of argument address
707C: 6F      	        LD      L,A             ; HL = Arg variable address
707D: E5      	        PUSH    HL              ; Save it
707E: 2ADE80  	        LD      HL,(FNRGNM)     ; Get old argument name
7081: E3      	        EX      (SP),HL ;       ; Save old , Get new
7082: 22DE80  	        LD      (FNRGNM),HL     ; Set new argument name
7085: 2AE280  	        LD      HL,(FNARG+2)    ; Get LSB,NLSB of old arg value
7088: E5      	        PUSH    HL              ; Save it
7089: 2AE080  	        LD      HL,(FNARG)      ; Get MSB,EXP of old arg value
708C: E5      	        PUSH    HL              ; Save it
708D: 21E080  	        LD      HL,FNARG        ; HL = Value of argument
7090: D5      	        PUSH    DE              ; Save FN code string address
7091: CDA376  	        CALL    FPTHL           ; Move FPREG to argument
7094: E1      	        POP     HL              ; Get FN code string address
7095: CD696C  	        CALL    GETNUM          ; Get value from function
7098: 2B      	        DEC     HL              ; DEC 'cos GETCHR INCs
7099: CDFC67  	        CALL    GETCHR          ; Get next character
709C: C29463  	        JP      NZ,SNERR        ; Bad character in FN - Error
709F: E1      	        POP     HL              ; Get MSB,EXP of old arg
70A0: 22E080  	        LD      (FNARG),HL      ; Restore it
70A3: E1      	        POP     HL              ; Get LSB,NLSB of old arg
70A4: 22E280  	        LD      (FNARG+2),HL    ; Restore it
70A7: E1      	        POP     HL              ; Get name of old arg
70A8: 22DE80  	        LD      (FNRGNM),HL     ; Restore it
70AB: E1      	        POP     HL              ; Restore code string address
70AC: C9      	        RET
              	
70AD: E5      	IDTEST: PUSH    HL              ; Save code string address
70AE: 2A5C80  	        LD      HL,(LINEAT)     ; Get current line number
70B1: 23      	        INC     HL              ; -1 means direct statement
70B2: 7C      	        LD      A,H
70B3: B5      	        OR      L
70B4: E1      	        POP     HL              ; Restore code string address
70B5: C0      	        RET     NZ              ; Return if in program
70B6: 1E16    	        LD      E,ID            ; ?ID Error
70B8: C3A863  	        JP      ERROR
              	
70BB: CD6266  	CHEKFN: CALL    CHKSYN          ; Make sure FN follows
70BE: A7      	        .BYTE      ZFN             ; "FN" token
70BF: 3E80    	        LD      A,80H
70C1: 32CB80  	        LD      (FORFLG),A      ; Flag FN name to find
70C4: B6      	        OR      (HL)            ; FN name has bit 7 set
70C5: 47      	        LD      B,A             ; in first byte of name
70C6: CD646E  	        CALL    GTFNAM          ; Get FN name
70C9: C36C6C  	        JP      TSTNUM          ; Make sure numeric function
              	
70CC: CD6C6C  	STR:    CALL    TSTNUM          ; Make sure it's a number
70CF: CDF077  	        CALL    NUMASC          ; Turn number into text
70D2: CD0071  	STR1:   CALL    CRTST           ; Create string entry for it
70D5: CD8572  	        CALL    GSTRCU          ; Current string to pool
70D8: 01E072  	        LD      BC,TOPOOL       ; Save in string pool
70DB: C5      	        PUSH    BC              ; Save address on stack
              	
70DC: 7E      	SAVSTR: LD      A,(HL)          ; Get string length
70DD: 23      	        INC     HL
70DE: 23      	        INC     HL
70DF: E5      	        PUSH    HL              ; Save pointer to string
70E0: CD5B71  	        CALL    TESTR           ; See if enough string space
70E3: E1      	        POP     HL              ; Restore pointer to string
70E4: 4E      	        LD      C,(HL)          ; Get LSB of address
70E5: 23      	        INC     HL
70E6: 46      	        LD      B,(HL)          ; Get MSB of address
70E7: CDF470  	        CALL    CRTMST          ; Create string entry
70EA: E5      	        PUSH    HL              ; Save pointer to MSB of addr
70EB: 6F      	        LD      L,A             ; Length of string
70EC: CD7872  	        CALL    TOSTRA          ; Move to string area
70EF: D1      	        POP     DE              ; Restore pointer to MSB
70F0: C9      	        RET
              	
70F1: CD5B71  	MKTMST: CALL    TESTR           ; See if enough string space
70F4: 21BF80  	CRTMST: LD      HL,TMPSTR       ; Temporary string
70F7: E5      	        PUSH    HL              ; Save it
70F8: 77      	        LD      (HL),A          ; Save length of string
70F9: 23      	        INC     HL
70FA: 23      	SVSTAD: INC     HL
70FB: 73      	        LD      (HL),E          ; Save LSB of address
70FC: 23      	        INC     HL
70FD: 72      	        LD      (HL),D          ; Save MSB of address
70FE: E1      	        POP     HL              ; Restore pointer
70FF: C9      	        RET
              	
7100: 2B      	CRTST:  DEC     HL              ; DEC - INCed after
7101: 0622    	QTSTR:  LD      B,'"'           ; Terminating quote "
7103: 50      	        LD      D,B             ; Quote to D
7104: E5      	DTSTR:  PUSH    HL              ; Save start
7105: 0EFF    	        LD      C,-1            ; Set counter to -1
7107: 23      	QTSTLP: INC     HL              ; Move on
7108: 7E      	        LD      A,(HL)          ; Get byte
7109: 0C      	        INC     C               ; Count bytes
710A: B7      	        OR      A               ; End of line?
710B: CA1671  	        JP      Z,CRTSTE        ; Yes - Create string entry
710E: BA      	        CP      D               ; Terminator D found?
710F: CA1671  	        JP      Z,CRTSTE        ; Yes - Create string entry
7112: B8      	        CP      B               ; Terminator B found?
7113: C20771  	        JP      NZ,QTSTLP       ; No - Keep looking
7116: FE22    	CRTSTE: CP      '"'             ; End with '"'?
7118: CCFC67  	        CALL    Z,GETCHR        ; Yes - Get next character
711B: E3      	        EX      (SP),HL         ; Starting quote
711C: 23      	        INC     HL              ; First byte of string
711D: EB      	        EX      DE,HL           ; To DE
711E: 79      	        LD      A,C             ; Get length
711F: CDF470  	        CALL    CRTMST          ; Create string entry
7122: 11BF80  	TSTOPL: LD      DE,TMPSTR       ; Temporary string
7125: 2AB180  	        LD      HL,(TMSTPT)     ; Temporary string pool pointer
7128: 22E480  	        LD      (FPREG),HL      ; Save address of string ptr
712B: 3E01    	        LD      A,1
712D: 32AD80  	        LD      (TYPE),A        ; Set type to string
7130: CDA676  	        CALL    DETHL4          ; Move string to pool
7133: CD5C66  	        CALL    CPDEHL          ; Out of string pool?
7136: 22B180  	        LD      (TMSTPT),HL     ; Save new pointer
7139: E1      	        POP     HL              ; Restore code string address
713A: 7E      	        LD      A,(HL)          ; Get next code byte
713B: C0      	        RET     NZ              ; Return if pool OK
713C: 1E1E    	        LD      E,ST            ; ?ST Error
713E: C3A863  	        JP      ERROR           ; String pool overflow
              	
7141: 23      	PRNUMS: INC     HL              ; Skip leading space
7142: CD0071  	PRS:    CALL    CRTST           ; Create string entry for it
7145: CD8572  	PRS1:   CALL    GSTRCU          ; Current string to pool
7148: CD9A76  	        CALL    LOADFP          ; Move string block to BCDE
714B: 1C      	        INC     E               ; Length + 1
714C: 1D      	PRSLP:  DEC     E               ; Count characters
714D: C8      	        RET     Z               ; End of string
714E: 0A      	        LD      A,(BC)          ; Get byte to output
714F: CD6D66  	        CALL    OUTC            ; Output character in A
7152: FE0D    	        CP      CR              ; Return?
7154: CCAE6A  	        CALL    Z,DONULL        ; Yes - Do nulls
7157: 03      	        INC     BC              ; Next byte in string
7158: C34C71  	        JP      PRSLP           ; More characters to output
              	
715B: B7      	TESTR:  OR      A               ; Test if enough room
715C: 0E      	        .BYTE      0EH             ; No garbage collection done
715D: F1      	GRBDON: POP     AF              ; Garbage collection done
715E: F5      	        PUSH    AF              ; Save status
715F: 2A5A80  	        LD      HL,(STRSPC)     ; Bottom of string space in use
7162: EB      	        EX      DE,HL           ; To DE
7163: 2AC380  	        LD      HL,(STRBOT)     ; Bottom of string area
7166: 2F      	        CPL                     ; Negate length (Top down)
7167: 4F      	        LD      C,A             ; -Length to BC
7168: 06FF    	        LD      B,-1            ; BC = -ve length of string
716A: 09      	        ADD     HL,BC           ; Add to bottom of space in use
716B: 23      	        INC     HL              ; Plus one for 2's complement
716C: CD5C66  	        CALL    CPDEHL          ; Below string RAM area?
716F: DA7971  	        JP      C,TESTOS        ; Tidy up if not done else err
7172: 22C380  	        LD      (STRBOT),HL     ; Save new bottom of area
7175: 23      	        INC     HL              ; Point to first byte of string
7176: EB      	        EX      DE,HL           ; Address to DE
7177: F1      	POPAF:  POP     AF              ; Throw away status push
7178: C9      	        RET
              	
7179: F1      	TESTOS: POP     AF              ; Garbage collect been done?
717A: 1E1A    	        LD      E,OS            ; ?OS Error
717C: CAA863  	        JP      Z,ERROR         ; Yes - Not enough string apace
717F: BF      	        CP      A               ; Flag garbage collect done
7180: F5      	        PUSH    AF              ; Save status
7181: 015D71  	        LD      BC,GRBDON       ; Garbage collection done
7184: C5      	        PUSH    BC              ; Save for RETurn
7185: 2AAF80  	GARBGE: LD      HL,(LSTRAM)     ; Get end of RAM pointer
7188: 22C380  	GARBLP: LD      (STRBOT),HL     ; Reset string pointer
718B: 210000  	        LD      HL,0
718E: E5      	        PUSH    HL              ; Flag no string found
718F: 2A5A80  	        LD      HL,(STRSPC)     ; Get bottom of string space
7192: E5      	        PUSH    HL              ; Save bottom of string space
7193: 21B380  	        LD      HL,TMSTPL       ; Temporary string pool
7196: EB      	GRBLP:  EX      DE,HL
7197: 2AB180  	        LD      HL,(TMSTPT)     ; Temporary string pool pointer
719A: EB      	        EX      DE,HL
719B: CD5C66  	        CALL    CPDEHL          ; Temporary string pool done?
719E: 019671  	        LD      BC,GRBLP        ; Loop until string pool done
71A1: C2EA71  	        JP      NZ,STPOOL       ; No - See if in string area
71A4: 2AD680  	        LD      HL,(PROGND)     ; Start of simple variables
71A7: EB      	SMPVAR: EX      DE,HL
71A8: 2AD880  	        LD      HL,(VAREND)     ; End of simple variables
71AB: EB      	        EX      DE,HL
71AC: CD5C66  	        CALL    CPDEHL          ; All simple strings done?
71AF: CABD71  	        JP      Z,ARRLP         ; Yes - Do string arrays
71B2: 7E      	        LD      A,(HL)          ; Get type of variable
71B3: 23      	        INC     HL
71B4: 23      	        INC     HL
71B5: B7      	        OR      A               ; "S" flag set if string
71B6: CDED71  	        CALL    STRADD          ; See if string in string area
71B9: C3A771  	        JP      SMPVAR          ; Loop until simple ones done
              	
71BC: C1      	GNXARY: POP     BC              ; Scrap address of this array
71BD: EB      	ARRLP:  EX      DE,HL
71BE: 2ADA80  	        LD      HL,(ARREND)     ; End of string arrays
71C1: EB      	        EX      DE,HL
71C2: CD5C66  	        CALL    CPDEHL          ; All string arrays done?
71C5: CA1372  	        JP      Z,SCNEND        ; Yes - Move string if found
71C8: CD9A76  	        CALL    LOADFP          ; Get array name to BCDE
71CB: 7B      	        LD      A,E             ; Get type of array     
71CC: E5      	        PUSH    HL              ; Save address of num of dim'ns
71CD: 09      	        ADD     HL,BC           ; Start of next array
71CE: B7      	        OR      A               ; Test type of array
71CF: F2BC71  	        JP      P,GNXARY        ; Numeric array - Ignore it
71D2: 22C580  	        LD      (CUROPR),HL     ; Save address of next array
71D5: E1      	        POP     HL              ; Get address of num of dim'ns
71D6: 4E      	        LD      C,(HL)          ; BC = Number of dimensions
71D7: 0600    	        LD      B,0
71D9: 09      	        ADD     HL,BC           ; Two bytes per dimension size
71DA: 09      	        ADD     HL,BC
71DB: 23      	        INC     HL              ; Plus one for number of dim'ns
71DC: EB      	GRBARY: EX      DE,HL
71DD: 2AC580  	        LD      HL,(CUROPR)     ; Get address of next array
71E0: EB      	        EX      DE,HL
71E1: CD5C66  	        CALL    CPDEHL          ; Is this array finished?
71E4: CABD71  	        JP      Z,ARRLP         ; Yes - Get next one
71E7: 01DC71  	        LD      BC,GRBARY       ; Loop until array all done
71EA: C5      	STPOOL: PUSH    BC              ; Save return address
71EB: F680    	        OR      80H             ; Flag string type
71ED: 7E      	STRADD: LD      A,(HL)          ; Get string length
71EE: 23      	        INC     HL
71EF: 23      	        INC     HL
71F0: 5E      	        LD      E,(HL)          ; Get LSB of string address
71F1: 23      	        INC     HL
71F2: 56      	        LD      D,(HL)          ; Get MSB of string address
71F3: 23      	        INC     HL
71F4: F0      	        RET     P               ; Not a string - Return
71F5: B7      	        OR      A               ; Set flags on string length
71F6: C8      	        RET     Z               ; Null string - Return
71F7: 44      	        LD      B,H             ; Save variable pointer
71F8: 4D      	        LD      C,L
71F9: 2AC380  	        LD      HL,(STRBOT)     ; Bottom of new area
71FC: CD5C66  	        CALL    CPDEHL          ; String been done?
71FF: 60      	        LD      H,B             ; Restore variable pointer
7200: 69      	        LD      L,C
7201: D8      	        RET     C               ; String done - Ignore
7202: E1      	        POP     HL              ; Return address
7203: E3      	        EX      (SP),HL         ; Lowest available string area
7204: CD5C66  	        CALL    CPDEHL          ; String within string area?
7207: E3      	        EX      (SP),HL         ; Lowest available string area
7208: E5      	        PUSH    HL              ; Re-save return address
7209: 60      	        LD      H,B             ; Restore variable pointer
720A: 69      	        LD      L,C
720B: D0      	        RET     NC              ; Outside string area - Ignore
720C: C1      	        POP     BC              ; Get return , Throw 2 away
720D: F1      	        POP     AF              ; 
720E: F1      	        POP     AF              ; 
720F: E5      	        PUSH    HL              ; Save variable pointer
7210: D5      	        PUSH    DE              ; Save address of current
7211: C5      	        PUSH    BC              ; Put back return address
7212: C9      	        RET                     ; Go to it
              	
7213: D1      	SCNEND: POP     DE              ; Addresses of strings
7214: E1      	        POP     HL              ; 
7215: 7D      	        LD      A,L             ; HL = 0 if no more to do
7216: B4      	        OR      H
7217: C8      	        RET     Z               ; No more to do - Return
7218: 2B      	        DEC     HL
7219: 46      	        LD      B,(HL)          ; MSB of address of string
721A: 2B      	        DEC     HL
721B: 4E      	        LD      C,(HL)          ; LSB of address of string
721C: E5      	        PUSH    HL              ; Save variable address
721D: 2B      	        DEC     HL
721E: 2B      	        DEC     HL
721F: 6E      	        LD      L,(HL)          ; HL = Length of string
7220: 2600    	        LD      H,0
7222: 09      	        ADD     HL,BC           ; Address of end of string+1
7223: 50      	        LD      D,B             ; String address to DE
7224: 59      	        LD      E,C
7225: 2B      	        DEC     HL              ; Last byte in string
7226: 44      	        LD      B,H             ; Address to BC
7227: 4D      	        LD      C,L
7228: 2AC380  	        LD      HL,(STRBOT)     ; Current bottom of string area
722B: CD6363  	        CALL    MOVSTR          ; Move string to new address
722E: E1      	        POP     HL              ; Restore variable address
722F: 71      	        LD      (HL),C          ; Save new LSB of address
7230: 23      	        INC     HL
7231: 70      	        LD      (HL),B          ; Save new MSB of address
7232: 69      	        LD      L,C             ; Next string area+1 to HL
7233: 60      	        LD      H,B
7234: 2B      	        DEC     HL              ; Next string area address
7235: C38871  	        JP      GARBLP          ; Look for more strings
              	
7238: C5      	CONCAT: PUSH    BC              ; Save prec' opr & code string
7239: E5      	        PUSH    HL              ; 
723A: 2AE480  	        LD      HL,(FPREG)      ; Get first string
723D: E3      	        EX      (SP),HL         ; Save first string
723E: CDF26C  	        CALL    OPRND           ; Get second string
7241: E3      	        EX      (SP),HL         ; Restore first string
7242: CD6D6C  	        CALL    TSTSTR          ; Make sure it's a string
7245: 7E      	        LD      A,(HL)          ; Get length of second string
7246: E5      	        PUSH    HL              ; Save first string
7247: 2AE480  	        LD      HL,(FPREG)      ; Get second string
724A: E5      	        PUSH    HL              ; Save second string
724B: 86      	        ADD     A,(HL)          ; Add length of second string
724C: 1E1C    	        LD      E,LS            ; ?LS Error
724E: DAA863  	        JP      C,ERROR         ; String too long - Error
7251: CDF170  	        CALL    MKTMST          ; Make temporary string
7254: D1      	        POP     DE              ; Get second string to DE
7255: CD8972  	        CALL    GSTRDE          ; Move to string pool if needed
7258: E3      	        EX      (SP),HL         ; Get first string
7259: CD8872  	        CALL    GSTRHL          ; Move to string pool if needed
725C: E5      	        PUSH    HL              ; Save first string
725D: 2AC180  	        LD      HL,(TMPSTR+2)   ; Temporary string address
7260: EB      	        EX      DE,HL           ; To DE
7261: CD6F72  	        CALL    SSTSA           ; First string to string area
7264: CD6F72  	        CALL    SSTSA           ; Second string to string area
7267: 21876C  	        LD      HL,EVAL2        ; Return to evaluation loop
726A: E3      	        EX      (SP),HL         ; Save return,get code string
726B: E5      	        PUSH    HL              ; Save code string address
726C: C32271  	        JP      TSTOPL          ; To temporary string to pool
              	
726F: E1      	SSTSA:  POP     HL              ; Return address
7270: E3      	        EX      (SP),HL         ; Get string block,save return
7271: 7E      	        LD      A,(HL)          ; Get length of string
7272: 23      	        INC     HL
7273: 23      	        INC     HL
7274: 4E      	        LD      C,(HL)          ; Get LSB of string address
7275: 23      	        INC     HL
7276: 46      	        LD      B,(HL)          ; Get MSB of string address
7277: 6F      	        LD      L,A             ; Length to L
7278: 2C      	TOSTRA: INC     L               ; INC - DECed after
7279: 2D      	TSALP:  DEC     L               ; Count bytes moved
727A: C8      	        RET     Z               ; End of string - Return
727B: 0A      	        LD      A,(BC)          ; Get source
727C: 12      	        LD      (DE),A          ; Save destination
727D: 03      	        INC     BC              ; Next source
727E: 13      	        INC     DE              ; Next destination
727F: C37972  	        JP      TSALP           ; Loop until string moved
              	
7282: CD6D6C  	GETSTR: CALL    TSTSTR          ; Make sure it's a string
7285: 2AE480  	GSTRCU: LD      HL,(FPREG)      ; Get current string
7288: EB      	GSTRHL: EX      DE,HL           ; Save DE
7289: CDA372  	GSTRDE: CALL    BAKTMP          ; Was it last tmp-str?
728C: EB      	        EX      DE,HL           ; Restore DE
728D: C0      	        RET     NZ              ; No - Return
728E: D5      	        PUSH    DE              ; Save string
728F: 50      	        LD      D,B             ; String block address to DE
7290: 59      	        LD      E,C
7291: 1B      	        DEC     DE              ; Point to length
7292: 4E      	        LD      C,(HL)          ; Get string length
7293: 2AC380  	        LD      HL,(STRBOT)     ; Current bottom of string area
7296: CD5C66  	        CALL    CPDEHL          ; Last one in string area?
7299: C2A172  	        JP      NZ,POPHL        ; No - Return
729C: 47      	        LD      B,A             ; Clear B (A=0)
729D: 09      	        ADD     HL,BC           ; Remove string from str' area
729E: 22C380  	        LD      (STRBOT),HL     ; Save new bottom of str' area
72A1: E1      	POPHL:  POP     HL              ; Restore string
72A2: C9      	        RET
              	
72A3: 2AB180  	BAKTMP: LD      HL,(TMSTPT)     ; Get temporary string pool top
72A6: 2B      	        DEC     HL              ; Back
72A7: 46      	        LD      B,(HL)          ; Get MSB of address
72A8: 2B      	        DEC     HL              ; Back
72A9: 4E      	        LD      C,(HL)          ; Get LSB of address
72AA: 2B      	        DEC     HL              ; Back
72AB: 2B      	        DEC     HL              ; Back
72AC: CD5C66  	        CALL    CPDEHL          ; String last in string pool?
72AF: C0      	        RET     NZ              ; Yes - Leave it
72B0: 22B180  	        LD      (TMSTPT),HL     ; Save new string pool top
72B3: C9      	        RET
              	
72B4: 013370  	LEN:    LD      BC,PASSA        ; To return integer A
72B7: C5      	        PUSH    BC              ; Save address
72B8: CD8272  	GETLEN: CALL    GETSTR          ; Get string and its length
72BB: AF      	        XOR     A
72BC: 57      	        LD      D,A             ; Clear D
72BD: 32AD80  	        LD      (TYPE),A        ; Set type to numeric
72C0: 7E      	        LD      A,(HL)          ; Get length of string
72C1: B7      	        OR      A               ; Set status flags
72C2: C9      	        RET
              	
72C3: 013370  	ASC:    LD      BC,PASSA        ; To return integer A
72C6: C5      	        PUSH    BC              ; Save address
72C7: CDB872  	GTFLNM: CALL    GETLEN          ; Get length of string
72CA: CAC368  	        JP      Z,FCERR         ; Null string - Error
72CD: 23      	        INC     HL
72CE: 23      	        INC     HL
72CF: 5E      	        LD      E,(HL)          ; Get LSB of address
72D0: 23      	        INC     HL
72D1: 56      	        LD      D,(HL)          ; Get MSB of address
72D2: 1A      	        LD      A,(DE)          ; Get first byte of string
72D3: C9      	        RET
              	
72D4: 3E01    	CHR:    LD      A,1             ; One character string
72D6: CDF170  	        CALL    MKTMST          ; Make a temporary string
72D9: CDCD73  	        CALL    MAKINT          ; Make it integer A
72DC: 2AC180  	        LD      HL,(TMPSTR+2)   ; Get address of string
72DF: 73      	        LD      (HL),E          ; Save character
72E0: C1      	TOPOOL: POP     BC              ; Clean up stack
72E1: C32271  	        JP      TSTOPL          ; Temporary string to pool
              	
72E4: CD7D73  	LEFT:   CALL    LFRGNM          ; Get number and ending ")"
72E7: AF      	        XOR     A               ; Start at first byte in string
72E8: E3      	RIGHT1: EX      (SP),HL         ; Save code string,Get string
72E9: 4F      	        LD      C,A             ; Starting position in string
72EA: E5      	MID1:   PUSH    HL              ; Save string block address
72EB: 7E      	        LD      A,(HL)          ; Get length of string
72EC: B8      	        CP      B               ; Compare with number given
72ED: DAF272  	        JP      C,ALLFOL        ; All following bytes required
72F0: 78      	        LD      A,B             ; Get new length
72F1: 11      	        .BYTE      11H             ; Skip "LD C,0"
72F2: 0E00    	ALLFOL: LD      C,0             ; First byte of string
72F4: C5      	        PUSH    BC              ; Save position in string
72F5: CD5B71  	        CALL    TESTR           ; See if enough string space
72F8: C1      	        POP     BC              ; Get position in string
72F9: E1      	        POP     HL              ; Restore string block address
72FA: E5      	        PUSH    HL              ; And re-save it
72FB: 23      	        INC     HL
72FC: 23      	        INC     HL
72FD: 46      	        LD      B,(HL)          ; Get LSB of address
72FE: 23      	        INC     HL
72FF: 66      	        LD      H,(HL)          ; Get MSB of address
7300: 68      	        LD      L,B             ; HL = address of string
7301: 0600    	        LD      B,0             ; BC = starting address
7303: 09      	        ADD     HL,BC           ; Point to that byte
7304: 44      	        LD      B,H             ; BC = source string
7305: 4D      	        LD      C,L
7306: CDF470  	        CALL    CRTMST          ; Create a string entry
7309: 6F      	        LD      L,A             ; Length of new string
730A: CD7872  	        CALL    TOSTRA          ; Move string to string area
730D: D1      	        POP     DE              ; Clear stack
730E: CD8972  	        CALL    GSTRDE          ; Move to string pool if needed
7311: C32271  	        JP      TSTOPL          ; Temporary string to pool
              	
7314: CD7D73  	RIGHT:  CALL    LFRGNM          ; Get number and ending ")"
7317: D1      	        POP     DE              ; Get string length
7318: D5      	        PUSH    DE              ; And re-save
7319: 1A      	        LD      A,(DE)          ; Get length
731A: 90      	        SUB     B               ; Move back N bytes
731B: C3E872  	        JP      RIGHT1          ; Go and get sub-string
              	
731E: EB      	MID:    EX      DE,HL           ; Get code string address
731F: 7E      	        LD      A,(HL)          ; Get next byte ',' or ")"
7320: CD8273  	        CALL    MIDNUM          ; Get number supplied
7323: 04      	        INC     B               ; Is it character zero?
7324: 05      	        DEC     B
7325: CAC368  	        JP      Z,FCERR         ; Yes - Error
7328: C5      	        PUSH    BC              ; Save starting position
7329: 1EFF    	        LD      E,255           ; All of string
732B: FE29    	        CP      ')'             ; Any length given?
732D: CA3773  	        JP      Z,RSTSTR        ; No - Rest of string
7330: CD6266  	        CALL    CHKSYN          ; Make sure ',' follows
7333: 2C      	        .BYTE      ','
7334: CDCA73  	        CALL    GETINT          ; Get integer 0-255
7337: CD6266  	RSTSTR: CALL    CHKSYN          ; Make sure ")" follows
733A: 29      	        .BYTE      ")"
733B: F1      	        POP     AF              ; Restore starting position
733C: E3      	        EX      (SP),HL         ; Get string,8ave code string
733D: 01EA72  	        LD      BC,MID1         ; Continuation of MID$ routine
7340: C5      	        PUSH    BC              ; Save for return
7341: 3D      	        DEC     A               ; Starting position-1
7342: BE      	        CP      (HL)            ; Compare with length
7343: 0600    	        LD      B,0             ; Zero bytes length
7345: D0      	        RET     NC              ; Null string if start past end
7346: 4F      	        LD      C,A             ; Save starting position-1
7347: 7E      	        LD      A,(HL)          ; Get length of string
7348: 91      	        SUB     C               ; Subtract start
7349: BB      	        CP      E               ; Enough string for it?
734A: 47      	        LD      B,A             ; Save maximum length available
734B: D8      	        RET     C               ; Truncate string if needed
734C: 43      	        LD      B,E             ; Set specified length
734D: C9      	        RET                     ; Go and create string
              	
734E: CDB872  	VAL:    CALL    GETLEN          ; Get length of string
7351: CA6B74  	        JP      Z,RESZER        ; Result zero
7354: 5F      	        LD      E,A             ; Save length
7355: 23      	        INC     HL
7356: 23      	        INC     HL
7357: 7E      	        LD      A,(HL)          ; Get LSB of address
7358: 23      	        INC     HL
7359: 66      	        LD      H,(HL)          ; Get MSB of address
735A: 6F      	        LD      L,A             ; HL = String address
735B: E5      	        PUSH    HL              ; Save string address
735C: 19      	        ADD     HL,DE
735D: 46      	        LD      B,(HL)          ; Get end of string+1 byte
735E: 72      	        LD      (HL),D          ; Zero it to terminate
735F: E3      	        EX      (SP),HL         ; Save string end,get start
7360: C5      	        PUSH    BC              ; Save end+1 byte
7361: 7E      	        LD      A,(HL)          ; Get starting byte
7362: FE24    	    CP	'$'		; Hex number indicated? [function added]
7364: C26C73  	    JP	NZ,VAL1
7367: CD967B  	    CALL	HEXTFP		; Convert Hex to FPREG
736A: 180D    	    JR	VAL3
736C: FE25    	VAL1:	CP	'%'		; Binary number indicated? [function added]
736E: C27673  	    JP	NZ,VAL2
7371: CD067C  	    CALL	BINTFP		; Convert Bin to FPREG
7374: 1803    	    JR	VAL3
7376: CD5277  	VAL2:   CALL    ASCTFP          ; Convert ASCII string to FP
7379: C1      	VAL3:   POP     BC              ; Restore end+1 byte
737A: E1      	        POP     HL              ; Restore end+1 address
737B: 70      	        LD      (HL),B          ; Put back original byte
737C: C9      	        RET
              	
737D: EB      	LFRGNM: EX      DE,HL           ; Code string address to HL
737E: CD6266  	        CALL    CHKSYN          ; Make sure ")" follows
7381: 29      	        .BYTE      ")"
7382: C1      	MIDNUM: POP     BC              ; Get return address
7383: D1      	        POP     DE              ; Get number supplied
7384: C5      	        PUSH    BC              ; Re-save return address
7385: 43      	        LD      B,E             ; Number to B
7386: C9      	        RET
              	
7387: CDCD73  	INP:    CALL    MAKINT          ; Make it integer A               
738A: 323F80  	        LD      (INPORT),A      ; Set input port
738D: CD3E80  	        CALL    INPSUB          ; Get input from port
7390: C33370  	        JP      PASSA           ; Return integer A
              	
7393: CDB773  	POUT:   CALL    SETIO           ; Set up port number
7396: C30680  	        JP      OUTSUB          ; Output data and return
              	
7399: CDB773  	WAIT:   CALL    SETIO           ; Set up port number
739C: F5      	        PUSH    AF              ; Save AND mask
739D: 1E00    	        LD      E,0             ; Assume zero if none given
739F: 2B      	        DEC     HL              ; DEC 'cos GETCHR INCs
73A0: CDFC67  	        CALL    GETCHR          ; Get next character
73A3: CAAD73  	        JP      Z,NOXOR         ; No XOR byte given
73A6: CD6266  	        CALL    CHKSYN          ; Make sure ',' follows
73A9: 2C      	        .BYTE      ','
73AA: CDCA73  	        CALL    GETINT          ; Get integer 0-255 to XOR with
73AD: C1      	NOXOR:  POP     BC              ; Restore AND mask
73AE: CD3E80  	WAITLP: CALL    INPSUB          ; Get input
73B1: AB      	        XOR     E               ; Flip selected bits
73B2: A0      	        AND     B               ; Result non-zero?
73B3: CAAE73  	        JP      Z,WAITLP        ; No = keep waiting
73B6: C9      	        RET
              	
73B7: CDCA73  	SETIO:  CALL    GETINT          ; Get integer 0-255
73BA: 323F80  	        LD      (INPORT),A      ; Set input port
73BD: 320780  	        LD      (OTPORT),A      ; Set output port
73C0: CD6266  	        CALL    CHKSYN          ; Make sure ',' follows
73C3: 2C      	        .BYTE      ','
73C4: C3CA73  	        JP      GETINT          ; Get integer 0-255 and return
              	
73C7: CDFC67  	FNDNUM: CALL    GETCHR          ; Get next character
73CA: CD696C  	GETINT: CALL    GETNUM          ; Get a number from 0 to 255
73CD: CDA868  	MAKINT: CALL    DEPINT          ; Make sure value 0 - 255
73D0: 7A      	        LD      A,D             ; Get MSB of number
73D1: B7      	        OR      A               ; Zero?
73D2: C2C368  	        JP      NZ,FCERR        ; No - Error
73D5: 2B      	        DEC     HL              ; DEC 'cos GETCHR INCs
73D6: CDFC67  	        CALL    GETCHR          ; Get next character
73D9: 7B      	        LD      A,E             ; Get number to A
73DA: C9      	        RET
              	
73DB: CDAE68  	PEEK:   CALL    DEINT           ; Get memory address
73DE: 1A      	        LD      A,(DE)          ; Get byte in memory
73DF: C33370  	        JP      PASSA           ; Return integer A
              	
73E2: CD696C  	POKE:   CALL    GETNUM          ; Get memory address
73E5: CDAE68  	        CALL    DEINT           ; Get integer -32768 to 3276
73E8: D5      	        PUSH    DE              ; Save memory address
73E9: CD6266  	        CALL    CHKSYN          ; Make sure ',' follows
73EC: 2C      	        .BYTE      ','
73ED: CDCA73  	        CALL    GETINT          ; Get integer 0-255
73F0: D1      	        POP     DE              ; Restore memory address
73F1: 12      	        LD      (DE),A          ; Load it into memory
73F2: C9      	        RET
              	
73F3: 21C978  	ROUND:  LD      HL,HALF         ; Add 0.5 to FPREG
73F6: CD9A76  	ADDPHL: CALL    LOADFP          ; Load FP at (HL) to BCDE
73F9: C30574  	        JP      FPADD           ; Add BCDE to FPREG
              	
73FC: CD9A76  	SUBPHL: CALL    LOADFP          ; FPREG = -FPREG + number at HL
73FF: 21      	        .BYTE      21H             ; Skip "POP BC" and "POP DE"
7400: C1      	PSUB:   POP     BC              ; Get FP number from stack
7401: D1      	        POP     DE
7402: CD7476  	SUBCDE: CALL    INVSGN          ; Negate FPREG
7405: 78      	FPADD:  LD      A,B             ; Get FP exponent
7406: B7      	        OR      A               ; Is number zero?
7407: C8      	        RET     Z               ; Yes - Nothing to add
7408: 3AE780  	        LD      A,(FPEXP)       ; Get FPREG exponent
740B: B7      	        OR      A               ; Is this number zero?
740C: CA8C76  	        JP      Z,FPBCDE        ; Yes - Move BCDE to FPREG
740F: 90      	        SUB     B               ; BCDE number larger?
7410: D21F74  	        JP      NC,NOSWAP       ; No - Don't swap them
7413: 2F      	        CPL                     ; Two's complement
7414: 3C      	        INC     A               ;  FP exponent
7415: EB      	        EX      DE,HL
7416: CD7C76  	        CALL    STAKFP          ; Put FPREG on stack
7419: EB      	        EX      DE,HL
741A: CD8C76  	        CALL    FPBCDE          ; Move BCDE to FPREG
741D: C1      	        POP     BC              ; Restore number from stack
741E: D1      	        POP     DE
741F: FE19    	NOSWAP: CP      24+1            ; Second number insignificant?
7421: D0      	        RET     NC              ; Yes - First number is result
7422: F5      	        PUSH    AF              ; Save number of bits to scale
7423: CDB176  	        CALL    SIGNS           ; Set MSBs & sign of result
7426: 67      	        LD      H,A             ; Save sign of result
7427: F1      	        POP     AF              ; Restore scaling factor
7428: CDCA74  	        CALL    SCALE           ; Scale BCDE to same exponent
742B: B4      	        OR      H               ; Result to be positive?
742C: 21E480  	        LD      HL,FPREG        ; Point to FPREG
742F: F24574  	        JP      P,MINCDE        ; No - Subtract FPREG from CDE
7432: CDAA74  	        CALL    PLUCDE          ; Add FPREG to CDE
7435: D28B74  	        JP      NC,RONDUP       ; No overflow - Round it up
7438: 23      	        INC     HL              ; Point to exponent
7439: 34      	        INC     (HL)            ; Increment it
743A: CAA363  	        JP      Z,OVERR         ; Number overflowed - Error
743D: 2E01    	        LD      L,1             ; 1 bit to shift right
743F: CDE074  	        CALL    SHRT1           ; Shift result right
7442: C38B74  	        JP      RONDUP          ; Round it up
              	
7445: AF      	MINCDE: XOR     A               ; Clear A and carry
7446: 90      	        SUB     B               ; Negate exponent
7447: 47      	        LD      B,A             ; Re-save exponent
7448: 7E      	        LD      A,(HL)          ; Get LSB of FPREG
7449: 9B      	        SBC     A, E            ; Subtract LSB of BCDE
744A: 5F      	        LD      E,A             ; Save LSB of BCDE
744B: 23      	        INC     HL
744C: 7E      	        LD      A,(HL)          ; Get NMSB of FPREG
744D: 9A      	        SBC     A,D             ; Subtract NMSB of BCDE
744E: 57      	        LD      D,A             ; Save NMSB of BCDE
744F: 23      	        INC     HL
7450: 7E      	        LD      A,(HL)          ; Get MSB of FPREG
7451: 99      	        SBC     A,C             ; Subtract MSB of BCDE
7452: 4F      	        LD      C,A             ; Save MSB of BCDE
7453: DCB674  	CONPOS: CALL    C,COMPL         ; Overflow - Make it positive
              	
7456: 68      	BNORM:  LD      L,B             ; L = Exponent
7457: 63      	        LD      H,E             ; H = LSB
7458: AF      	        XOR     A
7459: 47      	BNRMLP: LD      B,A             ; Save bit count
745A: 79      	        LD      A,C             ; Get MSB
745B: B7      	        OR      A               ; Is it zero?
745C: C27874  	        JP      NZ,PNORM        ; No - Do it bit at a time
745F: 4A      	        LD      C,D             ; MSB = NMSB
7460: 54      	        LD      D,H             ; NMSB= LSB
7461: 65      	        LD      H,L             ; LSB = VLSB
7462: 6F      	        LD      L,A             ; VLSB= 0
7463: 78      	        LD      A,B             ; Get exponent
7464: D608    	        SUB     8               ; Count 8 bits
7466: FEE0    	        CP      -24-8           ; Was number zero?
7468: C25974  	        JP      NZ,BNRMLP       ; No - Keep normalising
746B: AF      	RESZER: XOR     A               ; Result is zero
746C: 32E780  	SAVEXP: LD      (FPEXP),A       ; Save result as zero
746F: C9      	        RET
              	
7470: 05      	NORMAL: DEC     B               ; Count bits
7471: 29      	        ADD     HL,HL           ; Shift HL left
7472: 7A      	        LD      A,D             ; Get NMSB
7473: 17      	        RLA                     ; Shift left with last bit
7474: 57      	        LD      D,A             ; Save NMSB
7475: 79      	        LD      A,C             ; Get MSB
7476: 8F      	        ADC     A,A             ; Shift left with last bit
7477: 4F      	        LD      C,A             ; Save MSB
7478: F27074  	PNORM:  JP      P,NORMAL        ; Not done - Keep going
747B: 78      	        LD      A,B             ; Number of bits shifted
747C: 5C      	        LD      E,H             ; Save HL in EB
747D: 45      	        LD      B,L
747E: B7      	        OR      A               ; Any shifting done?
747F: CA8B74  	        JP      Z,RONDUP        ; No - Round it up
7482: 21E780  	        LD      HL,FPEXP        ; Point to exponent
7485: 86      	        ADD     A,(HL)          ; Add shifted bits
7486: 77      	        LD      (HL),A          ; Re-save exponent
7487: D26B74  	        JP      NC,RESZER       ; Underflow - Result is zero
748A: C8      	        RET     Z               ; Result is zero
748B: 78      	RONDUP: LD      A,B             ; Get VLSB of number
748C: 21E780  	RONDB:  LD      HL,FPEXP        ; Point to exponent
748F: B7      	        OR      A               ; Any rounding?
7490: FC9D74  	        CALL    M,FPROND        ; Yes - Round number up
7493: 46      	        LD      B,(HL)          ; B = Exponent
7494: 23      	        INC     HL
7495: 7E      	        LD      A,(HL)          ; Get sign of result
7496: E680    	        AND     10000000B       ; Only bit 7 needed
7498: A9      	        XOR     C               ; Set correct sign
7499: 4F      	        LD      C,A             ; Save correct sign in number
749A: C38C76  	        JP      FPBCDE          ; Move BCDE to FPREG
              	
749D: 1C      	FPROND: INC     E               ; Round LSB
749E: C0      	        RET     NZ              ; Return if ok
749F: 14      	        INC     D               ; Round NMSB
74A0: C0      	        RET     NZ              ; Return if ok
74A1: 0C      	        INC     C               ; Round MSB
74A2: C0      	        RET     NZ              ; Return if ok
74A3: 0E80    	        LD      C,80H           ; Set normal value
74A5: 34      	        INC     (HL)            ; Increment exponent
74A6: C0      	        RET     NZ              ; Return if ok
74A7: C3A363  	        JP      OVERR           ; Overflow error
              	
74AA: 7E      	PLUCDE: LD      A,(HL)          ; Get LSB of FPREG
74AB: 83      	        ADD     A,E             ; Add LSB of BCDE
74AC: 5F      	        LD      E,A             ; Save LSB of BCDE
74AD: 23      	        INC     HL
74AE: 7E      	        LD      A,(HL)          ; Get NMSB of FPREG
74AF: 8A      	        ADC     A,D             ; Add NMSB of BCDE
74B0: 57      	        LD      D,A             ; Save NMSB of BCDE
74B1: 23      	        INC     HL
74B2: 7E      	        LD      A,(HL)          ; Get MSB of FPREG
74B3: 89      	        ADC     A,C             ; Add MSB of BCDE
74B4: 4F      	        LD      C,A             ; Save MSB of BCDE
74B5: C9      	        RET
              	
74B6: 21E880  	COMPL:  LD      HL,SGNRES       ; Sign of result
74B9: 7E      	        LD      A,(HL)          ; Get sign of result
74BA: 2F      	        CPL                     ; Negate it
74BB: 77      	        LD      (HL),A          ; Put it back
74BC: AF      	        XOR     A
74BD: 6F      	        LD      L,A             ; Set L to zero
74BE: 90      	        SUB     B               ; Negate exponent,set carry
74BF: 47      	        LD      B,A             ; Re-save exponent
74C0: 7D      	        LD      A,L             ; Load zero
74C1: 9B      	        SBC     A,E             ; Negate LSB
74C2: 5F      	        LD      E,A             ; Re-save LSB
74C3: 7D      	        LD      A,L             ; Load zero
74C4: 9A      	        SBC     A,D             ; Negate NMSB
74C5: 57      	        LD      D,A             ; Re-save NMSB
74C6: 7D      	        LD      A,L             ; Load zero
74C7: 99      	        SBC     A,C             ; Negate MSB
74C8: 4F      	        LD      C,A             ; Re-save MSB
74C9: C9      	        RET
              	
74CA: 0600    	SCALE:  LD      B,0             ; Clear underflow
74CC: D608    	SCALLP: SUB     8               ; 8 bits (a whole byte)?
74CE: DAD974  	        JP      C,SHRITE        ; No - Shift right A bits
74D1: 43      	        LD      B,E             ; <- Shift
74D2: 5A      	        LD      E,D             ; <- right
74D3: 51      	        LD      D,C             ; <- eight
74D4: 0E00    	        LD      C,0             ; <- bits
74D6: C3CC74  	        JP      SCALLP          ; More bits to shift
              	
74D9: C609    	SHRITE: ADD     A,8+1           ; Adjust count
74DB: 6F      	        LD      L,A             ; Save bits to shift
74DC: AF      	SHRLP:  XOR     A               ; Flag for all done
74DD: 2D      	        DEC     L               ; All shifting done?
74DE: C8      	        RET     Z               ; Yes - Return
74DF: 79      	        LD      A,C             ; Get MSB
74E0: 1F      	SHRT1:  RRA                     ; Shift it right
74E1: 4F      	        LD      C,A             ; Re-save
74E2: 7A      	        LD      A,D             ; Get NMSB
74E3: 1F      	        RRA                     ; Shift right with last bit
74E4: 57      	        LD      D,A             ; Re-save it
74E5: 7B      	        LD      A,E             ; Get LSB
74E6: 1F      	        RRA                     ; Shift right with last bit
74E7: 5F      	        LD      E,A             ; Re-save it
74E8: 78      	        LD      A,B             ; Get underflow
74E9: 1F      	        RRA                     ; Shift right with last bit
74EA: 47      	        LD      B,A             ; Re-save underflow
74EB: C3DC74  	        JP      SHRLP           ; More bits to do
              	
74EE: 00000081	UNITY:  .BYTE       000H,000H,000H,081H    ; 1.00000
              	
74F2: 03      	LOGTAB: .BYTE      3                       ; Table used by LOG
74F3: AA561980	        .BYTE      0AAH,056H,019H,080H     ; 0.59898
74F7: F1227680	        .BYTE      0F1H,022H,076H,080H     ; 0.96147
74FB: 45AA3882	        .BYTE      045H,0AAH,038H,082H     ; 2.88539
              	
74FF: CD4B76  	LOG:    CALL    TSTSGN          ; Test sign of value
7502: B7      	        OR      A
7503: EAC368  	        JP      PE,FCERR        ; ?FC Error if <= zero
7506: 21E780  	        LD      HL,FPEXP        ; Point to exponent
7509: 7E      	        LD      A,(HL)          ; Get exponent
750A: 013580  	        LD      BC,8035H        ; BCDE = SQR(1/2)
750D: 11F304  	        LD      DE,04F3H
7510: 90      	        SUB     B               ; Scale value to be < 1
7511: F5      	        PUSH    AF              ; Save scale factor
7512: 70      	        LD      (HL),B          ; Save new exponent
7513: D5      	        PUSH    DE              ; Save SQR(1/2)
7514: C5      	        PUSH    BC
7515: CD0574  	        CALL    FPADD           ; Add SQR(1/2) to value
7518: C1      	        POP     BC              ; Restore SQR(1/2)
7519: D1      	        POP     DE
751A: 04      	        INC     B               ; Make it SQR(2)
751B: CDA175  	        CALL    DVBCDE          ; Divide by SQR(2)
751E: 21EE74  	        LD      HL,UNITY        ; Point to 1.
7521: CDFC73  	        CALL    SUBPHL          ; Subtract FPREG from 1
7524: 21F274  	        LD      HL,LOGTAB       ; Coefficient table
7527: CD9379  	        CALL    SUMSER          ; Evaluate sum of series
752A: 018080  	        LD      BC,8080H        ; BCDE = -0.5
752D: 110000  	        LD      DE,0000H
7530: CD0574  	        CALL    FPADD           ; Subtract 0.5 from FPREG
7533: F1      	        POP     AF              ; Restore scale factor
7534: CDC677  	        CALL    RSCALE          ; Re-scale number
7537: 013180  	MULLN2: LD      BC,8031H        ; BCDE = Ln(2)
753A: 111872  	        LD      DE,7218H
753D: 21      	        .BYTE      21H             ; Skip "POP BC" and "POP DE"
              	
753E: C1      	MULT:   POP     BC              ; Get number from stack
753F: D1      	        POP     DE
7540: CD4B76  	FPMULT: CALL    TSTSGN          ; Test sign of FPREG
7543: C8      	        RET     Z               ; Return zero if zero
7544: 2E00    	        LD      L,0             ; Flag add exponents
7546: CD0976  	        CALL    ADDEXP          ; Add exponents
7549: 79      	        LD      A,C             ; Get MSB of multiplier
754A: 32F680  	        LD      (MULVAL),A      ; Save MSB of multiplier
754D: EB      	        EX      DE,HL
754E: 22F780  	        LD      (MULVAL+1),HL   ; Save rest of multiplier
7551: 010000  	        LD      BC,0            ; Partial product (BCDE) = zero
7554: 50      	        LD      D,B
7555: 58      	        LD      E,B
7556: 215674  	        LD      HL,BNORM        ; Address of normalise
7559: E5      	        PUSH    HL              ; Save for return
755A: 216275  	        LD      HL,MULT8        ; Address of 8 bit multiply
755D: E5      	        PUSH    HL              ; Save for NMSB,MSB
755E: E5      	        PUSH    HL              ; 
755F: 21E480  	        LD      HL,FPREG        ; Point to number
7562: 7E      	MULT8:  LD      A,(HL)          ; Get LSB of number
7563: 23      	        INC     HL              ; Point to NMSB
7564: B7      	        OR      A               ; Test LSB
7565: CA8E75  	        JP      Z,BYTSFT        ; Zero - shift to next byte
7568: E5      	        PUSH    HL              ; Save address of number
7569: 2E08    	        LD      L,8             ; 8 bits to multiply by
756B: 1F      	MUL8LP: RRA                     ; Shift LSB right
756C: 67      	        LD      H,A             ; Save LSB
756D: 79      	        LD      A,C             ; Get MSB
756E: D27C75  	        JP      NC,NOMADD       ; Bit was zero - Don't add
7571: E5      	        PUSH    HL              ; Save LSB and count
7572: 2AF780  	        LD      HL,(MULVAL+1)   ; Get LSB and NMSB
7575: 19      	        ADD     HL,DE           ; Add NMSB and LSB
7576: EB      	        EX      DE,HL           ; Leave sum in DE
7577: E1      	        POP     HL              ; Restore MSB and count
7578: 3AF680  	        LD      A,(MULVAL)      ; Get MSB of multiplier
757B: 89      	        ADC     A,C             ; Add MSB
757C: 1F      	NOMADD: RRA                     ; Shift MSB right
757D: 4F      	        LD      C,A             ; Re-save MSB
757E: 7A      	        LD      A,D             ; Get NMSB
757F: 1F      	        RRA                     ; Shift NMSB right
7580: 57      	        LD      D,A             ; Re-save NMSB
7581: 7B      	        LD      A,E             ; Get LSB
7582: 1F      	        RRA                     ; Shift LSB right
7583: 5F      	        LD      E,A             ; Re-save LSB
7584: 78      	        LD      A,B             ; Get VLSB
7585: 1F      	        RRA                     ; Shift VLSB right
7586: 47      	        LD      B,A             ; Re-save VLSB
7587: 2D      	        DEC     L               ; Count bits multiplied
7588: 7C      	        LD      A,H             ; Get LSB of multiplier
7589: C26B75  	        JP      NZ,MUL8LP       ; More - Do it
758C: E1      	POPHRT: POP     HL              ; Restore address of number
758D: C9      	        RET
              	
758E: 43      	BYTSFT: LD      B,E             ; Shift partial product left
758F: 5A      	        LD      E,D
7590: 51      	        LD      D,C
7591: 4F      	        LD      C,A
7592: C9      	        RET
              	
7593: CD7C76  	DIV10:  CALL    STAKFP          ; Save FPREG on stack
7596: 012084  	        LD      BC,8420H        ; BCDE = 10.
7599: 110000  	        LD      DE,0000H
759C: CD8C76  	        CALL    FPBCDE          ; Move 10 to FPREG
              	
759F: C1      	DIV:    POP     BC              ; Get number from stack
75A0: D1      	        POP     DE
75A1: CD4B76  	DVBCDE: CALL    TSTSGN          ; Test sign of FPREG
75A4: CA9763  	        JP      Z,DZERR         ; Error if division by zero
75A7: 2EFF    	        LD      L,-1            ; Flag subtract exponents
75A9: CD0976  	        CALL    ADDEXP          ; Subtract exponents
75AC: 34      	        INC     (HL)            ; Add 2 to exponent to adjust
75AD: 34      	        INC     (HL)
75AE: 2B      	        DEC     HL              ; Point to MSB
75AF: 7E      	        LD      A,(HL)          ; Get MSB of dividend
75B0: 321280  	        LD      (DIV3),A        ; Save for subtraction
75B3: 2B      	        DEC     HL
75B4: 7E      	        LD      A,(HL)          ; Get NMSB of dividend
75B5: 320E80  	        LD      (DIV2),A        ; Save for subtraction
75B8: 2B      	        DEC     HL
75B9: 7E      	        LD      A,(HL)          ; Get MSB of dividend
75BA: 320A80  	        LD      (DIV1),A        ; Save for subtraction
75BD: 41      	        LD      B,C             ; Get MSB
75BE: EB      	        EX      DE,HL           ; NMSB,LSB to HL
75BF: AF      	        XOR     A
75C0: 4F      	        LD      C,A             ; Clear MSB of quotient
75C1: 57      	        LD      D,A             ; Clear NMSB of quotient
75C2: 5F      	        LD      E,A             ; Clear LSB of quotient
75C3: 321580  	        LD      (DIV4),A        ; Clear overflow count
75C6: E5      	DIVLP:  PUSH    HL              ; Save divisor
75C7: C5      	        PUSH    BC
75C8: 7D      	        LD      A,L             ; Get LSB of number
75C9: CD0980  	        CALL    DIVSUP          ; Subt' divisor from dividend
75CC: DE00    	        SBC     A,0             ; Count for overflows
75CE: 3F      	        CCF
75CF: D2D975  	        JP      NC,RESDIV       ; Restore divisor if borrow
75D2: 321580  	        LD      (DIV4),A        ; Re-save overflow count
75D5: F1      	        POP     AF              ; Scrap divisor
75D6: F1      	        POP     AF
75D7: 37      	        SCF                     ; Set carry to
75D8: D2      	        .BYTE      0D2H            ; Skip "POP BC" and "POP HL"
              	
75D9: C1      	RESDIV: POP     BC              ; Restore divisor
75DA: E1      	        POP     HL
75DB: 79      	        LD      A,C             ; Get MSB of quotient
75DC: 3C      	        INC     A
75DD: 3D      	        DEC     A
75DE: 1F      	        RRA                     ; Bit 0 to bit 7
75DF: FA8C74  	        JP      M,RONDB         ; Done - Normalise result
75E2: 17      	        RLA                     ; Restore carry
75E3: 7B      	        LD      A,E             ; Get LSB of quotient
75E4: 17      	        RLA                     ; Double it
75E5: 5F      	        LD      E,A             ; Put it back
75E6: 7A      	        LD      A,D             ; Get NMSB of quotient
75E7: 17      	        RLA                     ; Double it
75E8: 57      	        LD      D,A             ; Put it back
75E9: 79      	        LD      A,C             ; Get MSB of quotient
75EA: 17      	        RLA                     ; Double it
75EB: 4F      	        LD      C,A             ; Put it back
75EC: 29      	        ADD     HL,HL           ; Double NMSB,LSB of divisor
75ED: 78      	        LD      A,B             ; Get MSB of divisor
75EE: 17      	        RLA                     ; Double it
75EF: 47      	        LD      B,A             ; Put it back
75F0: 3A1580  	        LD      A,(DIV4)        ; Get VLSB of quotient
75F3: 17      	        RLA                     ; Double it
75F4: 321580  	        LD      (DIV4),A        ; Put it back
75F7: 79      	        LD      A,C             ; Get MSB of quotient
75F8: B2      	        OR      D               ; Merge NMSB
75F9: B3      	        OR      E               ; Merge LSB
75FA: C2C675  	        JP      NZ,DIVLP        ; Not done - Keep dividing
75FD: E5      	        PUSH    HL              ; Save divisor
75FE: 21E780  	        LD      HL,FPEXP        ; Point to exponent
7601: 35      	        DEC     (HL)            ; Divide by 2
7602: E1      	        POP     HL              ; Restore divisor
7603: C2C675  	        JP      NZ,DIVLP        ; Ok - Keep going
7606: C3A363  	        JP      OVERR           ; Overflow error
              	
7609: 78      	ADDEXP: LD      A,B             ; Get exponent of dividend
760A: B7      	        OR      A               ; Test it
760B: CA2D76  	        JP      Z,OVTST3        ; Zero - Result zero
760E: 7D      	        LD      A,L             ; Get add/subtract flag
760F: 21E780  	        LD      HL,FPEXP        ; Point to exponent
7612: AE      	        XOR     (HL)            ; Add or subtract it
7613: 80      	        ADD     A,B             ; Add the other exponent
7614: 47      	        LD      B,A             ; Save new exponent
7615: 1F      	        RRA                     ; Test exponent for overflow
7616: A8      	        XOR     B
7617: 78      	        LD      A,B             ; Get exponent
7618: F22C76  	        JP      P,OVTST2        ; Positive - Test for overflow
761B: C680    	        ADD     A,80H           ; Add excess 128
761D: 77      	        LD      (HL),A          ; Save new exponent
761E: CA8C75  	        JP      Z,POPHRT        ; Zero - Result zero
7621: CDB176  	        CALL    SIGNS           ; Set MSBs and sign of result
7624: 77      	        LD      (HL),A          ; Save new exponent
7625: 2B      	        DEC     HL              ; Point to MSB
7626: C9      	        RET
              	
7627: CD4B76  	OVTST1: CALL    TSTSGN          ; Test sign of FPREG
762A: 2F      	        CPL                     ; Invert sign
762B: E1      	        POP     HL              ; Clean up stack
762C: B7      	OVTST2: OR      A               ; Test if new exponent zero
762D: E1      	OVTST3: POP     HL              ; Clear off return address
762E: F26B74  	        JP      P,RESZER        ; Result zero
7631: C3A363  	        JP      OVERR           ; Overflow error
              	
7634: CD9776  	MLSP10: CALL    BCDEFP          ; Move FPREG to BCDE
7637: 78      	        LD      A,B             ; Get exponent
7638: B7      	        OR      A               ; Is it zero?
7639: C8      	        RET     Z               ; Yes - Result is zero
763A: C602    	        ADD     A,2             ; Multiply by 4
763C: DAA363  	        JP      C,OVERR         ; Overflow - ?OV Error
763F: 47      	        LD      B,A             ; Re-save exponent
7640: CD0574  	        CALL    FPADD           ; Add BCDE to FPREG (Times 5)
7643: 21E780  	        LD      HL,FPEXP        ; Point to exponent
7646: 34      	        INC     (HL)            ; Double number (Times 10)
7647: C0      	        RET     NZ              ; Ok - Return
7648: C3A363  	        JP      OVERR           ; Overflow error
              	
764B: 3AE780  	TSTSGN: LD      A,(FPEXP)       ; Get sign of FPREG
764E: B7      	        OR      A
764F: C8      	        RET     Z               ; RETurn if number is zero
7650: 3AE680  	        LD      A,(FPREG+2)     ; Get MSB of FPREG
7653: FE      	        .BYTE      0FEH            ; Test sign
7654: 2F      	RETREL: CPL                     ; Invert sign
7655: 17      	        RLA                     ; Sign bit to carry
7656: 9F      	FLGDIF: SBC     A,A             ; Carry to all bits of A
7657: C0      	        RET     NZ              ; Return -1 if negative
7658: 3C      	        INC     A               ; Bump to +1
7659: C9      	        RET                     ; Positive - Return +1
              	
765A: CD4B76  	SGN:    CALL    TSTSGN          ; Test sign of FPREG
765D: 0688    	FLGREL: LD      B,80H+8         ; 8 bit integer in exponent
765F: 110000  	        LD      DE,0            ; Zero NMSB and LSB
7662: 21E780  	RETINT: LD      HL,FPEXP        ; Point to exponent
7665: 4F      	        LD      C,A             ; CDE = MSB,NMSB and LSB
7666: 70      	        LD      (HL),B          ; Save exponent
7667: 0600    	        LD      B,0             ; CDE = integer to normalise
7669: 23      	        INC     HL              ; Point to sign of result
766A: 3680    	        LD      (HL),80H        ; Set sign of result
766C: 17      	        RLA                     ; Carry = sign of integer
766D: C35374  	        JP      CONPOS          ; Set sign of result
              	
7670: CD4B76  	ABS:    CALL    TSTSGN          ; Test sign of FPREG
7673: F0      	        RET     P               ; Return if positive
7674: 21E680  	INVSGN: LD      HL,FPREG+2      ; Point to MSB
7677: 7E      	        LD      A,(HL)          ; Get sign of mantissa
7678: EE80    	        XOR     80H             ; Invert sign of mantissa
767A: 77      	        LD      (HL),A          ; Re-save sign of mantissa
767B: C9      	        RET
              	
767C: EB      	STAKFP: EX      DE,HL           ; Save code string address
767D: 2AE480  	        LD      HL,(FPREG)      ; LSB,NLSB of FPREG
7680: E3      	        EX      (SP),HL         ; Stack them,get return
7681: E5      	        PUSH    HL              ; Re-save return
7682: 2AE680  	        LD      HL,(FPREG+2)    ; MSB and exponent of FPREG
7685: E3      	        EX      (SP),HL         ; Stack them,get return
7686: E5      	        PUSH    HL              ; Re-save return
7687: EB      	        EX      DE,HL           ; Restore code string address
7688: C9      	        RET
              	
7689: CD9A76  	PHLTFP: CALL    LOADFP          ; Number at HL to BCDE
768C: EB      	FPBCDE: EX      DE,HL           ; Save code string address
768D: 22E480  	        LD      (FPREG),HL      ; Save LSB,NLSB of number
7690: 60      	        LD      H,B             ; Exponent of number
7691: 69      	        LD      L,C             ; MSB of number
7692: 22E680  	        LD      (FPREG+2),HL    ; Save MSB and exponent
7695: EB      	        EX      DE,HL           ; Restore code string address
7696: C9      	        RET
              	
7697: 21E480  	BCDEFP: LD      HL,FPREG        ; Point to FPREG
769A: 5E      	LOADFP: LD      E,(HL)          ; Get LSB of number
769B: 23      	        INC     HL
769C: 56      	        LD      D,(HL)          ; Get NMSB of number
769D: 23      	        INC     HL
769E: 4E      	        LD      C,(HL)          ; Get MSB of number
769F: 23      	        INC     HL
76A0: 46      	        LD      B,(HL)          ; Get exponent of number
76A1: 23      	INCHL:  INC     HL              ; Used for conditional "INC HL"
76A2: C9      	        RET
              	
76A3: 11E480  	FPTHL:  LD      DE,FPREG        ; Point to FPREG
76A6: 0604    	DETHL4: LD      B,4             ; 4 bytes to move
76A8: 1A      	DETHLB: LD      A,(DE)          ; Get source
76A9: 77      	        LD      (HL),A          ; Save destination
76AA: 13      	        INC     DE              ; Next source
76AB: 23      	        INC     HL              ; Next destination
76AC: 05      	        DEC     B               ; Count bytes
76AD: C2A876  	        JP      NZ,DETHLB       ; Loop if more
76B0: C9      	        RET
              	
76B1: 21E680  	SIGNS:  LD      HL,FPREG+2      ; Point to MSB of FPREG
76B4: 7E      	        LD      A,(HL)          ; Get MSB
76B5: 07      	        RLCA                    ; Old sign to carry
76B6: 37      	        SCF                     ; Set MSBit
76B7: 1F      	        RRA                     ; Set MSBit of MSB
76B8: 77      	        LD      (HL),A          ; Save new MSB
76B9: 3F      	        CCF                     ; Complement sign
76BA: 1F      	        RRA                     ; Old sign to carry
76BB: 23      	        INC     HL
76BC: 23      	        INC     HL
76BD: 77      	        LD      (HL),A          ; Set sign of result
76BE: 79      	        LD      A,C             ; Get MSB
76BF: 07      	        RLCA                    ; Old sign to carry
76C0: 37      	        SCF                     ; Set MSBit
76C1: 1F      	        RRA                     ; Set MSBit of MSB
76C2: 4F      	        LD      C,A             ; Save MSB
76C3: 1F      	        RRA
76C4: AE      	        XOR     (HL)            ; New sign of result
76C5: C9      	        RET
              	
76C6: 78      	CMPNUM: LD      A,B             ; Get exponent of number
76C7: B7      	        OR      A
76C8: CA4B76  	        JP      Z,TSTSGN        ; Zero - Test sign of FPREG
76CB: 215476  	        LD      HL,RETREL       ; Return relation routine
76CE: E5      	        PUSH    HL              ; Save for return
76CF: CD4B76  	        CALL    TSTSGN          ; Test sign of FPREG
76D2: 79      	        LD      A,C             ; Get MSB of number
76D3: C8      	        RET     Z               ; FPREG zero - Number's MSB
76D4: 21E680  	        LD      HL,FPREG+2      ; MSB of FPREG
76D7: AE      	        XOR     (HL)            ; Combine signs
76D8: 79      	        LD      A,C             ; Get MSB of number
76D9: F8      	        RET     M               ; Exit if signs different
76DA: CDE076  	        CALL    CMPFP           ; Compare FP numbers
76DD: 1F      	        RRA                     ; Get carry to sign
76DE: A9      	        XOR     C               ; Combine with MSB of number
76DF: C9      	        RET
              	
76E0: 23      	CMPFP:  INC     HL              ; Point to exponent
76E1: 78      	        LD      A,B             ; Get exponent
76E2: BE      	        CP      (HL)            ; Compare exponents
76E3: C0      	        RET     NZ              ; Different
76E4: 2B      	        DEC     HL              ; Point to MBS
76E5: 79      	        LD      A,C             ; Get MSB
76E6: BE      	        CP      (HL)            ; Compare MSBs
76E7: C0      	        RET     NZ              ; Different
76E8: 2B      	        DEC     HL              ; Point to NMSB
76E9: 7A      	        LD      A,D             ; Get NMSB
76EA: BE      	        CP      (HL)            ; Compare NMSBs
76EB: C0      	        RET     NZ              ; Different
76EC: 2B      	        DEC     HL              ; Point to LSB
76ED: 7B      	        LD      A,E             ; Get LSB
76EE: 96      	        SUB     (HL)            ; Compare LSBs
76EF: C0      	        RET     NZ              ; Different
76F0: E1      	        POP     HL              ; Drop RETurn
76F1: E1      	        POP     HL              ; Drop another RETurn
76F2: C9      	        RET
              	
76F3: 47      	FPINT:  LD      B,A             ; <- Move
76F4: 4F      	        LD      C,A             ; <- exponent
76F5: 57      	        LD      D,A             ; <- to all
76F6: 5F      	        LD      E,A             ; <- bits
76F7: B7      	        OR      A               ; Test exponent
76F8: C8      	        RET     Z               ; Zero - Return zero
76F9: E5      	        PUSH    HL              ; Save pointer to number
76FA: CD9776  	        CALL    BCDEFP          ; Move FPREG to BCDE
76FD: CDB176  	        CALL    SIGNS           ; Set MSBs & sign of result
7700: AE      	        XOR     (HL)            ; Combine with sign of FPREG
7701: 67      	        LD      H,A             ; Save combined signs
7702: FC1777  	        CALL    M,DCBCDE        ; Negative - Decrement BCDE
7705: 3E98    	        LD      A,80H+24        ; 24 bits
7707: 90      	        SUB     B               ; Bits to shift
7708: CDCA74  	        CALL    SCALE           ; Shift BCDE
770B: 7C      	        LD      A,H             ; Get combined sign
770C: 17      	        RLA                     ; Sign to carry
770D: DC9D74  	        CALL    C,FPROND        ; Negative - Round number up
7710: 0600    	        LD      B,0             ; Zero exponent
7712: DCB674  	        CALL    C,COMPL         ; If negative make positive
7715: E1      	        POP     HL              ; Restore pointer to number
7716: C9      	        RET
              	
7717: 1B      	DCBCDE: DEC     DE              ; Decrement BCDE
7718: 7A      	        LD      A,D             ; Test LSBs
7719: A3      	        AND     E
771A: 3C      	        INC     A
771B: C0      	        RET     NZ              ; Exit if LSBs not FFFF
771C: 0B      	        DEC     BC              ; Decrement MSBs
771D: C9      	        RET
              	
771E: 21E780  	INT:    LD      HL,FPEXP        ; Point to exponent
7721: 7E      	        LD      A,(HL)          ; Get exponent
7722: FE98    	        CP      80H+24          ; Integer accuracy only?
7724: 3AE480  	        LD      A,(FPREG)       ; Get LSB
7727: D0      	        RET     NC              ; Yes - Already integer
7728: 7E      	        LD      A,(HL)          ; Get exponent
7729: CDF376  	        CALL    FPINT           ; F.P to integer
772C: 3698    	        LD      (HL),80H+24     ; Save 24 bit integer
772E: 7B      	        LD      A,E             ; Get LSB of number
772F: F5      	        PUSH    AF              ; Save LSB
7730: 79      	        LD      A,C             ; Get MSB of number
7731: 17      	        RLA                     ; Sign to carry
7732: CD5374  	        CALL    CONPOS          ; Set sign of result
7735: F1      	        POP     AF              ; Restore LSB of number
7736: C9      	        RET
              	
7737: 210000  	MLDEBC: LD      HL,0            ; Clear partial product
773A: 78      	        LD      A,B             ; Test multiplier
773B: B1      	        OR      C
773C: C8      	        RET     Z               ; Return zero if zero
773D: 3E10    	        LD      A,16            ; 16 bits
773F: 29      	MLDBLP: ADD     HL,HL           ; Shift P.P left
7740: DA776F  	        JP      C,BSERR         ; ?BS Error if overflow
7743: EB      	        EX      DE,HL
7744: 29      	        ADD     HL,HL           ; Shift multiplier left
7745: EB      	        EX      DE,HL
7746: D24D77  	        JP      NC,NOMLAD       ; Bit was zero - No add
7749: 09      	        ADD     HL,BC           ; Add multiplicand
774A: DA776F  	        JP      C,BSERR         ; ?BS Error if overflow
774D: 3D      	NOMLAD: DEC     A               ; Count bits
774E: C23F77  	        JP      NZ,MLDBLP       ; More
7751: C9      	        RET
              	
7752: FE2D    	ASCTFP: CP      '-'             ; Negative?
7754: F5      	        PUSH    AF              ; Save it and flags
7755: CA5E77  	        JP      Z,CNVNUM        ; Yes - Convert number
7758: FE2B    	        CP      '+'             ; Positive?
775A: CA5E77  	        JP      Z,CNVNUM        ; Yes - Convert number
775D: 2B      	        DEC     HL              ; DEC 'cos GETCHR INCs
775E: CD6B74  	CNVNUM: CALL    RESZER          ; Set result to zero
7761: 47      	        LD      B,A             ; Digits after point counter
7762: 57      	        LD      D,A             ; Sign of exponent
7763: 5F      	        LD      E,A             ; Exponent of ten
7764: 2F      	        CPL
7765: 4F      	        LD      C,A             ; Before or after point flag
7766: CDFC67  	MANLP:  CALL    GETCHR          ; Get next character
7769: DAAF77  	        JP      C,ADDIG         ; Digit - Add to number
776C: FE2E    	        CP      '.'
776E: CA8A77  	        JP      Z,DPOINT        ; '.' - Flag point
7771: FE45    	        CP      'E'
7773: C28E77  	        JP      NZ,CONEXP       ; Not 'E' - Scale number
7776: CDFC67  	        CALL    GETCHR          ; Get next character
7779: CDA26D  	        CALL    SGNEXP          ; Get sign of exponent
777C: CDFC67  	EXPLP:  CALL    GETCHR          ; Get next character
777F: DAD177  	        JP      C,EDIGIT        ; Digit - Add to exponent
7782: 14      	        INC     D               ; Is sign negative?
7783: C28E77  	        JP      NZ,CONEXP       ; No - Scale number
7786: AF      	        XOR     A
7787: 93      	        SUB     E               ; Negate exponent
7788: 5F      	        LD      E,A             ; And re-save it
7789: 0C      	        INC     C               ; Flag end of number
778A: 0C      	DPOINT: INC     C               ; Flag point passed
778B: CA6677  	        JP      Z,MANLP         ; Zero - Get another digit
778E: E5      	CONEXP: PUSH    HL              ; Save code string address
778F: 7B      	        LD      A,E             ; Get exponent
7790: 90      	        SUB     B               ; Subtract digits after point
7791: F4A777  	SCALMI: CALL    P,SCALPL        ; Positive - Multiply number
7794: F29D77  	        JP      P,ENDCON        ; Positive - All done
7797: F5      	        PUSH    AF              ; Save number of times to /10
7798: CD9375  	        CALL    DIV10           ; Divide by 10
779B: F1      	        POP     AF              ; Restore count
779C: 3C      	        INC     A               ; Count divides
              	
779D: C29177  	ENDCON: JP      NZ,SCALMI       ; More to do
77A0: D1      	        POP     DE              ; Restore code string address
77A1: F1      	        POP     AF              ; Restore sign of number
77A2: CC7476  	        CALL    Z,INVSGN        ; Negative - Negate number
77A5: EB      	        EX      DE,HL           ; Code string address to HL
77A6: C9      	        RET
              	
77A7: C8      	SCALPL: RET     Z               ; Exit if no scaling needed
77A8: F5      	MULTEN: PUSH    AF              ; Save count
77A9: CD3476  	        CALL    MLSP10          ; Multiply number by 10
77AC: F1      	        POP     AF              ; Restore count
77AD: 3D      	        DEC     A               ; Count multiplies
77AE: C9      	        RET
              	
77AF: D5      	ADDIG:  PUSH    DE              ; Save sign of exponent
77B0: 57      	        LD      D,A             ; Save digit
77B1: 78      	        LD      A,B             ; Get digits after point
77B2: 89      	        ADC     A,C             ; Add one if after point
77B3: 47      	        LD      B,A             ; Re-save counter
77B4: C5      	        PUSH    BC              ; Save point flags
77B5: E5      	        PUSH    HL              ; Save code string address
77B6: D5      	        PUSH    DE              ; Save digit
77B7: CD3476  	        CALL    MLSP10          ; Multiply number by 10
77BA: F1      	        POP     AF              ; Restore digit
77BB: D630    	        SUB     '0'             ; Make it absolute
77BD: CDC677  	        CALL    RSCALE          ; Re-scale number
77C0: E1      	        POP     HL              ; Restore code string address
77C1: C1      	        POP     BC              ; Restore point flags
77C2: D1      	        POP     DE              ; Restore sign of exponent
77C3: C36677  	        JP      MANLP           ; Get another digit
              	
77C6: CD7C76  	RSCALE: CALL    STAKFP          ; Put number on stack
77C9: CD5D76  	        CALL    FLGREL          ; Digit to add to FPREG
77CC: C1      	PADD:   POP     BC              ; Restore number
77CD: D1      	        POP     DE
77CE: C30574  	        JP      FPADD           ; Add BCDE to FPREG and return
              	
77D1: 7B      	EDIGIT: LD      A,E             ; Get digit
77D2: 07      	        RLCA                    ; Times 2
77D3: 07      	        RLCA                    ; Times 4
77D4: 83      	        ADD     A,E             ; Times 5
77D5: 07      	        RLCA                    ; Times 10
77D6: 86      	        ADD     A,(HL)          ; Add next digit
77D7: D630    	        SUB     '0'             ; Make it absolute
77D9: 5F      	        LD      E,A             ; Save new digit
77DA: C37C77  	        JP      EXPLP           ; Look for another digit
              	
77DD: E5      	LINEIN: PUSH    HL              ; Save code string address
77DE: 212C63  	        LD      HL,INMSG        ; Output " in "
77E1: CD4271  	        CALL    PRS             ; Output string at HL
77E4: E1      	        POP     HL              ; Restore code string address
77E5: EB      	PRNTHL: EX      DE,HL           ; Code string address to DE
77E6: AF      	        XOR     A
77E7: 0698    	        LD      B,80H+24        ; 24 bits
77E9: CD6276  	        CALL    RETINT          ; Return the integer
77EC: 214171  	        LD      HL,PRNUMS       ; Print number string
77EF: E5      	        PUSH    HL              ; Save for return
77F0: 21E980  	NUMASC: LD      HL,PBUFF        ; Convert number to ASCII
77F3: E5      	        PUSH    HL              ; Save for return
77F4: CD4B76  	        CALL    TSTSGN          ; Test sign of FPREG
77F7: 3620    	        LD      (HL),' '        ; Space at start
77F9: F2FE77  	        JP      P,SPCFST        ; Positive - Space to start
77FC: 362D    	        LD      (HL),'-'        ; '-' sign at start
77FE: 23      	SPCFST: INC     HL              ; First byte of number
77FF: 3630    	        LD      (HL),'0'        ; '0' if zero
7801: CAB478  	        JP      Z,JSTZER        ; Return '0' if zero
7804: E5      	        PUSH    HL              ; Save buffer address
7805: FC7476  	        CALL    M,INVSGN        ; Negate FPREG if negative
7808: AF      	        XOR     A               ; Zero A
7809: F5      	        PUSH    AF              ; Save it
780A: CDBA78  	        CALL    RNGTST          ; Test number is in range
780D: 014391  	SIXDIG: LD      BC,9143H        ; BCDE - 99999.9
7810: 11F84F  	        LD      DE,4FF8H
7813: CDC676  	        CALL    CMPNUM          ; Compare numbers
7816: B7      	        OR      A
7817: E22B78  	        JP      PO,INRNG        ; > 99999.9 - Sort it out
781A: F1      	        POP     AF              ; Restore count
781B: CDA877  	        CALL    MULTEN          ; Multiply by ten
781E: F5      	        PUSH    AF              ; Re-save count
781F: C30D78  	        JP      SIXDIG          ; Test it again
              	
7822: CD9375  	GTSIXD: CALL    DIV10           ; Divide by 10
7825: F1      	        POP     AF              ; Get count
7826: 3C      	        INC     A               ; Count divides
7827: F5      	        PUSH    AF              ; Re-save count
7828: CDBA78  	        CALL    RNGTST          ; Test number is in range
782B: CDF373  	INRNG:  CALL    ROUND           ; Add 0.5 to FPREG
782E: 3C      	        INC     A
782F: CDF376  	        CALL    FPINT           ; F.P to integer
7832: CD8C76  	        CALL    FPBCDE          ; Move BCDE to FPREG
7835: 010603  	        LD      BC,0306H        ; 1E+06 to 1E-03 range
7838: F1      	        POP     AF              ; Restore count
7839: 81      	        ADD     A,C             ; 6 digits before point
783A: 3C      	        INC     A               ; Add one
783B: FA4778  	        JP      M,MAKNUM        ; Do it in 'E' form if < 1E-02
783E: FE08    	        CP      6+1+1           ; More than 999999 ?
7840: D24778  	        JP      NC,MAKNUM       ; Yes - Do it in 'E' form
7843: 3C      	        INC     A               ; Adjust for exponent
7844: 47      	        LD      B,A             ; Exponent of number
7845: 3E02    	        LD      A,2             ; Make it zero after
              	
7847: 3D      	MAKNUM: DEC     A               ; Adjust for digits to do
7848: 3D      	        DEC     A
7849: E1      	        POP     HL              ; Restore buffer address
784A: F5      	        PUSH    AF              ; Save count
784B: 11CD78  	        LD      DE,POWERS       ; Powers of ten
784E: 05      	        DEC     B               ; Count digits before point
784F: C25878  	        JP      NZ,DIGTXT       ; Not zero - Do number
7852: 362E    	        LD      (HL),'.'        ; Save point
7854: 23      	        INC     HL              ; Move on
7855: 3630    	        LD      (HL),'0'        ; Save zero
7857: 23      	        INC     HL              ; Move on
7858: 05      	DIGTXT: DEC     B               ; Count digits before point
7859: 362E    	        LD      (HL),'.'        ; Save point in case
785B: CCA176  	        CALL    Z,INCHL         ; Last digit - move on
785E: C5      	        PUSH    BC              ; Save digits before point
785F: E5      	        PUSH    HL              ; Save buffer address
7860: D5      	        PUSH    DE              ; Save powers of ten
7861: CD9776  	        CALL    BCDEFP          ; Move FPREG to BCDE
7864: E1      	        POP     HL              ; Powers of ten table
7865: 062F    	        LD      B, '0'-1        ; ASCII '0' - 1
7867: 04      	TRYAGN: INC     B               ; Count subtractions
7868: 7B      	        LD      A,E             ; Get LSB
7869: 96      	        SUB     (HL)            ; Subtract LSB
786A: 5F      	        LD      E,A             ; Save LSB
786B: 23      	        INC     HL
786C: 7A      	        LD      A,D             ; Get NMSB
786D: 9E      	        SBC     A,(HL)          ; Subtract NMSB
786E: 57      	        LD      D,A             ; Save NMSB
786F: 23      	        INC     HL
7870: 79      	        LD      A,C             ; Get MSB
7871: 9E      	        SBC     A,(HL)          ; Subtract MSB
7872: 4F      	        LD      C,A             ; Save MSB
7873: 2B      	        DEC     HL              ; Point back to start
7874: 2B      	        DEC     HL
7875: D26778  	        JP      NC,TRYAGN       ; No overflow - Try again
7878: CDAA74  	        CALL    PLUCDE          ; Restore number
787B: 23      	        INC     HL              ; Start of next number
787C: CD8C76  	        CALL    FPBCDE          ; Move BCDE to FPREG
787F: EB      	        EX      DE,HL           ; Save point in table
7880: E1      	        POP     HL              ; Restore buffer address
7881: 70      	        LD      (HL),B          ; Save digit in buffer
7882: 23      	        INC     HL              ; And move on
7883: C1      	        POP     BC              ; Restore digit count
7884: 0D      	        DEC     C               ; Count digits
7885: C25878  	        JP      NZ,DIGTXT       ; More - Do them
7888: 05      	        DEC     B               ; Any decimal part?
7889: CA9878  	        JP      Z,DOEBIT        ; No - Do 'E' bit
788C: 2B      	SUPTLZ: DEC     HL              ; Move back through buffer
788D: 7E      	        LD      A,(HL)          ; Get character
788E: FE30    	        CP      '0'             ; '0' character?
7890: CA8C78  	        JP      Z,SUPTLZ        ; Yes - Look back for more
7893: FE2E    	        CP      '.'             ; A decimal point?
7895: C4A176  	        CALL    NZ,INCHL        ; Move back over digit
              	
7898: F1      	DOEBIT: POP     AF              ; Get 'E' flag
7899: CAB778  	        JP      Z,NOENED        ; No 'E' needed - End buffer
789C: 3645    	        LD      (HL),'E'        ; Put 'E' in buffer
789E: 23      	        INC     HL              ; And move on
789F: 362B    	        LD      (HL),'+'        ; Put '+' in buffer
78A1: F2A878  	        JP      P,OUTEXP        ; Positive - Output exponent
78A4: 362D    	        LD      (HL),'-'        ; Put '-' in buffer
78A6: 2F      	        CPL                     ; Negate exponent
78A7: 3C      	        INC     A
78A8: 062F    	OUTEXP: LD      B,'0'-1         ; ASCII '0' - 1
78AA: 04      	EXPTEN: INC     B               ; Count subtractions
78AB: D60A    	        SUB     10              ; Tens digit
78AD: D2AA78  	        JP      NC,EXPTEN       ; More to do
78B0: C63A    	        ADD     A,'0'+10        ; Restore and make ASCII
78B2: 23      	        INC     HL              ; Move on
78B3: 70      	        LD      (HL),B          ; Save MSB of exponent
78B4: 23      	JSTZER: INC     HL              ;
78B5: 77      	        LD      (HL),A          ; Save LSB of exponent
78B6: 23      	        INC     HL
78B7: 71      	NOENED: LD      (HL),C          ; Mark end of buffer
78B8: E1      	        POP     HL              ; Restore code string address
78B9: C9      	        RET
              	
78BA: 017494  	RNGTST: LD      BC,9474H        ; BCDE = 999999.
78BD: 11F723  	        LD      DE,23F7H
78C0: CDC676  	        CALL    CMPNUM          ; Compare numbers
78C3: B7      	        OR      A
78C4: E1      	        POP     HL              ; Return address to HL
78C5: E22278  	        JP      PO,GTSIXD       ; Too big - Divide by ten
78C8: E9      	        JP      (HL)            ; Otherwise return to caller
              	
78C9: 00000080	HALF:   .BYTE      00H,00H,00H,80H ; 0.5
              	
78CD: A08601  	POWERS: .BYTE      0A0H,086H,001H  ; 100000
78D0: 102700  	        .BYTE      010H,027H,000H  ;  10000
78D3: E80300  	        .BYTE      0E8H,003H,000H  ;   1000
78D6: 640000  	        .BYTE      064H,000H,000H  ;    100
78D9: 0A0000  	        .BYTE      00AH,000H,000H  ;     10
78DC: 010000  	        .BYTE      001H,000H,000H  ;      1
              	
78DF: 217476  	NEGAFT: LD  HL,INVSGN           ; Negate result
78E2: E3      	        EX      (SP),HL         ; To be done after caller
78E3: E9      	        JP      (HL)            ; Return to caller
              	
78E4: CD7C76  	SQR:    CALL    STAKFP          ; Put value on stack
78E7: 21C978  	        LD      HL,HALF         ; Set power to 1/2
78EA: CD8976  	        CALL    PHLTFP          ; Move 1/2 to FPREG
              	
78ED: C1      	POWER:  POP     BC              ; Get base
78EE: D1      	        POP     DE
78EF: CD4B76  	        CALL    TSTSGN          ; Test sign of power
78F2: 78      	        LD      A,B             ; Get exponent of base
78F3: CA3279  	        JP      Z,EXP           ; Make result 1 if zero
78F6: F2FD78  	        JP      P,POWER1        ; Positive base - Ok
78F9: B7      	        OR      A               ; Zero to negative power?
78FA: CA9763  	        JP      Z,DZERR         ; Yes - ?/0 Error
78FD: B7      	POWER1: OR      A               ; Base zero?
78FE: CA6C74  	        JP      Z,SAVEXP        ; Yes - Return zero
7901: D5      	        PUSH    DE              ; Save base
7902: C5      	        PUSH    BC
7903: 79      	        LD      A,C             ; Get MSB of base
7904: F67F    	        OR      01111111B       ; Get sign status
7906: CD9776  	        CALL    BCDEFP          ; Move power to BCDE
7909: F21A79  	        JP      P,POWER2        ; Positive base - Ok
790C: D5      	        PUSH    DE              ; Save power
790D: C5      	        PUSH    BC
790E: CD1E77  	        CALL    INT             ; Get integer of power
7911: C1      	        POP     BC              ; Restore power
7912: D1      	        POP     DE
7913: F5      	        PUSH    AF              ; MSB of base
7914: CDC676  	        CALL    CMPNUM          ; Power an integer?
7917: E1      	        POP     HL              ; Restore MSB of base
7918: 7C      	        LD      A,H             ; but don't affect flags
7919: 1F      	        RRA                     ; Exponent odd or even?
791A: E1      	POWER2: POP     HL              ; Restore MSB and exponent
791B: 22E680  	        LD      (FPREG+2),HL    ; Save base in FPREG
791E: E1      	        POP     HL              ; LSBs of base
791F: 22E480  	        LD      (FPREG),HL      ; Save in FPREG
7922: DCDF78  	        CALL    C,NEGAFT        ; Odd power - Negate result
7925: CC7476  	        CALL    Z,INVSGN        ; Negative base - Negate it
7928: D5      	        PUSH    DE              ; Save power
7929: C5      	        PUSH    BC
792A: CDFF74  	        CALL    LOG             ; Get LOG of base
792D: C1      	        POP     BC              ; Restore power
792E: D1      	        POP     DE
792F: CD4075  	        CALL    FPMULT          ; Multiply LOG by power
              	
7932: CD7C76  	EXP:    CALL    STAKFP          ; Put value on stack
7935: 013881  	        LD      BC,08138H       ; BCDE = 1/Ln(2)
7938: 113BAA  	        LD      DE,0AA3BH
793B: CD4075  	        CALL    FPMULT          ; Multiply value by 1/LN(2)
793E: 3AE780  	        LD      A,(FPEXP)       ; Get exponent
7941: FE88    	        CP      80H+8           ; Is it in range?
7943: D22776  	        JP      NC,OVTST1       ; No - Test for overflow
7946: CD1E77  	        CALL    INT             ; Get INT of FPREG
7949: C680    	        ADD     A,80H           ; For excess 128
794B: C602    	        ADD     A,2             ; Exponent > 126?
794D: DA2776  	        JP      C,OVTST1        ; Yes - Test for overflow
7950: F5      	        PUSH    AF              ; Save scaling factor
7951: 21EE74  	        LD      HL,UNITY        ; Point to 1.
7954: CDF673  	        CALL    ADDPHL          ; Add 1 to FPREG
7957: CD3775  	        CALL    MULLN2          ; Multiply by LN(2)
795A: F1      	        POP     AF              ; Restore scaling factor
795B: C1      	        POP     BC              ; Restore exponent
795C: D1      	        POP     DE
795D: F5      	        PUSH    AF              ; Save scaling factor
795E: CD0274  	        CALL    SUBCDE          ; Subtract exponent from FPREG
7961: CD7476  	        CALL    INVSGN          ; Negate result
7964: 217279  	        LD      HL,EXPTAB       ; Coefficient table
7967: CDA279  	        CALL    SMSER1          ; Sum the series
796A: 110000  	        LD      DE,0            ; Zero LSBs
796D: C1      	        POP     BC              ; Scaling factor
796E: 4A      	        LD      C,D             ; Zero MSB
796F: C34075  	        JP      FPMULT          ; Scale result to correct value
              	
7972: 08      	EXPTAB: .BYTE      8                       ; Table used by EXP
7973: 402E9474	        .BYTE      040H,02EH,094H,074H     ; -1/7! (-1/5040)
7977: 704F2E77	        .BYTE      070H,04FH,02EH,077H     ;  1/6! ( 1/720)
797B: 6E02887A	        .BYTE      06EH,002H,088H,07AH     ; -1/5! (-1/120)
797F: E6A02A7C	        .BYTE      0E6H,0A0H,02AH,07CH     ;  1/4! ( 1/24)
7983: 50AAAA7E	        .BYTE      050H,0AAH,0AAH,07EH     ; -1/3! (-1/6)
7987: FFFF7F7F	        .BYTE      0FFH,0FFH,07FH,07FH     ;  1/2! ( 1/2)
798B: 00008081	        .BYTE      000H,000H,080H,081H     ; -1/1! (-1/1)
798F: 00000081	        .BYTE      000H,000H,000H,081H     ;  1/0! ( 1/1)
              	
7993: CD7C76  	SUMSER: CALL    STAKFP          ; Put FPREG on stack
7996: 113E75  	        LD      DE,MULT         ; Multiply by "X"
7999: D5      	        PUSH    DE              ; To be done after
799A: E5      	        PUSH    HL              ; Save address of table
799B: CD9776  	        CALL    BCDEFP          ; Move FPREG to BCDE
799E: CD4075  	        CALL    FPMULT          ; Square the value
79A1: E1      	        POP     HL              ; Restore address of table
79A2: CD7C76  	SMSER1: CALL    STAKFP          ; Put value on stack
79A5: 7E      	        LD      A,(HL)          ; Get number of coefficients
79A6: 23      	        INC     HL              ; Point to start of table
79A7: CD8976  	        CALL    PHLTFP          ; Move coefficient to FPREG
79AA: 06      	        .BYTE      06H             ; Skip "POP AF"
79AB: F1      	SUMLP:  POP     AF              ; Restore count
79AC: C1      	        POP     BC              ; Restore number
79AD: D1      	        POP     DE
79AE: 3D      	        DEC     A               ; Cont coefficients
79AF: C8      	        RET     Z               ; All done
79B0: D5      	        PUSH    DE              ; Save number
79B1: C5      	        PUSH    BC
79B2: F5      	        PUSH    AF              ; Save count
79B3: E5      	        PUSH    HL              ; Save address in table
79B4: CD4075  	        CALL    FPMULT          ; Multiply FPREG by BCDE
79B7: E1      	        POP     HL              ; Restore address in table
79B8: CD9A76  	        CALL    LOADFP          ; Number at HL to BCDE
79BB: E5      	        PUSH    HL              ; Save address in table
79BC: CD0574  	        CALL    FPADD           ; Add coefficient to FPREG
79BF: E1      	        POP     HL              ; Restore address in table
79C0: C3AB79  	        JP      SUMLP           ; More coefficients
              	
79C3: CD4B76  	RND:    CALL    TSTSGN          ; Test sign of FPREG
79C6: 211980  	        LD      HL,SEED+2       ; Random number seed
79C9: FA247A  	        JP      M,RESEED        ; Negative - Re-seed
79CC: 213A80  	        LD      HL,LSTRND       ; Last random number
79CF: CD8976  	        CALL    PHLTFP          ; Move last RND to FPREG
79D2: 211980  	        LD      HL,SEED+2       ; Random number seed
79D5: C8      	        RET     Z               ; Return if RND(0)
79D6: 86      	        ADD     A,(HL)          ; Add (SEED)+2)
79D7: E607    	        AND     00000111B       ; 0 to 7
79D9: 0600    	        LD      B,0
79DB: 77      	        LD      (HL),A          ; Re-save seed
79DC: 23      	        INC     HL              ; Move to coefficient table
79DD: 87      	        ADD     A,A             ; 4 bytes
79DE: 87      	        ADD     A,A             ; per entry
79DF: 4F      	        LD      C,A             ; BC = Offset into table
79E0: 09      	        ADD     HL,BC           ; Point to coefficient
79E1: CD9A76  	        CALL    LOADFP          ; Coefficient to BCDE
79E4: CD4075  	        CALL    FPMULT  ;       ; Multiply FPREG by coefficient
79E7: 3A1880  	        LD      A,(SEED+1)      ; Get (SEED+1)
79EA: 3C      	        INC     A               ; Add 1
79EB: E603    	        AND     00000011B       ; 0 to 3
79ED: 0600    	        LD      B,0
79EF: FE01    	        CP      1               ; Is it zero?
79F1: 88      	        ADC     A,B             ; Yes - Make it 1
79F2: 321880  	        LD      (SEED+1),A      ; Re-save seed
79F5: 21287A  	        LD      HL,RNDTAB-4     ; Addition table
79F8: 87      	        ADD     A,A             ; 4 bytes
79F9: 87      	        ADD     A,A             ; per entry
79FA: 4F      	        LD      C,A             ; BC = Offset into table
79FB: 09      	        ADD     HL,BC           ; Point to value
79FC: CDF673  	        CALL    ADDPHL          ; Add value to FPREG
79FF: CD9776  	RND1:   CALL    BCDEFP          ; Move FPREG to BCDE
7A02: 7B      	        LD      A,E             ; Get LSB
7A03: 59      	        LD      E,C             ; LSB = MSB
7A04: EE4F    	        XOR     01001111B       ; Fiddle around
7A06: 4F      	        LD      C,A             ; New MSB
7A07: 3680    	        LD      (HL),80H        ; Set exponent
7A09: 2B      	        DEC     HL              ; Point to MSB
7A0A: 46      	        LD      B,(HL)          ; Get MSB
7A0B: 3680    	        LD      (HL),80H        ; Make value -0.5
7A0D: 211780  	        LD      HL,SEED         ; Random number seed
7A10: 34      	        INC     (HL)            ; Count seed
7A11: 7E      	        LD      A,(HL)          ; Get seed
7A12: D6AB    	        SUB     171             ; Do it modulo 171
7A14: C21B7A  	        JP      NZ,RND2         ; Non-zero - Ok
7A17: 77      	        LD      (HL),A          ; Zero seed
7A18: 0C      	        INC     C               ; Fillde about
7A19: 15      	        DEC     D               ; with the
7A1A: 1C      	        INC     E               ; number
7A1B: CD5674  	RND2:   CALL    BNORM           ; Normalise number
7A1E: 213A80  	        LD      HL,LSTRND       ; Save random number
7A21: C3A376  	        JP      FPTHL           ; Move FPREG to last and return
              	
7A24: 77      	RESEED: LD      (HL),A          ; Re-seed random numbers
7A25: 2B      	        DEC     HL
7A26: 77      	        LD      (HL),A
7A27: 2B      	        DEC     HL
7A28: 77      	        LD      (HL),A
7A29: C3FF79  	        JP      RND1            ; Return RND seed
              	
7A2C: 68B14668	RNDTAB: .BYTE   068H,0B1H,046H,068H     ; Table used by RND
7A30: 99E99269	        .BYTE   099H,0E9H,092H,069H
7A34: 10D17568	        .BYTE   010H,0D1H,075H,068H
              	
7A38: 21827A  	COS:    LD      HL,HALFPI       ; Point to PI/2
7A3B: CDF673  	        CALL    ADDPHL          ; Add it to PPREG
7A3E: CD7C76  	SIN:    CALL    STAKFP          ; Put angle on stack
7A41: 014983  	        LD      BC,8349H        ; BCDE = 2 PI
7A44: 11DB0F  	        LD      DE,0FDBH
7A47: CD8C76  	        CALL    FPBCDE          ; Move 2 PI to FPREG
7A4A: C1      	        POP     BC              ; Restore angle
7A4B: D1      	        POP     DE
7A4C: CDA175  	        CALL    DVBCDE          ; Divide angle by 2 PI
7A4F: CD7C76  	        CALL    STAKFP          ; Put it on stack
7A52: CD1E77  	        CALL    INT             ; Get INT of result
7A55: C1      	        POP     BC              ; Restore number
7A56: D1      	        POP     DE
7A57: CD0274  	        CALL    SUBCDE          ; Make it 0 <= value < 1
7A5A: 21867A  	        LD      HL,QUARTR       ; Point to 0.25
7A5D: CDFC73  	        CALL    SUBPHL          ; Subtract value from 0.25
7A60: CD4B76  	        CALL    TSTSGN          ; Test sign of value
7A63: 37      	        SCF                     ; Flag positive
7A64: F26E7A  	        JP      P,SIN1          ; Positive - Ok
7A67: CDF373  	        CALL    ROUND           ; Add 0.5 to value
7A6A: CD4B76  	        CALL    TSTSGN          ; Test sign of value
7A6D: B7      	        OR      A               ; Flag negative
7A6E: F5      	SIN1:   PUSH    AF              ; Save sign
7A6F: F47476  	        CALL    P,INVSGN        ; Negate value if positive
7A72: 21867A  	        LD      HL,QUARTR       ; Point to 0.25
7A75: CDF673  	        CALL    ADDPHL          ; Add 0.25 to value
7A78: F1      	        POP     AF              ; Restore sign
7A79: D47476  	        CALL    NC,INVSGN       ; Negative - Make positive
7A7C: 218A7A  	        LD      HL,SINTAB       ; Coefficient table
7A7F: C39379  	        JP      SUMSER          ; Evaluate sum of series
              	
7A82: DB0F4981	HALFPI: .BYTE   0DBH,00FH,049H,081H     ; 1.5708 (PI/2)
              	
7A86: 0000007F	QUARTR: .BYTE   000H,000H,000H,07FH     ; 0.25
              	
7A8A: 05      	SINTAB: .BYTE   5                       ; Table used by SIN
7A8B: BAD71E86	        .BYTE   0BAH,0D7H,01EH,086H     ; 39.711
7A8F: 64269987	        .BYTE   064H,026H,099H,087H     ;-76.575
7A93: 58342387	        .BYTE   058H,034H,023H,087H     ; 81.602
7A97: E05DA586	        .BYTE   0E0H,05DH,0A5H,086H     ;-41.342
7A9B: DA0F4983	        .BYTE   0DAH,00FH,049H,083H     ;  6.2832
              	
7A9F: CD7C76  	TAN:    CALL    STAKFP          ; Put angle on stack
7AA2: CD3E7A  	        CALL    SIN             ; Get SIN of angle
7AA5: C1      	        POP     BC              ; Restore angle
7AA6: E1      	        POP     HL
7AA7: CD7C76  	        CALL    STAKFP          ; Save SIN of angle
7AAA: EB      	        EX      DE,HL           ; BCDE = Angle
7AAB: CD8C76  	        CALL    FPBCDE          ; Angle to FPREG
7AAE: CD387A  	        CALL    COS             ; Get COS of angle
7AB1: C39F75  	        JP      DIV             ; TAN = SIN / COS
              	
7AB4: CD4B76  	ATN:    CALL    TSTSGN          ; Test sign of value
7AB7: FCDF78  	        CALL    M,NEGAFT        ; Negate result after if -ve
7ABA: FC7476  	        CALL    M,INVSGN        ; Negate value if -ve
7ABD: 3AE780  	        LD      A,(FPEXP)       ; Get exponent
7AC0: FE81    	        CP      81H             ; Number less than 1?
7AC2: DAD17A  	        JP      C,ATN1          ; Yes - Get arc tangnt
7AC5: 010081  	        LD      BC,8100H        ; BCDE = 1
7AC8: 51      	        LD      D,C
7AC9: 59      	        LD      E,C
7ACA: CDA175  	        CALL    DVBCDE          ; Get reciprocal of number
7ACD: 21FC73  	        LD      HL,SUBPHL       ; Sub angle from PI/2
7AD0: E5      	        PUSH    HL              ; Save for angle > 1
7AD1: 21DB7A  	ATN1:   LD      HL,ATNTAB       ; Coefficient table
7AD4: CD9379  	        CALL    SUMSER          ; Evaluate sum of series
7AD7: 21827A  	        LD      HL,HALFPI       ; PI/2 - angle in case > 1
7ADA: C9      	        RET                     ; Number > 1 - Sub from PI/2
              	
7ADB: 09      	ATNTAB: .BYTE   9                       ; Table used by ATN
7ADC: 4AD73B78	        .BYTE   04AH,0D7H,03BH,078H     ; 1/17
7AE0: 026E847B	        .BYTE   002H,06EH,084H,07BH     ;-1/15
7AE4: FEC12F7C	        .BYTE   0FEH,0C1H,02FH,07CH     ; 1/13
7AE8: 74319A7D	        .BYTE   074H,031H,09AH,07DH     ;-1/11
7AEC: 843D5A7D	        .BYTE   084H,03DH,05AH,07DH     ; 1/9
7AF0: C87F917E	        .BYTE   0C8H,07FH,091H,07EH     ;-1/7
7AF4: E4BB4C7E	        .BYTE   0E4H,0BBH,04CH,07EH     ; 1/5
7AF8: 6CAAAA7F	        .BYTE   06CH,0AAH,0AAH,07FH     ;-1/3
7AFC: 00000081	        .BYTE   000H,000H,000H,081H     ; 1/1
              	
              	
7B00: C9      	ARET:   RET                     ; A RETurn instruction
              	
7B01: D7      	GETINP: RST	    10H             ;input a character
7B02: C9      	        RET
              	
7B03:         	CLS: 
7B03: 3E0C    	        LD      A,CS            ; ASCII Clear screen
7B05: C33D7C  	        JP      MONOUT          ; Output character
              	
7B08: CDCA73  	WIDTH:  CALL    GETINT          ; Get integer 0-255
7B0B: 7B      	        LD      A,E             ; Width to A
7B0C: 324280  	        LD      (LWIDTH),A      ; Set width
7B0F: C9      	        RET
              	
7B10: CD696C  	LINES:  CALL    GETNUM          ; Get a number
7B13: CDAE68  	        CALL    DEINT           ; Get integer -32768 to 32767
7B16: ED534680	        LD      (LINESC),DE     ; Set lines counter
7B1A: ED534880	        LD      (LINESN),DE     ; Set lines number
7B1E: C9      	        RET
              	
7B1F: CDAE68  	DEEK:   CALL    DEINT           ; Get integer -32768 to 32767
7B22: D5      	        PUSH    DE              ; Save number
7B23: E1      	        POP     HL              ; Number to HL
7B24: 46      	        LD      B,(HL)          ; Get LSB of contents
7B25: 23      	        INC     HL
7B26: 7E      	        LD      A,(HL)          ; Get MSB of contents
7B27: C32470  	        JP      ABPASS          ; Return integer AB
              	
7B2A: CD696C  	DOKE:   CALL    GETNUM          ; Get a number
7B2D: CDAE68  	        CALL    DEINT           ; Get integer -32768 to 32767
7B30: D5      	        PUSH    DE              ; Save address
7B31: CD6266  	        CALL    CHKSYN          ; Make sure ',' follows
7B34: 2C      	        .BYTE      ','
7B35: CD696C  	        CALL    GETNUM          ; Get a number
7B38: CDAE68  	        CALL    DEINT           ; Get integer -32768 to 32767
7B3B: E3      	        EX      (SP),HL         ; Save value,get address
7B3C: 73      	        LD      (HL),E          ; Save LSB of value
7B3D: 23      	        INC     HL
7B3E: 72      	        LD      (HL),D          ; Save MSB of value
7B3F: E1      	        POP     HL              ; Restore code string address
7B40: C9      	        RET
              	
              	
              	; HEX$(nn) Convert 16 bit number to Hexadecimal string
              	
7B41: CD6C6C  	HEX: 	CALL	TSTNUM          ; Verify it's a number
7B44: CDAE68  	        CALL	DEINT           ; Get integer -32768 to 32767
7B47: C5      	        PUSH	BC              ; Save contents of BC
7B48: 21E980  	        LD	    HL,PBUFF
7B4B: 7A      	        LD	    A,D             ; Get high order into A
7B4C: FE00    	        CP      $0
7B4E: 280C    			JR      Z,HEX2          ; Skip output if both high digits are zero
7B50: CD797B  	        CALL    BYT2ASC         ; Convert D to ASCII
7B53: 78      			LD      A,B
7B54: FE30    			CP      '0'
7B56: 2802    			JR      Z,HEX1          ; Don't store high digit if zero
7B58: 70      	        LD	    (HL),B          ; Store it to PBUFF
7B59: 23      	        INC	    HL              ; Next location
7B5A: 71      	HEX1:   LD	    (HL),C          ; Store C to PBUFF+1
7B5B: 23      	        INC     HL              ; Next location
7B5C: 7B      	HEX2:   LD	    A,E             ; Get lower byte
7B5D: CD797B  	        CALL    BYT2ASC         ; Convert E to ASCII
7B60: 7A      			LD      A,D
7B61: FE00    	        CP      $0
7B63: 2005    			JR      NZ,HEX3         ; If upper byte was not zero then always print lower byte
7B65: 78      			LD      A,B
7B66: FE30    			CP      '0'             ; If high digit of lower byte is zero then don't print
7B68: 2802    			JR      Z,HEX4
7B6A: 70      	HEX3:   LD      (HL),B          ; to PBUFF+2
7B6B: 23      	        INC     HL              ; Next location
7B6C: 71      	HEX4:   LD      (HL),C          ; to PBUFF+3
7B6D: 23      	        INC     HL              ; PBUFF+4 to zero
7B6E: AF      	        XOR     A               ; Terminating character
7B6F: 77      	        LD      (HL),A          ; Store zero to terminate
7B70: 23      	        INC     HL              ; Make sure PBUFF is terminated
7B71: 77      	        LD      (HL),A          ; Store the double zero there
7B72: C1      	        POP     BC              ; Get BC back
7B73: 21E980  	        LD      HL,PBUFF        ; Reset to start of PBUFF
7B76: C3D270  	        JP      STR1            ; Convert the PBUFF to a string and return it
              	
7B79: 47      	BYT2ASC	LD      B,A             ; Save original value
7B7A: E60F    	        AND     $0F             ; Strip off upper nybble
7B7C: FE0A    	        CP      $0A             ; 0-9?
7B7E: 3802    	        JR      C,ADD30         ; If A-F, add 7 more
7B80: C607    	        ADD     A,$07           ; Bring value up to ASCII A-F
7B82: C630    	ADD30	ADD     A,$30           ; And make ASCII
7B84: 4F      	        LD      C,A             ; Save converted char to C
7B85: 78      	        LD      A,B             ; Retrieve original value
7B86: 0F      	        RRCA                    ; and Rotate it right
7B87: 0F      	        RRCA
7B88: 0F      	        RRCA
7B89: 0F      	        RRCA
7B8A: E60F    	        AND     $0F             ; Mask off upper nybble
7B8C: FE0A    	        CP      $0A             ; 0-9? < A hex?
7B8E: 3802    	        JR      C,ADD301        ; Skip Add 7
7B90: C607    	        ADD     A,$07           ; Bring it up to ASCII A-F
7B92: C630    	ADD301	ADD     A,$30           ; And make it full ASCII
7B94: 47      	        LD      B,A             ; Store high order byte
7B95: C9      	        RET	
              	
              	; Convert "&Hnnnn" to FPREG
              	; Gets a character from (HL) checks for Hexadecimal ASCII numbers "&Hnnnn"
              	; Char is in A, NC if char is ;<=>?@ A-z, CY is set if 0-9
7B96: EB      	HEXTFP  EX      DE,HL           ; Move code string pointer to DE
7B97: 210000  	        LD      HL,$0000        ; Zero out the value
7B9A: CDAF7B  	        CALL    GETHEX          ; Check the number for valid hex
7B9D: DACF7B  	        JP      C,HXERR         ; First value wasn't hex, HX error
7BA0: 1805    	        JR      HEXLP1          ; Convert first character
7BA2: CDAF7B  	HEXLP   CALL    GETHEX          ; Get second and addtional characters
7BA5: 381F    	        JR      C,HEXIT         ; Exit if not a hex character
7BA7: 29      	HEXLP1  ADD     HL,HL           ; Rotate 4 bits to the left
7BA8: 29      	        ADD     HL,HL
7BA9: 29      	        ADD     HL,HL
7BAA: 29      	        ADD     HL,HL
7BAB: B5      	        OR      L               ; Add in D0-D3 into L
7BAC: 6F      	        LD      L,A             ; Save new value
7BAD: 18F3    	        JR      HEXLP           ; And continue until all hex characters are in
              	
7BAF: 13      	GETHEX  INC     DE              ; Next location
7BB0: 1A      	        LD      A,(DE)          ; Load character at pointer
7BB1: FE20    	        CP      ' '
7BB3: CAAF7B  	        JP      Z,GETHEX        ; Skip spaces
7BB6: D630    	        SUB     $30             ; Get absolute value
7BB8: D8      	        RET     C               ; < "0", error
7BB9: FE0A    	        CP      $0A
7BBB: 3805    	        JR      C,NOSUB7        ; Is already in the range 0-9
7BBD: D607    	        SUB     $07             ; Reduce to A-F
7BBF: FE0A    	        CP      $0A             ; Value should be $0A-$0F at this point
7BC1: D8      	        RET     C               ; CY set if was :            ; < = > ? @
7BC2: FE10    	NOSUB7  CP      $10             ; > Greater than "F"?
7BC4: 3F      	        CCF
7BC5: C9      	        RET                     ; CY set if it wasn't valid hex
              	    
7BC6: EB      	HEXIT   EX      DE,HL           ; Value into DE, Code string into HL
7BC7: 7A      	        LD      A,D             ; Load DE into AC
7BC8: 4B      	        LD      C,E             ; For prep to 
7BC9: E5      	        PUSH    HL
7BCA: CD2370  	        CALL    ACPASS          ; ACPASS to set AC as integer into FPREG
7BCD: E1      	        POP     HL
7BCE: C9      	        RET
              	
7BCF: 1E26    	HXERR:  LD      E,HX            ; ?HEX Error
7BD1: C3A863  	        JP      ERROR
              	
              	; BIN$(NN) Convert integer to a 1-16 char binary string
7BD4: CD6C6C  	BIN:    CALL    TSTNUM          ; Verify it's a number
7BD7: CDAE68  	        CALL    DEINT           ; Get integer -32768 to 32767
7BDA: C5      	BIN2:   PUSH    BC              ; Save contents of BC
7BDB: 21E980  	        LD      HL,PBUFF
7BDE: 0611    	        LD      B,17            ; One higher than max char count
7BE0:         	ZEROSUP:                        ; Suppress leading zeros
7BE0: 05      	        DEC     B               ; Max 16 chars
7BE1: 78      	        LD      A,B
7BE2: FE01    	        CP      $01
7BE4: 2808    	        JR      Z,BITOUT        ; Always output at least one character
7BE6: CB13    	        RL      E
7BE8: CB12    	        RL      D
7BEA: 30F4    	        JR      NC,ZEROSUP
7BEC: 1804    	        JR      BITOUT2
7BEE:         	BITOUT:      
7BEE: CB13    	        RL      E
7BF0: CB12    	        RL      D               ; Top bit now in carry
7BF2:         	BITOUT2:
7BF2: 3E30    	        LD      A,'0'           ; Char for '0'
7BF4: CE00    	        ADC     A,0             ; If carry set then '0' --> '1'
7BF6: 77      	        LD      (HL),A
7BF7: 23      	        INC     HL
7BF8: 05      	        DEC     B
7BF9: 20F3    	        JR      NZ,BITOUT
7BFB: AF      	        XOR     A               ; Terminating character
7BFC: 77      	        LD      (HL),A          ; Store zero to terminate
7BFD: 23      	        INC     HL              ; Make sure PBUFF is terminated
7BFE: 77      	        LD      (HL),A          ; Store the double zero there
7BFF: C1      	        POP     BC
7C00: 21E980  	        LD      HL,PBUFF
7C03: C3D270  	        JP      STR1
              	
              	; Convert "&Bnnnn" to FPREG
              	; Gets a character from (HL) checks for Binary ASCII numbers "&Bnnnn"
7C06: EB      	BINTFP: EX      DE,HL           ; Move code string pointer to DE
7C07: 210000  	        LD      HL,$0000        ; Zero out the value
7C0A: CD237C  	        CALL    CHKBIN          ; Check the number for valid bin
7C0D: DA317C  	        JP      C,BINERR        ; First value wasn't bin, HX error
7C10: D630    	BINIT:  SUB     '0'
7C12: 29      	        ADD     HL,HL           ; Rotate HL left
7C13: B5      	        OR      L
7C14: 6F      	        LD      L,A
7C15: CD237C  	        CALL    CHKBIN          ; Get second and addtional characters
7C18: 30F6    	        JR      NC,BINIT        ; Process if a bin character
7C1A: EB      	        EX      DE,HL           ; Value into DE, Code string into HL
7C1B: 7A      	        LD      A,D             ; Load DE into AC
7C1C: 4B      	        LD      C,E             ; For prep to 
7C1D: E5      	        PUSH    HL
7C1E: CD2370  	        CALL    ACPASS          ; ACPASS to set AC as integer into FPREG
7C21: E1      	        POP     HL
7C22: C9      	        RET
              	
              	; Char is in A, NC if char is 0 or 1
7C23: 13      	CHKBIN: INC     DE
7C24: 1A      	        LD      A,(DE)
7C25: FE20    	        CP      ' '
7C27: CA237C  	        JP      Z,CHKBIN        ; Skip spaces
7C2A: FE30    	        CP      '0'             ; Set C if < '0'
7C2C: D8      	        RET     C
7C2D: FE32    	        CP      '2'
7C2F: 3F      	        CCF                     ; Set C if > '1'
7C30: C9      	        RET
              	
7C31: 1E28    	BINERR: LD      E,BN            ; ?BIN Error
7C33: C3A863  	        JP      ERROR
              	
              	
7C36:         	JJUMP1: 
7C36: DD21FFFF	        LD      IX,-1           ; Flag cold start
7C3A: C31160  	        JP      CSTART          ; Go and initialise
              	
7C3D:         	MONOUT: 
7C3D: C30800  	        JP      $0008           ; output a char
              	
              	
7C40:         	MONITR: 
7C40: C30000  	        JP      $0000           ; Restart (Normally Monitor Start)
              	
              	
7C43: 3E00    	INITST: LD      A,0             ; Clear break flag
7C45: 324D80  	        LD      (BRKFLG),A
7C48: C31860  	        JP      INIT
              	
7C4B: ED45    	ARETN:  RETN                    ; Return from NMI
              	
              	
7C4D: F5      	TSTBIT: PUSH    AF              ; Save bit mask
7C4E: A0      	        AND     B               ; Get common bits
7C4F: C1      	        POP     BC              ; Restore bit mask
7C50: B8      	        CP      B               ; Same bit set?
7C51: 3E00    	        LD      A,0             ; Return 0 in A
7C53: C9      	        RET
              	
7C54: CD6D66  	OUTNCR: CALL    OUTC            ; Output character in A
7C57: C3A46A  	        JP      PRNTCRLF        ; Output CRLF
              	
7C5A:         	EELOAD:
7C5A: F5      	        PUSH AF
7C5B: E5      	        PUSH HL
7C5C: D5      	        PUSH DE
7C5D: C5      	        PUSH BC
              	
7C5E: 110000  	        LD DE, $0000
7C61: 210080  	        LD HL, $8000 ; BASIC
7C64: 010020  	        LD BC, $2000 ; copy 8kb from EEPROM I2C
              	        ;CALL I2CMEMTOCPU_BASIC
              	
7C67: 3E0D    	        LD A, CR ; new line
7C69: CD3D7C  	        CALL MONOUT
              	
7C6C: C1      	        POP BC
7C6D: D1      	        POP DE
7C6E: E1      	        POP HL
7C6F: F1      	        POP AF 
7C70: C9      	        RET
              	
              	
7C71:         	EESAVE:
7C71: F5      	        PUSH AF
7C72: E5      	        PUSH HL
7C73: D5      	        PUSH DE
7C74: C5      	        PUSH BC
              	
7C75: 210080  	        LD HL, $8000
7C78: 110000  	        LD DE, $0000
7C7B: 010020  	        LD BC, $2000 ; save 8kb to EEPROM I2C
              	        ;CALL I2CCPUTOMEM_BASIC
              	
7C7E: 3E0D    	        LD A, CR ; new line
7C80: CD3D7C  	        CALL MONOUT
              	
7C83: C1      	        POP BC
7C84: D1      	        POP DE
7C85: E1      	        POP HL
7C86: F1      	        POP AF
7C87: C9      	        RET
              	
              	
7C88:         	diego:
7C88: 3E01    	        LD a, 1
7C8A: D310    	        OUT($10),A
7C8C: C3DF63  	        JP PRNTOK
              	
7C8F:         	cruz:
7C8F: CDCA73  	        CALL GETINT
7C92: 7B      	        LD A, E
7C93: D310    	        OUT($10), A 
7C95: C9      	        RET
7C96: C3DF63  	        JP PRNTOK
              	
              	;.end
              	
              	
              	
              	; RAM AREA
              	.ORG $F000              ;Start location
F000: 0000    	RST38:	DW 0000H 	    ;INT INTERRUPT JUMP
F002: 0000    	RST66:	DW 0000H 	    ;NMI INTERRUPT JUMP
              	
              	; DISPLAY GRAFICO
0780:         	SBUF:   EQU 16 * $78     ;Scroll Buffer size  16 * 60 = 960 byte (10 lines), change to 20 lines (16 * 120($78))
F004: FFFFFFFF	        DS SBUF         ;Scroll Buffer space abover GBUF 
F008: FF...   	
F784: FFFFFFFF	GBUF:   DS 0400H        ;Graphics Buffer 16 * 64 = 1024 byte
F788: FF...   	
F784:         	TGBUF:  EQU GBUF        ;Terminal GBUF
FB84: 84F7    	VPORT:  DW GBUF         ;View port start address
FB86: 84F7    	TBUF:   DW GBUF         ;Top of Buffer pointer
FB88: 0000    	ENDPT:  DW 0000H        ;End Point for Line
FB8A: 00      	SX:     DB 00H          ;Sign of X
FB8B: 00      	SY:     DB 00H          ;Sign of Y
FB8C: 0000    	DX:     DW 0000H        ;Change of X
FB8E: 0000    	DY:     DW 0000H        ;Change of Y
FB90: 0000    	ERR:    DW 0000H        ;Error Rate
FB92: 0000    	RAD:    DW 0000H        ;Radius
FB94: 00      	CLRBUF: DB 00H          ;Clear Buffer Flag on LCD Displaying
FB95: 0000    	CURSOR_XY: DW 0000H     ;Cursor Address X,Y
FB95:         	CURSOR_Y: EQU CURSOR_XY   ;Cursor Y
FB96:         	CURSOR_X: EQU CURSOR_XY+1 ;Cursor X
FB97: 00      	CURSOR_YS: DB 00H       ;Start Y row for new line
FB98: 00      	CURSOR_ON: DB 00H       ;Cursor on/off flag
FB99: 00      	INVERSE: DB 00H         ;Inverse Flag
FB9A: 00      	PIXEL_X: DB 00H         ;Pixel X length
FB9B: 00      	ULINE: DB 00H   ;Underline flag
FB9C: 00      	AUTO_LF: DB 00H   ;Auto line feed flag
FB9D: 00      	PLOT_ALWAYS: DB 00H   ;Plot always flag
              	
              	; PORTA SERIAL
FB9E: 0000    	PUTCH:  DW  0000H       ; Serial
FBA0: 0000    	GETCH:  DW  0000H       ; Serial
              	
              	; TECLADO
FBA2: 00      	MEN_SHIFT: DB 00H
FBA3: 00      	MEN_CAPSL: DB 00H
FBA4: 00      	KEY_PRESS: DB 00H
FBA5: 0606    	MEN_CURSR: DW 0606H
              	
              	; COMANDOS
FBA7: FFFFFFFF	LINEBUF:    DS 80          ; Buffer de linha de comando
FBAB: FF...   	
FBF7: FFFFFFFF	HEXBUF:     DS 6           ; Buffer temporário hex
FBFB: FFFF    	
FBFD: 0000    	ADDR_TMP:   DW $0000       ; Endereço temporário de trabalho
              	
              	; IHEX
FBFF: FF      	LOAD_FIRST_FLAG:    .DB    $FF   ; FF=virgem  01=primeira linha  00=demais
FC00: 0000    	LOAD_START_ADDR:    .DW    $0000 ; Endereco inicial do carregamento
FC02: 0000    	LOAD_END_ADDR:      .DW    $0000 ; Endereco final do carregamento
              	
              	; I2C
FC04: 00      	I2CA_BLOCK:         .DB    $00   ; I2C device addess: 24LC256 (Copy from/to Mem) dir, del, save, load
FC05: 00      	I2C_RAMCPY:         .DB    $00   ; 1 byte - RAM copy of output port
FC06: 00      	I2C_ADDR            .DB    $00   ; 1 byte - device address
FC07: 00      	I2C_RR              .DB    $00   ; 1 byte - register
FC08: 00      	I2C_DD              .DB    $00   ; 1 byte - data
              	
              	; FS
FC09: 00      	FS_CUR:     .DB $00         ; 1b: entrada corrente do dir
FC0A: FFFFFFFF	FS_WRKBUF:  .DS $20         ; 32b: buffer entrada dir
FC0E: FF...   	
FC2A: FFFFFFFF	FS_NAMBUF:  .DS $0F         ; 9b: nome digitado
FC2E: FF...   	
FC39: 00      	FS_TMP1:    .DB $00         ; 1b: uso geral
FC3A: 0000    	FS_TMPSZ:   .DW $0000       ; 2b: tamanho restante
FC3C: 0000    	FS_TMPRAM:  .DW $0000       ; 2b: ponteiro RAM atual
FC3E: 00      	FS_CURPG:   .DB $00         ; 1b: pagina corrente
FC3F: 00      	FS_SLOTBK:  .DB $00         ; 1b: backup slot dir
FC40: 00      	FS_BMPADDR: .DB $00         ; 1b: endereco EEPROM do byte do bitmap
FC41: 00      	FS_INFOTMP: .DB $00         ; 1b: temp para FS_INFO (paginas livres)
              	; Buffer de pagina em RAM (256 bytes) - longe do codigo
FC42: FFFFFFFF	PG_BUF:     .DS $FF
FC46: FF...   	
              	
              	; pixel collision
FD41: 00      	DRAW_PIXEL_COLLISION: .DB $00 ; 0 - reset, 1 - set
FD42: FF      	I2C_ADDR7:  DS 1
FD43: FF      	I2C_STATE:  DS 1   ; 0=fechado, 1=aberto p/ write, 2=aberto p/ read
              	
FD44: 01      	FS_DIR_CUR:     .DB     $01 ; pasta atual 01 - Home (Fixo)
FD45: FFFFFFFF	FS_DIR_NAME:    .DS     $11 ; Nome da pasta atual
FD49: FF...   	


; +++ segments +++

#CODE          = $0000 =     0,  size = $FD56 = 64854

; +++ global symbols +++

ABPASS         = $7024 = 28708          MSBASIC.asm:2451
ABS            = $7670 = 30320          MSBASIC.asm:3474
ABSHL          = $0607 =  1543          GLCD.asm:384
ACCSUM         = $688D = 26765          MSBASIC.asm:1353 (unused)
ACPASS         = $7023 = 28707          MSBASIC.asm:2450
ADD30          = $7B82 = 31618          MSBASIC.asm:4222
ADD301         = $7B92 = 31634          MSBASIC.asm:4233
ADDEXP         = $7609 = 30217          MSBASIC.asm:3409
ADDIG          = $77AF = 30639          MSBASIC.asm:3697
ADDPHL         = $73F6 = 29686          MSBASIC.asm:3056
ADDR_TMP       = $FBFD = 64509          Main.asm:593
ALLFOL         = $72F2 = 29426          MSBASIC.asm:2898
ANTVLU         = $6B8D = 27533          MSBASIC.asm:1760
ARET           = $7B00 = 31488          MSBASIC.asm:4137 (unused)
ARETN          = $7C4B = 31819          MSBASIC.asm:4365 (unused)
ARLDSV         = $6F44 = 28484          MSBASIC.asm:2306
ARREND         = $80DA = 32986          MSBASIC.asm:88
ARRLP          = $71BD = 29117          MSBASIC.asm:2689
ASC            = $72C3 = 29379          MSBASIC.asm:2868
ASCTFP         = $7752 = 30546          MSBASIC.asm:3643
ASPCS          = $6AEF = 27375          MSBASIC.asm:1683
ATN            = $7AB4 = 31412          MSBASIC.asm:4108
ATN1           = $7AD1 = 31441          MSBASIC.asm:4120
ATNTAB         = $7ADB = 31451          MSBASIC.asm:4125
ATOH           = $68C8 = 26824          MSBASIC.asm:1386
AUTO_LF        = $FB9C = 64412          Main.asm:577
BADINP         = $6B14 = 27412          MSBASIC.asm:1695
BAKSTK         = $633D = 25405          MSBASIC.asm:534
BAKTMP         = $72A3 = 29347          MSBASIC.asm:2846
BASE_COL       = $0736 =  1846          GLCD.asm:648
BASTXT         = $805E = 32862          MSBASIC.asm:64
BCDEFP         = $7697 = 30359          MSBASIC.asm:3501
BCTOA          = $197E =  6526          IHEX.asm:204
BCTOA1         = $1987 =  6535          IHEX.asm:209
BCTOA2         = $1995 =  6549          IHEX.asm:219
BFREE          = $60AD = 24749          MSBASIC.asm:217
BIN            = $7BD4 = 31700          MSBASIC.asm:4282
BIN2           = $7BDA = 31706          MSBASIC.asm:4284 (unused)
BINERR         = $7C31 = 31793          MSBASIC.asm:4345
BINIT          = $7C10 = 31760          MSBASIC.asm:4320
BINTFP         = $7C06 = 31750          MSBASIC.asm:4316
BITOUT         = $7BEE = 31726          MSBASIC.asm:4296
BITOUT2        = $7BF2 = 31730          MSBASIC.asm:4299
BKSP           = $0008 =     8          Main.asm:152
BN             = $0028 =    40          MSBASIC.asm:122
BNORM          = $7456 = 29782          MSBASIC.asm:3115
BNRMLP         = $7459 = 29785          MSBASIC.asm:3118
BOTTOM         = $0537 =  1335          GLCD.asm:200
BRK            = $683F = 26687          MSBASIC.asm:1308
BRKFLG         = $804D = 32845          MSBASIC.asm:57
BRKLIN         = $80CE = 32974          MSBASIC.asm:82
BRKMSG         = $6337 = 25399          MSBASIC.asm:532
BRKRET         = $60A7 = 24743          MSBASIC.asm:214
BS             = $0010 =    16          MSBASIC.asm:110
BSERR          = $6F77 = 28535          MSBASIC.asm:2337
BUFFER         = $8061 = 32865          MSBASIC.asm:65
BYT2ASC        = $7B79 = 31609          MSBASIC.asm:4217
BYTSFT         = $758E = 30094          MSBASIC.asm:3326
B_LEFT         = $0541 =  1345          GLCD.asm:209
B_RIGHT        = $054C =  1356          GLCD.asm:219
BkS            = $0008 =     8          COMANDOS.asm:5
CALL_8000      = $124D =  4685          COMANDOS.asm:235
CALL_BAD       = $1390 =  5008          COMANDOS.asm:481
CALL_CMD       = $1386 =  4998          COMANDOS.asm:474
CALL_IHEX      = $1887 =  6279          IHEX.asm:32
CAPSLOCK       = $03D3 =   979          TECLADO.asm:116
CAPSLOCK_OFF   = $03E9 =  1001          TECLADO.asm:125
CAPSLOCK_OK    = $03F5 =  1013          TECLADO.asm:130
CFEVAL         = $6EDA = 28378          MSBASIC.asm:2237
CHANGE_DRIVE_A = $1201 =  4609          COMANDOS.asm:154
CHANGE_DRIVE_B = $120A =  4618          COMANDOS.asm:163
CHANGE_DRIVE_C = $1213 =  4627          COMANDOS.asm:172
CHANGE_DRIVE_D = $121C =  4636          COMANDOS.asm:181
CHANGE_DRIVE_E = $1225 =  4645          COMANDOS.asm:190
CHANGE_DRIVE_F = $122E =  4654          COMANDOS.asm:199
CHANGE_DRIVE_G = $1237 =  4663          COMANDOS.asm:208
CHANGE_DRIVE_Z = $1240 =  4672          COMANDOS.asm:218
CHARTY         = $6E88 = 28296          MSBASIC.asm:2193
CHECK_DISK_FORMAT = $2263 =  8803          FS.asm:871
CHECK_FF       = $0882 =  2178          GLCD.asm:899
CHEKFN         = $70BB = 28859          MSBASIC.asm:2542
CHKBIN         = $7C23 = 31779          MSBASIC.asm:4335
CHKKEY         = $035B =   859          TECLADO.asm:10
CHKLTR         = $689A = 26778          MSBASIC.asm:1362
CHKSTK         = $6371 = 25457          MSBASIC.asm:571
CHKSUM         = $804A = 32842          MSBASIC.asm:55
CHKSYN         = $6662 = 26210          MSBASIC.asm:1007
CHKTYP         = $6C6E = 27758          MSBASIC.asm:1875
CHR            = $72D4 = 29396          MSBASIC.asm:2880
CIRCLE_LOOP    = $062D =  1581          GLCD.asm:434
CKSIOA         = $10B0 =  4272          SERIAL.asm:107
CKSIOB         = $10CF =  4303          SERIAL.asm:162
CKSUMERR       = $19D3 =  6611          IHEX.asm:280
CLEAR          = $68ED = 26861          MSBASIC.asm:1410
CLOTST         = $6697 = 26263          MSBASIC.asm:1039
CLRBUF         = $FB94 = 64404          Main.asm:568
CLREG          = $64C6 = 25798          MSBASIC.asm:779
CLRPTR         = $64A1 = 25761          MSBASIC.asm:759
CLR_ROWS       = $050C =  1292          GLCD.asm:162
CLR_X          = $04DB =  1243          GLCD.asm:133
CLR_Y          = $04ED =  1261          GLCD.asm:143
CLS            = $7B03 = 31491          MSBASIC.asm:4142
CLS_CMD        = $1254 =  4692          COMANDOS.asm:244
CMD_DISPATCH   = $1112 =  4370          COMANDOS.asm:52
CMD_SCAN       = $10F7 =  4343          COMANDOS.asm:31
CMD_TABLE      = $112D =  4397          COMANDOS.asm:77
CMD_UNKNOWN    = $1126 =  4390          COMANDOS.asm:71
CMPFP          = $76E0 = 30432          MSBASIC.asm:3559
CMPLG1         = $6DEE = 28142          MSBASIC.asm:2099
CMPLOG         = $6DEC = 28140          MSBASIC.asm:2098
CMPNUM         = $76C6 = 30406          MSBASIC.asm:3542
CMPRES         = $6E30 = 28208          MSBASIC.asm:2147
CMPSTR         = $6E18 = 28184          MSBASIC.asm:2127
CN             = $0020 =    32          MSBASIC.asm:118
CNVNUM         = $775E = 30558          MSBASIC.asm:3649
COLD           = $6000 = 24576          MSBASIC.asm:126
COMMAN         = $8043 = 32835          MSBASIC.asm:50
COMPL          = $74B6 = 29878          MSBASIC.asm:3189
CONCAT         = $7238 = 29240          MSBASIC.asm:2779
CONEXP         = $778E = 30606          MSBASIC.asm:3673
CONIN          = $0375 =   885          TECLADO.asm:34
CONIN_NOT_LOOP = $037F =   895          TECLADO.asm:50
CONOUT         = $0487 =  1159          GLCD.asm:64
CONPOS         = $7453 = 29779          MSBASIC.asm:3113
CONT           = $6872 = 26738          MSBASIC.asm:1336
CONTAD         = $80D4 = 32980          MSBASIC.asm:85
CONVAR         = $6D59 = 27993          MSBASIC.asm:1999
COPY           = $6020 = 24608          MSBASIC.asm:143
COS            = $7A38 = 31288          MSBASIC.asm:4056
COUNT          = $6707 = 26375          MSBASIC.asm:1105
CPDEHL         = $665C = 26204          MSBASIC.asm:1000
CPYLIT         = $6598 = 26008          MSBASIC.asm:897
CR             = $000D =    13          Main.asm:156
CRARLP         = $6F97 = 28567          MSBASIC.asm:2357
CREARY         = $6F7C = 28540          MSBASIC.asm:2340
CRESTR         = $69EC = 27116          MSBASIC.asm:1549
CRLF           = $04A3 =  1187          GLCD.asm:93
CRNCLP         = $64F9 = 25849          MSBASIC.asm:805
CRTMST         = $70F4 = 28916          MSBASIC.asm:2575
CRTST          = $7100 = 28928          MSBASIC.asm:2586
CRTSTE         = $7116 = 28950          MSBASIC.asm:2600
CRUNCH         = $64F0 = 25840          MSBASIC.asm:801
CS             = $000C =    12          Main.asm:155
CSTART         = $6011 = 24593          MSBASIC.asm:136
CTLOFG         = $8045 = 32837          MSBASIC.asm:52
CTRLC          = $0003 =     3          MSBASIC.asm:18
CTRLG          = $0007 =     7          MSBASIC.asm:19
CTRLO          = $000F =    15          MSBASIC.asm:24
CTRLQ          = $0011 =    17          MSBASIC.asm:25
CTRLR          = $0012 =    18          MSBASIC.asm:26
CTRLS          = $0013 =    19          MSBASIC.asm:27
CTRLU          = $0015 =    21          MSBASIC.asm:28
CUROPR         = $80C5 = 32965          MSBASIC.asm:76
CURPOS         = $80AB = 32939          MSBASIC.asm:67
CURSOR         = $008F =   143          Main.asm:158 (unused)
CURSOR_ON      = $FB98 = 64408          Main.asm:573
CURSOR_X       = $FB96 = 64406          Main.asm:571
CURSOR_XY      = $FB95 = 64405          Main.asm:569
CURSOR_Y       = $FB95 = 64405          Main.asm:570
CURSOR_YS      = $FB97 = 64407          Main.asm:572
DATA           = $6993 = 27027          MSBASIC.asm:1501
DATFLG         = $80AE = 32942          MSBASIC.asm:70
DATLIN         = $80C9 = 32969          MSBASIC.asm:78
DATSNR         = $638E = 25486          MSBASIC.asm:591
DB_INNER       = $00F0 =   240          TECLADO.asm:2
DB_INNER_LOOP  = $042E =  1070          TECLADO.asm:184
DB_OUTER       = $0016 =    22          TECLADO.asm:1
DB_OUTER_LOOP  = $042C =  1068          TECLADO.asm:182
DCBCDE         = $7717 = 30487          MSBASIC.asm:3602
DD             = $0012 =    18          MSBASIC.asm:111
DDERR          = $639D = 25501          MSBASIC.asm:599
DEBOUNCE       = $0429 =  1065          TECLADO.asm:179
DEC_CURSOR     = $094B =  2379          GLCD.asm:1053
DEEK           = $7B1F = 31519          MSBASIC.asm:4157
DEF            = $7038 = 28728          MSBASIC.asm:2463
DEFSIZ         = $6F9F = 28575          MSBASIC.asm:2361
DEINT          = $68AE = 26798          MSBASIC.asm:1373
DEL            = $007F =   127          COMANDOS.asm:6
DELAY_500MS    = $26F7 =  9975          API.asm:3
DELCHR         = $65C8 = 26056          MSBASIC.asm:927
DEPINT         = $68A8 = 26792          MSBASIC.asm:1371
DETHL4         = $76A6 = 30374          MSBASIC.asm:3513
DETHLB         = $76A8 = 30376          MSBASIC.asm:3514
DIGTXT         = $7858 = 30808          MSBASIC.asm:3795
DIM            = $6E5A = 28250          MSBASIC.asm:2173
DIMRET         = $6E51 = 28241          MSBASIC.asm:2168
DINPOS         = $6691 = 26257          MSBASIC.asm:1034
DIV            = $759F = 30111          MSBASIC.asm:3337
DIV1           = $800A = 32778          MSBASIC.asm:40
DIV10          = $7593 = 30099          MSBASIC.asm:3332
DIV2           = $800E = 32782          MSBASIC.asm:41
DIV3           = $8012 = 32786          MSBASIC.asm:42
DIV4           = $8015 = 32789          MSBASIC.asm:43
DIVLP          = $75C6 = 30150          MSBASIC.asm:3361
DIVSUP         = $8009 = 32777          MSBASIC.asm:39
DN             = $00F7 =   247          GLCD.asm:54
DOAGN          = $64DF = 25823          MSBASIC.asm:792
DOCOM          = $6AC0 = 27328          MSBASIC.asm:1659
DODEL          = $65A8 = 26024          MSBASIC.asm:911
DOEBIT         = $7898 = 30872          MSBASIC.asm:3838
DOFN           = $7065 = 28773          MSBASIC.asm:2491
DOKE           = $7B2A = 31530          MSBASIC.asm:4165
DONULL         = $6AAE = 27310          MSBASIC.asm:1648
DOSPC          = $6AEA = 27370          MSBASIC.asm:1680
DOTAB          = $6AD7 = 27351          MSBASIC.asm:1670
DO_BS          = $0835 =  2101          GLCD.asm:849 (unused)
DO_CHAR        = $0859 =  2137          GLCD.asm:865
DO_CR          = $0810 =  2064          GLCD.asm:829
DO_FF          = $0831 =  2097          GLCD.asm:846
DO_LOOKUP      = $0435 =  1077          TECLADO.asm:193
DO_SCRL_DN     = $0808 =  2056          GLCD.asm:824
DO_SCRL_UP     = $07FD =  2045          GLCD.asm:818 (unused)
DO_TAB         = $0844 =  2116          GLCD.asm:856
DPOINT         = $778A = 30602          MSBASIC.asm:3671
DRAW_A         = $0896 =  2198          GLCD.asm:914
DRAW_CURSOR    = $085F =  2143          GLCD.asm:868
DRAW_PIXEL_COLLISION = $FD41 = 64833          Main.asm:622
DS1            = $0699 =  1689          GLCD.asm:502
DS2            = $06BD =  1725          GLCD.asm:521
DS3            = $06D0 =  1744          GLCD.asm:533
DS_EXIT        = $0798 =  1944          GLCD.asm:724
DS_LOOP        = $078C =  1932          GLCD.asm:716
DTSTR          = $7104 = 28932          MSBASIC.asm:2589
DUMP_BAD_ADDR  = $1295 =  4757          COMANDOS.asm:293
DUMP_CMD       = $125A =  4698          COMANDOS.asm:253
DUMP_HEX       = $127A =  4730          COMANDOS.asm:274
DUMP_LINE      = $1264 =  4708          COMANDOS.asm:261
DVBCDE         = $75A1 = 30113          MSBASIC.asm:3339
DX             = $FB8C = 64396          Main.asm:564
DY             = $FB8E = 64398          Main.asm:565
DZ             = $0014 =    20          MSBASIC.asm:112
DZERR          = $6397 = 25495          MSBASIC.asm:595
ECHDEL         = $65BC = 26044          MSBASIC.asm:920
EDIGIT         = $77D1 = 30673          MSBASIC.asm:3720
EDIT_BAD       = $133E =  4926          COMANDOS.asm:407
EDIT_CMD       = $12F0 =  4848          COMANDOS.asm:361
EDIT_KEEP      = $1335 =  4917          COMANDOS.asm:401
EDIT_LOOP      = $12F8 =  4856          COMANDOS.asm:366
EEDRIVE_A      = $00A0 =   160          Main.asm:132
EEDRIVE_B      = $00A2 =   162          Main.asm:133
EEDRIVE_C      = $00A4 =   164          Main.asm:134
EEDRIVE_D      = $00A6 =   166          Main.asm:135
EEDRIVE_E      = $00A8 =   168          Main.asm:136
EEDRIVE_F      = $00AC =   172          Main.asm:137
EEDRIVE_G      = $00AE =   174          Main.asm:138
EEDRIVE_Z      = $00AA =   170          Main.asm:139
EELOAD         = $7C5A = 31834          MSBASIC.asm:4378
EESAVE         = $7C71 = 31857          MSBASIC.asm:4399
ENDBUF         = $659F = 26015          MSBASIC.asm:903
ENDCON         = $779D = 30621          MSBASIC.asm:3683
ENDDIM         = $6FFE = 28670          MSBASIC.asm:2430
ENDINP         = $6A9F = 27295          MSBASIC.asm:1642
ENDNAM         = $6E7C = 28284          MSBASIC.asm:2189
ENDPRG         = $684E = 26702          MSBASIC.asm:1319
ENDPT          = $FB88 = 64392          Main.asm:561
ENFMEM         = $637A = 25466          MSBASIC.asm:577
ERR            = $FB90 = 64400          Main.asm:566
ERRIN          = $63C8 = 25544          MSBASIC.asm:621
ERRLIN         = $80D2 = 32978          MSBASIC.asm:84
ERRMSG         = $6325 = 25381          MSBASIC.asm:528
ERROR          = $63A8 = 25512          MSBASIC.asm:607
ERRORS         = $629B = 25243          MSBASIC.asm:457
ERR_JAM        = $0001 =     1          I2C.asm:119 (unused)
ERR_NOACK      = $0002 =     2          I2C.asm:120
ERR_NONE       = $0000 =     0          I2C.asm:118 (unused)
ERR_TOUT       = $0003 =     3          I2C.asm:121
ESC            = $001B =    27          COMANDOS.asm:7
EVAL           = $6C7B = 27771          MSBASIC.asm:1883
EVAL1          = $6C7E = 27774          MSBASIC.asm:1885
EVAL2          = $6C87 = 27783          MSBASIC.asm:1889
EVAL3          = $6C8A = 27786          MSBASIC.asm:1890
EVLPAR         = $6D40 = 27968          MSBASIC.asm:1985
EVNOT          = $6E3A = 28218          MSBASIC.asm:2155
EXCUTE         = $67CC = 26572          MSBASIC.asm:1216
EXP            = $7932 = 31026          MSBASIC.asm:3925
EXPLP          = $777C = 30588          MSBASIC.asm:3663
EXPTAB         = $7972 = 31090          MSBASIC.asm:3953
EXPTEN         = $78AA = 30890          MSBASIC.asm:3848
EXTIG          = $6BE9 = 27625          MSBASIC.asm:1808
FANDT          = $6C13 = 27667          MSBASIC.asm:1826
FC             = $0008 =     8          MSBASIC.asm:106
FCERR          = $68C3 = 26819          MSBASIC.asm:1383
FDTLP          = $6BFA = 27642          MSBASIC.asm:1810
FF             = $000C =    12          GLCD.asm:55
FIM            = $045F =  1119          TECLADO.asm:233
FINDEL         = $6FDA = 28634          MSBASIC.asm:2402
FIND_ROW       = $0466 =  1126          TECLADO.asm:241
FLGDIF         = $7656 = 30294          MSBASIC.asm:3457
FLGREL         = $765D = 30301          MSBASIC.asm:3463
FLIP_BIT       = $0A12 =  2578          GLCD.asm:1221
FLIP_BIT1      = $0A2F =  2607          GLCD.asm:1240
FNARG          = $80E0 = 32992          MSBASIC.asm:91
FNCTAB         = $60DA = 24794          MSBASIC.asm:228
FNDARY         = $6F4A = 28490          MSBASIC.asm:2310
FNDELP         = $6FDF = 28639          MSBASIC.asm:2407
FNDEND         = $6474 = 25716          MSBASIC.asm:722
FNDNUM         = $73C7 = 29639          MSBASIC.asm:3030
FNDTOK         = $66E6 = 26342          MSBASIC.asm:1085
FNDVAR         = $6EC1 = 28353          MSBASIC.asm:2221
FNDWRD         = $6523 = 25891          MSBASIC.asm:825
FNOFST         = $6D6A = 28010          MSBASIC.asm:2009
FNRGNM         = $80DE = 32990          MSBASIC.asm:90
FNTHR          = $6ECF = 28367          MSBASIC.asm:2229
FNVAL          = $6D91 = 28049          MSBASIC.asm:2031
FOLDER_HOME    = $275A = 10074          Main.asm:543
FONT_DATA      = $0A49 =  2633          GLCD.asm:1266
FOPRND         = $6CB3 = 27827          MSBASIC.asm:1911
FOR            = $6733 = 26419          MSBASIC.asm:1127
FORFLG         = $80CB = 32971          MSBASIC.asm:79
FORFND         = $6763 = 26467          MSBASIC.asm:1155
FORSLP         = $6747 = 26439          MSBASIC.asm:1136
FPADD          = $7405 = 29701          MSBASIC.asm:3064
FPBCDE         = $768C = 30348          MSBASIC.asm:3493
FPEXP          = $80E7 = 32999          MSBASIC.asm:93
FPINT          = $76F3 = 30451          MSBASIC.asm:3579
FPMULT         = $7540 = 30016          MSBASIC.asm:3275
FPREG          = $80E4 = 32996          MSBASIC.asm:92
FPROND         = $749D = 29853          MSBASIC.asm:3165
FPSINT         = $68A2 = 26786          MSBASIC.asm:1369
FPTHL          = $76A3 = 30371          MSBASIC.asm:3512
FRE            = $7002 = 28674          MSBASIC.asm:2433
FRENUM         = $701E = 28702          MSBASIC.asm:2445
FRMEVL         = $6D5C = 27996          MSBASIC.asm:2000
FS_ABORT       = $254A =  9546          FS.asm:1524
FS_ALLOC_PG    = $2308 =  8968          FS.asm:1034
FS_AP_FOUND    = $233E =  9022          FS.asm:1077
FS_AP_LOOP     = $2317 =  8983          FS.asm:1044
FS_AP_MKINV    = $235F =  9055          FS.asm:1103
FS_AP_MKSHL    = $2358 =  9048          FS.asm:1098
FS_AP_TBIT     = $232C =  9004          FS.asm:1061
FS_AP_TBIT_DONE = $2333 =  9011          FS.asm:1066
FS_BMPADDR     = $FC40 = 64576          Main.asm:616
FS_CD          = $1EDF =  7903          FS.asm:328
FS_CHK_SIG     = $226E =  8814          FS.asm:881
FS_CLEAR_NUL   = $228D =  8845          FS.asm:930
FS_COPY_NAME_FROM_BUFFER = $2287 =  8839          FS.asm:926
FS_COPY_NAME_FROM_BUFFER_LOOP = $2296 =  8854          FS.asm:937
FS_CUR         = $FC09 = 64521          Main.asm:608
FS_CURPG       = $FC3E = 64574          Main.asm:614
FS_DATAPG      = $00FF =   255          FS.asm:10
FS_DIR         = $1E51 =  7761          FS.asm:218
FS_DIR_AFT     = $1EA6 =  7846          FS.asm:273
FS_DIR_CNT     = $1ECB =  7883          FS.asm:311
FS_DIR_CUR     = $FD44 = 64836          Main.asm:626
FS_DIR_INC     = $1EAF =  7855          FS.asm:296
FS_DIR_LOOP    = $1E79 =  7801          FS.asm:245
FS_DIR_NAME    = $FD45 = 64837          Main.asm:627
FS_DIR_NM      = $1E96 =  7830          FS.asm:260
FS_DIR_PAD     = $1EA0 =  7840          FS.asm:268
FS_DIR_SKIP    = $1EAE =  7854          FS.asm:294
FS_DL_255      = $1F92 =  8082          FS.asm:430
FS_DL_DONE     = $1FC1 =  8129          FS.asm:462
FS_DL_LT       = $1F97 =  8087          FS.asm:433
FS_DL_PG       = $1F73 =  8051          FS.asm:409
FS_DL_RD       = $1F9A =  8090          FS.asm:437
FS_DO_CD       = $1EFC =  7932          FS.asm:342
FS_DO_CD_HOME  = $1F11 =  7953          FS.asm:353
FS_DO_LOAD     = $1F57 =  8023          FS.asm:395
FS_DO_RMDIR    = $2062 =  8290          FS.asm:566
FS_ENTRY_SZ    = $0020 =    32          FS.asm:8
FS_ERASE       = $21A5 =  8613          FS.asm:761
FS_ERR_FOLDER_EXIST = $2551 =  9553          FS.asm:1528
FS_ERR_FULL    = $253C =  9532          FS.asm:1516
FS_ERR_I2C     = $252D =  9517          FS.asm:1507
FS_ERR_I2C_POP = $2534 =  9524          FS.asm:1511
FS_ERR_NOSPACE = $2543 =  9539          FS.asm:1520
FS_ER_CFM      = $21C9 =  8649          FS.asm:780
FS_ER_CLR      = $21EE =  8686          FS.asm:798
FS_ER_DIR      = $21E8 =  8680          FS.asm:794
FS_ER_FOUND    = $21BB =  8635          FS.asm:770
FS_ER_NM       = $21C0 =  8640          FS.asm:773
FS_EXEC        = $2174 =  8564          FS.asm:731
FS_EXISTS_F    = $1FDB =  8155          FS.asm:486
FS_EX_DO       = $218A =  8586          FS.asm:740
FS_EX_ERR      = $21A1 =  8609          FS.asm:752
FS_FC_ERR      = $2400 =  9216          FS.asm:1243
FS_FC_ERR2     = $240A =  9226          FS.asm:1249
FS_FC_LP       = $23D3 =  9171          FS.asm:1208
FS_FC_WAIT     = $23E8 =  9192          FS.asm:1225
FS_FFN_CMP     = $250B =  9483          FS.asm:1472
FS_FFN_ERR     = $2528 =  9512          FS.asm:1494
FS_FFN_LP      = $24F5 =  9461          FS.asm:1462
FS_FFN_NXT     = $251A =  9498          FS.asm:1485
FS_FF_ERR      = $2303 =  8963          FS.asm:1023
FS_FF_FOUND    = $2300 =  8960          FS.asm:1019
FS_FF_LP       = $22E3 =  8931          FS.asm:1004
FS_FIND_FOLDER_NAME = $24EF =  9455          FS.asm:1458
FS_FIND_FREE   = $22DD =  8925          FS.asm:1000
FS_FIND_NAME   = $24B1 =  9393          FS.asm:1410
FS_FLAG_FREE   = $00FF =   255          FS.asm:12
FS_FLAG_USED   = $0001 =     1          FS.asm:13
FS_FLAG_USED_FOLDER = $0002 =     2          FS.asm:14
FS_FMT_1       = $2225 =  8741          FS.asm:835
FS_FMT_2       = $222C =  8748          FS.asm:840
FS_FMT_3       = $2245 =  8773          FS.asm:854
FS_FN_CMP      = $24CD =  9421          FS.asm:1424
FS_FN_ERR      = $24EA =  9450          FS.asm:1446
FS_FN_LP       = $24B7 =  9399          FS.asm:1414
FS_FN_NXT      = $24DC =  9436          FS.asm:1437
FS_FORMAT      = $2204 =  8708          FS.asm:815
FS_FP_DONE     = $23CC =  9164          FS.asm:1195
FS_FP_ERR      = $23C4 =  9156          FS.asm:1186
FS_FP_OR       = $23AB =  9131          FS.asm:1171
FS_FP_SHL      = $23A4 =  9124          FS.asm:1165
FS_FREE_CHAIN  = $23D1 =  9169          FS.asm:1204
FS_FREE_PG     = $2375 =  9077          FS.asm:1126
FS_INFO        = $1D5C =  7516          FS.asm:35
FS_INFOTMP     = $FC41 = 64577          Main.asm:617
FS_INF_BIT     = $1D7F =  7551          FS.asm:55
FS_INF_BYTES_DONE_F = $1E3F =  7743          FS.asm:202
FS_INF_BYTES_DONE_U = $1E02 =  7682          FS.asm:164
FS_INF_BYTES_FREE = $1E38 =  7736          FS.asm:197
FS_INF_BYTES_USED = $1DFB =  7675          FS.asm:159
FS_INF_CLAMP   = $1D9F =  7583          FS.asm:89
FS_INF_CNT     = $1D7B =  7547          FS.asm:51
FS_INF_DIV6    = $1D8F =  7567          FS.asm:77
FS_INF_DIV6_DONE = $1D98 =  7576          FS.asm:83
FS_INF_DOT     = $1DB4 =  7604          FS.asm:112
FS_INF_HASH    = $1DA8 =  7592          FS.asm:100
FS_INF_NB      = $1D83 =  7555          FS.asm:59
FS_INF_NO_DOT  = $1DB9 =  7609          FS.asm:116
FS_INF_NO_HASH = $1DAE =  7598          FS.asm:106
FS_LOAD_CMD    = $1F22 =  7970          FS.asm:369
FS_LOAD_DO     = $1F38 =  7992          FS.asm:379
FS_MAXFILES    = $0008 =     8          FS.asm:7
FS_MKDIR       = $1FC3 =  8131          FS.asm:473
FS_MKD_CLR     = $1FEB =  8171          FS.asm:498
FS_MKD_DO      = $1FDF =  8159          FS.asm:490
FS_MKD_DONE    = $2039 =  8249          FS.asm:539 (unused)
FS_MKD_NM      = $1FF8 =  8184          FS.asm:506
FS_NAMBUF      = $FC2A = 64554          Main.asm:610
FS_NAME_SZ     = $0010 =    16          FS.asm:9
FS_O_FLAGS     = $0015 =    21          FS.asm:23
FS_O_FSTPG     = $0010 =    16          FS.asm:18
FS_O_NAME      = $0000 =     0          FS.asm:17
FS_O_RADRH     = $0013 =    19          FS.asm:21
FS_O_RADRL     = $0014 =    20          FS.asm:22
FS_O_SIZEH     = $0011 =    17          FS.asm:19
FS_O_SIZEL     = $0012 =    18          FS.asm:20
FS_PG_BMP      = $0000 =     0          FS.asm:4 (unused)
FS_PG_DATA     = $0002 =     2          FS.asm:6 (unused)
FS_PG_DIR      = $0001 =     1          FS.asm:5 (unused)
FS_RD_ENTRY    = $22A3 =  8867          FS.asm:952
FS_RMDIR       = $204C =  8268          FS.asm:555
FS_RMDIR_LP    = $2081 =  8321          FS.asm:584
FS_SAVE        = $20AE =  8366          FS.asm:624
FS_SET_NEXT    = $249A =  9370          FS.asm:1389
FS_SIG         = $00A5 =   165          FS.asm:3
FS_SLOTBK      = $FC3F = 64575          Main.asm:615
FS_SV_CLR      = $20FC =  8444          FS.asm:665
FS_SV_DO       = $20F0 =  8432          FS.asm:657
FS_SV_DONE     = $2161 =  8545          FS.asm:718
FS_SV_LOOP     = $2139 =  8505          FS.asm:699
FS_SV_NM       = $2109 =  8457          FS.asm:673
FS_SV_OVERW    = $20E3 =  8419          FS.asm:650
FS_S_DIR       = $1E5C =  7772          FS.asm:224
FS_S_DIR_F     = $1E66 =  7782          FS.asm:231
FS_TMP1        = $FC39 = 64569          Main.asm:611
FS_TMPRAM      = $FC3C = 64572          Main.asm:613
FS_TMPSZ       = $FC3A = 64570          Main.asm:612
FS_WP_COPY     = $2435 =  9269          FS.asm:1287
FS_WP_CPLOOP   = $2441 =  9281          FS.asm:1303
FS_WP_ERR      = $2492 =  9362          FS.asm:1378
FS_WP_NOPAD    = $2457 =  9303          FS.asm:1322
FS_WP_PADLOOP  = $2451 =  9297          FS.asm:1317
FS_WP_UPD255   = $2478 =  9336          FS.asm:1358
FS_WP_UPDATE   = $2480 =  9344          FS.asm:1365
FS_WP_UPDLT    = $247D =  9341          FS.asm:1361
FS_WP_USE255   = $2430 =  9264          FS.asm:1281
FS_WP_USELT    = $2434 =  9268          FS.asm:1284
FS_WRITE_PG    = $2420 =  9248          FS.asm:1267
FS_WRKBUF      = $FC0A = 64522          Main.asm:609
FS_WR_ENTRY    = $22C0 =  8896          FS.asm:976
GARBGE         = $7185 = 29061          MSBASIC.asm:2662
GARBLP         = $7188 = 29064          MSBASIC.asm:2663
GBUF           = $F784 = 63364          Main.asm:557
GET2           = $196D =  6509          IHEX.asm:189
GETCH          = $FBA0 = 64416          Main.asm:582
GETCHR         = $67FC = 26620          MSBASIC.asm:1261
GETCHR_S       = $1962 =  6498          IHEX.asm:177
GETCMD         = $63EC = 25580          MSBASIC.asm:639
GETHEX         = $7BAF = 31663          MSBASIC.asm:4255
GETINP         = $7B01 = 31489          MSBASIC.asm:4139
GETINT         = $73CA = 29642          MSBASIC.asm:3031
GETLEN         = $72B8 = 29368          MSBASIC.asm:2860
GETLIN         = $65D9 = 26073          MSBASIC.asm:935
GETLINE        = $143F =  5183          COMANDOS.asm:583
GETLINE_BS     = $1481 =  5249          COMANDOS.asm:618
GETLINE_DONE   = $148F =  5263          COMANDOS.asm:631
GETLINE_LOOP   = $1444 =  5188          COMANDOS.asm:586
GETLN          = $68C9 = 26825          MSBASIC.asm:1387
GETNUM         = $6C69 = 27753          MSBASIC.asm:1872
GETNXT         = $653E = 25918          MSBASIC.asm:840
GETSTR         = $7282 = 29314          MSBASIC.asm:2826
GETVAR         = $6E5F = 28255          MSBASIC.asm:2176
GET_ROW_DATA   = $09CB =  2507          GLCD.asm:1168
GLCD_DATA      = $0071 =   113          Main.asm:145
GLCD_INST      = $0070 =   112          Main.asm:144
GNXARY         = $71BC = 29116          MSBASIC.asm:2688
GOFUNC         = $6D99 = 28057          MSBASIC.asm:2035
GOSUB          = $693F = 26943          MSBASIC.asm:1452
GOTO           = $6950 = 26960          MSBASIC.asm:1464
GO_BAD         = $137F =  4991          COMANDOS.asm:464
GO_CMD         = $1379 =  4985          COMANDOS.asm:459
GRBARY         = $71DC = 29148          MSBASIC.asm:2707
GRBDON         = $715D = 29021          MSBASIC.asm:2637
GRBLP          = $7196 = 29078          MSBASIC.asm:2669
GRET           = $0370 =   880          TECLADO.asm:24
GSTRCU         = $7285 = 29317          MSBASIC.asm:2827
GSTRDE         = $7289 = 29321          MSBASIC.asm:2829
GSTRHL         = $7288 = 29320          MSBASIC.asm:2828
GTFLNM         = $72C7 = 29383          MSBASIC.asm:2870 (unused)
GTFNAM         = $6E64 = 28260          MSBASIC.asm:2179
GTLNLP         = $68CC = 26828          MSBASIC.asm:1388
GTSIXD         = $7822 = 30754          MSBASIC.asm:3764
GTVLUS         = $6B65 = 27493          MSBASIC.asm:1738
GetKeycode     = $039C =   924          TECLADO.asm:75
HALF           = $78C9 = 30921          MSBASIC.asm:3869
HALFPI         = $7A82 = 31362          MSBASIC.asm:4087
HELP_CMD       = $1397 =  5015          COMANDOS.asm:490
HEX            = $7B41 = 31553          MSBASIC.asm:4182
HEX1           = $7B5A = 31578          MSBASIC.asm:4195
HEX2           = $7B5C = 31580          MSBASIC.asm:4197
HEX3           = $7B6A = 31594          MSBASIC.asm:4205
HEX4           = $7B6C = 31596          MSBASIC.asm:4207
HEXBUF         = $FBF7 = 64503          Main.asm:592
HEXIT          = $7BC6 = 31686          MSBASIC.asm:4270
HEXLP          = $7BA2 = 31650          MSBASIC.asm:4245
HEXLP1         = $7BA7 = 31655          MSBASIC.asm:4247
HEXTFP         = $7B96 = 31638          MSBASIC.asm:4240
HX             = $0026 =    38          MSBASIC.asm:121
HXERR          = $7BCF = 31695          MSBASIC.asm:4278
H_Delay        = $0346 =   838          Main.asm:479
HexOut         = $1D43 =  7491          I2C.asm:632
HexOutHex      = $1D50 =  7504          I2C.asm:642
HexOutSkip     = $1D56 =  7510          I2C.asm:645
I2CA_BLOCK     = $FC04 = 64516          Main.asm:601
I2CLIST        = $1B3E =  6974          I2C.asm:335
I2C_ADDR       = $FC06 = 64518          Main.asm:603 (unused)
I2C_ADDR7      = $FD42 = 64834          Main.asm:623
I2C_BAD_SYNTAX = $1611 =  5649          COMANDOS.asm:968
I2C_CMD        = $155D =  5469          COMANDOS.asm:853
I2C_Close      = $1A67 =  6759          I2C.asm:22
I2C_DD         = $FC08 = 64520          Main.asm:605 (unused)
I2C_DONE       = $15FD =  5629          COMANDOS.asm:956
I2C_DO_READ    = $15AD =  5549          COMANDOS.asm:904
I2C_DO_WRITE   = $1587 =  5511          COMANDOS.asm:880
I2C_INIT       = $1AF7 =  6903          I2C.asm:249
I2C_LIST_07    = $1C05 =  7173          I2C.asm:468
I2C_LIST_08    = $1C11 =  7185          I2C.asm:469
I2C_LIST_32    = $1C1C =  7196          I2C.asm:470
I2C_LIST_50    = $1C2E =  7214          I2C.asm:471
I2C_LIST_51    = $1C3C =  7228          I2C.asm:472
I2C_LIST_52    = $1C4A =  7242          I2C.asm:473
I2C_LIST_53    = $1C58 =  7256          I2C.asm:474
I2C_LIST_54    = $1C66 =  7270          I2C.asm:475
I2C_LIST_55    = $1C90 =  7312          I2C.asm:478
I2C_LIST_56    = $1C74 =  7284          I2C.asm:476
I2C_LIST_57    = $1C82 =  7298          I2C.asm:477
I2C_LIST_MSG   = $1B2A =  6954          I2C.asm:283
I2C_LOOP       = $156A =  5482          COMANDOS.asm:861
I2C_MemFill    = $1C9E =  7326          I2C.asm:497
I2C_MemFillBlock = $1CB5 =  7349          I2C.asm:513 (unused)
I2C_MemFillReady = $1CB4 =  7348          I2C.asm:512
I2C_MemFillRepeat = $1CA2 =  7330          I2C.asm:499
I2C_MemFillStore = $1CCC =  7372          I2C.asm:527
I2C_MemFillWrite = $1CBD =  7357          I2C.asm:517
I2C_MemRd      = $1CD4 =  7380          I2C.asm:543
I2C_MemRdRead  = $1CFB =  7419          I2C.asm:567
I2C_MemRdReady = $1CEA =  7402          I2C.asm:558
I2C_MemRdRepeat = $1CD8 =  7384          I2C.asm:545
I2C_MemWr      = $1D0C =  7436          I2C.asm:591
I2C_MemWrBlock = $1D23 =  7459          I2C.asm:607 (unused)
I2C_MemWrReady = $1D22 =  7458          I2C.asm:606
I2C_MemWrRepeat = $1D10 =  7440          I2C.asm:593
I2C_MemWrStore = $1D3B =  7483          I2C.asm:622
I2C_MemWrWrite = $1D2B =  7467          I2C.asm:611
I2C_NOACK      = $15ED =  5613          COMANDOS.asm:946
I2C_OK         = $160A =  5642          COMANDOS.asm:963
I2C_Open       = $1A60 =  6752          I2C.asm:10
I2C_OpenRead   = $1A6A =  6762          I2C.asm:31
I2C_OpenWrite  = $1A6F =  6767          I2C.asm:42
I2C_PORT       = $0021 =    33          I2C.asm:109
I2C_QUIES      = $0081 =   129          I2C.asm:114
I2C_RAMCPY     = $FC05 = 64517          Main.asm:602
I2C_READ_DOIT  = $15D8 =  5592          COMANDOS.asm:932
I2C_READ_GO    = $15CE =  5582          COMANDOS.asm:924
I2C_READ_LASTBYTE = $15D7 =  5591          COMANDOS.asm:930
I2C_RR         = $FC07 = 64519          Main.asm:604 (unused)
I2C_RdPort     = $1B21 =  6945          I2C.asm:275
I2C_Read       = $1AB1 =  6833          I2C.asm:184
I2C_ReadNoAck  = $1AD3 =  6867          I2C.asm:204
I2C_ReadRd_Loop = $1AB9 =  6841          I2C.asm:189
I2C_ReadRotate = $1AC5 =  6853          I2C.asm:195
I2C_SCL_HI     = $1AFB =  6907          I2C.asm:252
I2C_SCL_LO     = $1B02 =  6914          I2C.asm:256
I2C_SCL_RD     = $0000 =     0          I2C.asm:113 (unused)
I2C_SCL_WR     = $0000 =     0          I2C.asm:112
I2C_SDA_HI     = $1B09 =  6921          I2C.asm:260
I2C_SDA_LO     = $1B10 =  6928          I2C.asm:264
I2C_SDA_RD     = $0007 =     7          I2C.asm:111
I2C_SDA_WR     = $0007 =     7          I2C.asm:110
I2C_STATE      = $FD43 = 64835          Main.asm:624
I2C_Start      = $1ADE =  6878          I2C.asm:219
I2C_Stop       = $1AE9 =  6889          I2C.asm:235
I2C_WRITE_GO   = $15A5 =  5541          COMANDOS.asm:897
I2C_WrPort     = $1B15 =  6933          I2C.asm:267
I2C_Write      = $1A74 =  6772          I2C.asm:137
I2C_WriteBit_Clk = $1A85 =  6789          I2C.asm:146
I2C_WriteBit_Hi = $1A82 =  6786          I2C.asm:145
I2C_WriteNoAck = $1AA2 =  6818          I2C.asm:164
I2C_WriteWr_Loop = $1A79 =  6777          I2C.asm:141
ID             = $0016 =    22          MSBASIC.asm:113
IDTEST         = $70AD = 28845          MSBASIC.asm:2532
IF             = $6A22 = 27170          MSBASIC.asm:1582
IFGO           = $6A30 = 27184          MSBASIC.asm:1589
IFJMP          = $67D3 = 26579          MSBASIC.asm:1219
INCH           = $1092 =  4242          SERIAL.asm:58
INCHL          = $76A1 = 30369          MSBASIC.asm:3509
INCLEN         = $668D = 26253          MSBASIC.asm:1032
INC_CURSOR     = $08CB =  2251          GLCD.asm:968
INC_ROW        = $08D8 =  2264          GLCD.asm:975
INDFND         = $6357 = 25431          MSBASIC.asm:553
INEWLN         = $643C = 25660          MSBASIC.asm:682
INICIO         = $0276 =   630          Main.asm:326
INICIO1        = $02A4 =   676          Main.asm:350
INIT           = $6018 = 24600          MSBASIC.asm:140
INITAB         = $62C5 = 25285          MSBASIC.asm:481
INITBE         = $6325 = 25381          MSBASIC.asm:524
INITST         = $7C43 = 31811          MSBASIC.asm:4361
INIT_BASIC     = $0A45 =  2629          GLCD.asm:1256
INMSG          = $632C = 25388          MSBASIC.asm:529
INP            = $7387 = 29575          MSBASIC.asm:2999
INPBIN         = $6BB7 = 27575          MSBASIC.asm:1782
INPBRK         = $684B = 26699          MSBASIC.asm:1317
INPORT         = $803F = 32831          MSBASIC.asm:47
INPSUB         = $803E = 32830          MSBASIC.asm:46
INPUT          = $6B25 = 27429          MSBASIC.asm:1703
INRNG          = $782B = 30763          MSBASIC.asm:3769
INT            = $771E = 30494          MSBASIC.asm:3610
INTVAR         = $64B0 = 25776          MSBASIC.asm:770
INT_DEFAULT    = $01B3 =   435          Main.asm:267
INVERSE        = $FB99 = 64409          Main.asm:574
INVSGN         = $7674 = 30324          MSBASIC.asm:3476
INV_BIT        = $09D8 =  2520          GLCD.asm:1180
IN_BAD         = $1372 =  4978          COMANDOS.asm:450
IN_CMD         = $1363 =  4963          COMANDOS.asm:441
IS_HEX         = $14B1 =  5297          COMANDOS.asm:673
IS_HEX_BAD     = $14C9 =  5321          COMANDOS.asm:688
IS_HEX_DIG     = $14C6 =  5318          COMANDOS.asm:685
ITMSEP         = $6BA8 = 27560          MSBASIC.asm:1773
JJUMP1         = $7C36 = 31798          MSBASIC.asm:4349 (unused)
JSTZER         = $78B4 = 30900          MSBASIC.asm:3854
JUST_PLOT      = $0862 =  2146          GLCD.asm:870
KEYBOARD       = $0040 =    64          Main.asm:147
KEYMAP_CAPSLOCK = $0236 =   566          Main.asm:316
KEYMAP_NORMAL  = $01B6 =   438          Main.asm:296
KEYMAP_SHIFT   = $01F6 =   502          Main.asm:306
KEY_PRESS      = $FBA4 = 64420          Main.asm:587
KILFOR         = $6C59 = 27737          MSBASIC.asm:1863
KILIN          = $65D3 = 26067          MSBASIC.asm:932
LCD_SCROLL     = $143A =  5178          COMANDOS.asm:574
LCRFLG         = $80AC = 32940          MSBASIC.asm:68
LDETXT         = $19E4 =  6628          IHEX.asm:284
LDETXTLCD      = $19FD =  6653          IHEX.asm:288
LEFT           = $72E4 = 29412          MSBASIC.asm:2888
LEN            = $72B4 = 29364          MSBASIC.asm:2858
LET            = $69AA = 27050          MSBASIC.asm:1517
LETNUM         = $69FD = 27133          MSBASIC.asm:1559
LETSTR         = $69C5 = 27077          MSBASIC.asm:1530
LF             = $000A =    10          Main.asm:154
LFRGNM         = $737D = 29565          MSBASIC.asm:2990
LINEAT         = $805C = 32860          MSBASIC.asm:63
LINEBUF        = $FBA7 = 64423          Main.asm:591
LINEIN         = $77DD = 30685          MSBASIC.asm:3730
LINES          = $7B10 = 31504          MSBASIC.asm:4151
LINESC         = $8046 = 32838          MSBASIC.asm:53
LINESN         = $8048 = 32840          MSBASIC.asm:54
LINE_LOOP      = $05C1 =  1473          GLCD.asm:334
LINFND         = $6425 = 25637          MSBASIC.asm:668
LIST           = $66A8 = 26280          MSBASIC.asm:1049
LISTLOOP       = $1B46 =  6982          I2C.asm:339
LISTLP         = $66B4 = 26292          MSBASIC.asm:1055
LISTNEXT       = $1B92 =  7058          I2C.asm:375
LISTTEST       = $1B9E =  7070          I2C.asm:388
LL2            = $05EC =  1516          GLCD.asm:366
LL3            = $05F9 =  1529          GLCD.asm:374
LOAD           = $188F =  6287          IHEX.asm:49
LOAD00         = $18E4 =  6372          IHEX.asm:110
LOAD2          = $18AD =  6317          IHEX.asm:69
LOAD2_SKIP     = $18BC =  6332          IHEX.asm:78
LOAD3          = $18CD =  6349          IHEX.asm:91
LOADERR        = $18D6 =  6358          IHEX.asm:98
LOADFP         = $769A = 30362          MSBASIC.asm:3502
LOAD_BAD       = $12E9 =  4841          COMANDOS.asm:350
LOAD_BYTE      = $12CA =  4810          COMANDOS.asm:331
LOAD_CMD       = $129C =  4764          COMANDOS.asm:303
LOAD_END_ADDR  = $FC02 = 64514          Main.asm:598
LOAD_FIRST_FLAG = $FBFF = 64511          Main.asm:596
LOAD_HEX_CMD   = $1249 =  4681          COMANDOS.asm:228
LOAD_LOOP      = $12AA =  4778          COMANDOS.asm:310
LOAD_NEXT_LINE = $12E7 =  4839          COMANDOS.asm:347
LOAD_START_ADDR = $FC00 = 64512          Main.asm:597
LOG            = $74FF = 29951          MSBASIC.asm:3243
LOGTAB         = $74F2 = 29938          MSBASIC.asm:3238
LOKFOR         = $6341 = 25409          MSBASIC.asm:536
LOOPST         = $80C7 = 32967          MSBASIC.asm:77
LS             = $001C =    28          MSBASIC.asm:116
LSTBIN         = $80CC = 32972          MSBASIC.asm:80
LSTLP2         = $66D4 = 26324          MSBASIC.asm:1076
LSTLP3         = $66D7 = 26327          MSBASIC.asm:1077
LSTRAM         = $80AF = 32943          MSBASIC.asm:71
LSTRND         = $803A = 32826          MSBASIC.asm:45
LTSTND         = $6BC2 = 27586          MSBASIC.asm:1787
LWIDTH         = $8042 = 32834          MSBASIC.asm:49
LoopBC         = $034C =   844          Main.asm:485
LoopDE         = $0349 =   841          Main.asm:483
MAIN_LOOP      = $02CE =   718          Main.asm:381
MAKINT         = $73CD = 29645          MSBASIC.asm:3032
MAKNUM         = $7847 = 30791          MSBASIC.asm:3784
MANLP          = $7766 = 30566          MSBASIC.asm:3655
MATCH          = $6570 = 25968          MSBASIC.asm:872
MEMMSG         = $60CF = 24783          MSBASIC.asm:224
MEN_CAPSL      = $FBA3 = 64419          Main.asm:586
MEN_CURSR      = $FBA5 = 64421          Main.asm:588
MEN_SHIFT      = $FBA2 = 64418          Main.asm:585
MID            = $731E = 29470          MSBASIC.asm:2928
MID1           = $72EA = 29418          MSBASIC.asm:2892
MIDNUM         = $7382 = 29570          MSBASIC.asm:2993
MINCDE         = $7445 = 29765          MSBASIC.asm:3099
MINUS          = $6D48 = 27976          MSBASIC.asm:1990
MKTMST         = $70F1 = 28913          MSBASIC.asm:2574
MLDBLP         = $773F = 30527          MSBASIC.asm:3631
MLDEBC         = $7737 = 30519          MSBASIC.asm:3626
MLOOP          = $6048 = 24648          MSBASIC.asm:161
MLSP10         = $7634 = 30260          MSBASIC.asm:3437
MO             = $0024 =    36          MSBASIC.asm:120
MONITR         = $7C40 = 31808          MSBASIC.asm:4357
MONOUT         = $7C3D = 31805          MSBASIC.asm:4353
MORDT          = $6BCE = 27598          MSBASIC.asm:1792
MORINP         = $65E2 = 26082          MSBASIC.asm:940
MOVBUF         = $645B = 25691          MSBASIC.asm:703
MOVDIR         = $6578 = 25976          MSBASIC.asm:880
MOVE_DOWN      = $0940 =  2368          GLCD.asm:1043
MOVE_UP        = $0932 =  2354          GLCD.asm:1034 (unused)
MOVE_VPORT     = $092B =  2347          GLCD.asm:1029
MOVLP          = $6366 = 25446          MSBASIC.asm:563
MOVSTR         = $6363 = 25443          MSBASIC.asm:560
MOVUP          = $6360 = 25440          MSBASIC.asm:559
MRPRNT         = $6A42 = 27202          MSBASIC.asm:1596
MSG_BAD_ADDR   = $1657 =  5719          COMANDOS.asm:1001
MSG_HELP_L0    = $16B9 =  5817          COMANDOS.asm:1013
MSG_HELP_L1    = $16C3 =  5827          COMANDOS.asm:1014
MSG_HELP_L10   = $171A =  5914          COMANDOS.asm:1023
MSG_HELP_L11   = $1727 =  5927          COMANDOS.asm:1024
MSG_HELP_L12   = $173B =  5947          COMANDOS.asm:1025
MSG_HELP_L13   = $1750 =  5968          COMANDOS.asm:1026
MSG_HELP_L14   = $1762 =  5986          COMANDOS.asm:1027
MSG_HELP_L15   = $1773 =  6003          COMANDOS.asm:1028
MSG_HELP_L16   = $1785 =  6021          COMANDOS.asm:1029
MSG_HELP_L17   = $1798 =  6040          COMANDOS.asm:1030
MSG_HELP_L18   = $17B0 =  6064          COMANDOS.asm:1031
MSG_HELP_L19   = $17C2 =  6082          COMANDOS.asm:1032
MSG_HELP_L2    = $16CA =  5834          COMANDOS.asm:1015
MSG_HELP_L20   = $17D6 =  6102          COMANDOS.asm:1033
MSG_HELP_L21   = $17EB =  6123          COMANDOS.asm:1034
MSG_HELP_L22   = $1800 =  6144          COMANDOS.asm:1035
MSG_HELP_L23   = $1812 =  6162          COMANDOS.asm:1036
MSG_HELP_L24   = $1824 =  6180          COMANDOS.asm:1037
MSG_HELP_L25   = $1833 =  6195          COMANDOS.asm:1038
MSG_HELP_L26   = $1847 =  6215          COMANDOS.asm:1039
MSG_HELP_L3    = $16CF =  5839          COMANDOS.asm:1016
MSG_HELP_L4    = $16DA =  5850          COMANDOS.asm:1017
MSG_HELP_L5    = $16E6 =  5862          COMANDOS.asm:1018
MSG_HELP_L6    = $16F1 =  5873          COMANDOS.asm:1019
MSG_HELP_L7    = $16FC =  5884          COMANDOS.asm:1020
MSG_HELP_L8    = $1704 =  5892          COMANDOS.asm:1021
MSG_HELP_L9    = $170F =  5903          COMANDOS.asm:1022
MSG_I2C_NOACK  = $1618 =  5656          COMANDOS.asm:992
MSG_LOAD_HELP  = $1A1E =  6686          IHEX.asm:305
MSG_LOAD_HELP_LCD = $1A20 =  6688          IHEX.asm:306
MSG_LOAD_HINT  = $1681 =  5761          COMANDOS.asm:1010
MSG_OK         = $167D =  5757          COMANDOS.asm:1007
MSG_PROMPT     = $1631 =  5681          COMANDOS.asm:995 (unused)
MSG_SYNTAX     = $166B =  5739          COMANDOS.asm:1004
MSG_UNKNOWN    = $1636 =  5686          COMANDOS.asm:998
MSIZE          = $6035 = 24629          MSBASIC.asm:154
MUL8LP         = $756B = 30059          MSBASIC.asm:3298
MULLN2         = $7537 = 30007          MSBASIC.asm:3269
MULT           = $753E = 30014          MSBASIC.asm:3273
MULT8          = $7562 = 30050          MSBASIC.asm:3292
MULTEN         = $77A8 = 30632          MSBASIC.asm:3691
MULVAL         = $80F6 = 33014          MSBASIC.asm:96
MVSTPT         = $69F4 = 27124          MSBASIC.asm:1553
M_C_DIR        = $02E2 =   738          Main.asm:394
M_C_DIR_C      = $02DA =   730          Main.asm:390
M_C_DIR_F      = $02EC =   748          Main.asm:402
NEDMOR         = $6B61 = 27489          MSBASIC.asm:1736
NEGAFT         = $78DF = 30943          MSBASIC.asm:3878
NEW            = $64A0 = 25760          MSBASIC.asm:758
NEXITM         = $6AFA = 27386          MSBASIC.asm:1689
NEXT           = $6C1E = 27678          MSBASIC.asm:1831
NEXT1          = $6C21 = 27681          MSBASIC.asm:1832
NEXT_CHAR      = $086B =  2155          GLCD.asm:887
NEXT_CIRCLE    = $06DA =  1754          GLCD.asm:545
NEXT_CMD       = $04AE =  1198          GLCD.asm:104
NEXT_COL       = $0472 =  1138          TECLADO.asm:253
NEXT_PIXEL     = $0557 =  1367          GLCD.asm:235
NF             = $0000 =     0          MSBASIC.asm:102
NFERR          = $639A = 25498          MSBASIC.asm:597
NIBBLE_TO_LCD  = $089F =  2207          GLCD.asm:922
NMIFLG         = $804C = 32844          MSBASIC.asm:56 (unused)
NOCHNG         = $6568 = 25960          MSBASIC.asm:867
NOENED         = $78B7 = 30903          MSBASIC.asm:3857
NOLIN          = $6861 = 26721          MSBASIC.asm:1328
NOMADD         = $757C = 30076          MSBASIC.asm:3309
NOMLAD         = $774D = 30541          MSBASIC.asm:3639
NOPMPT         = $6B3F = 27455          MSBASIC.asm:1715
NORMAL         = $7470 = 29808          MSBASIC.asm:3134
NOSPC          = $655F = 25951          MSBASIC.asm:862
NOSUB7         = $7BC2 = 31682          MSBASIC.asm:4266
NOSWAP         = $741F = 29727          MSBASIC.asm:3080
NOTAMP         = $6D1D = 27933          MSBASIC.asm:1971
NOTSTR         = $6E97 = 28311          MSBASIC.asm:2201
NOT_EMPTY      = $20A7 =  8359          FS.asm:610
NOXOR          = $73AD = 29613          MSBASIC.asm:3016
NO_SHIFT       = $03B8 =   952          TECLADO.asm:99
NSCFOR         = $6EA7 = 28327          MSBASIC.asm:2209
NUL            = $0000 =     0          COMANDOS.asm:9
NULFLG         = $8044 = 32836          MSBASIC.asm:51
NULL           = $6885 = 26757          MSBASIC.asm:1347
NULLP          = $6AB5 = 27317          MSBASIC.asm:1651
NULLS          = $8041 = 32833          MSBASIC.asm:48
NUMASC         = $77F0 = 30704          MSBASIC.asm:3740
NXTARY         = $6F5E = 28510          MSBASIC.asm:2322
NXTBYT         = $654E = 25934          MSBASIC.asm:852
NXTCHR         = $658F = 25999          MSBASIC.asm:892
NXTDAT         = $80DC = 32988          MSBASIC.asm:89
NXTDTA         = $6992 = 27026          MSBASIC.asm:1499
NXTITM         = $6B59 = 27481          MSBASIC.asm:1731
NXTOPR         = $80D0 = 32976          MSBASIC.asm:83
NXTSTL         = $6999 = 27033          MSBASIC.asm:1504
NXTSTT         = $699C = 27036          MSBASIC.asm:1507
OD             = $0006 =     6          MSBASIC.asm:105
OKMSG          = $6331 = 25393          MSBASIC.asm:531
OM             = $000C =    12          MSBASIC.asm:108
OMERR          = $6389 = 25481          MSBASIC.asm:588
ON             = $6A04 = 27140          MSBASIC.asm:1565
ONGO           = $6A13 = 27155          MSBASIC.asm:1573
ONGOLP         = $6A14 = 27156          MSBASIC.asm:1574
ONJMP          = $67D4 = 26580          MSBASIC.asm:1224
OPNPAR         = $6C77 = 27767          MSBASIC.asm:1881
OPRND          = $6CF2 = 27890          MSBASIC.asm:1954
OS             = $001A =    26          MSBASIC.asm:115
OTKLN          = $65D0 = 26064          MSBASIC.asm:931
OTPORT         = $8007 = 32775          MSBASIC.asm:38
OUTC           = $666D = 26221          MSBASIC.asm:1015
OUTCH          = $108C =  4236          SERIAL.asm:53
OUTEXP         = $78A8 = 30888          MSBASIC.asm:3847
OUTIT          = $664E = 26190          MSBASIC.asm:993
OUTNBS         = $6654 = 26196          MSBASIC.asm:996
OUTNCR         = $7C54 = 31828          MSBASIC.asm:4375
OUTSUB         = $8006 = 32774          MSBASIC.asm:37
OUTWRD         = $66F0 = 26352          MSBASIC.asm:1091
OUT_BAD        = $135C =  4956          COMANDOS.asm:432
OUT_CMD        = $1345 =  4933          COMANDOS.asm:416
OV             = $000A =    10          MSBASIC.asm:107
OVERR          = $63A3 = 25507          MSBASIC.asm:603
OVTST1         = $7627 = 30247          MSBASIC.asm:3429
OVTST2         = $762C = 30252          MSBASIC.asm:3432
OVTST3         = $762D = 30253          MSBASIC.asm:3433
PADD           = $77CC = 30668          MSBASIC.asm:3716
PAND           = $6DB3 = 28083          MSBASIC.asm:2057
PARSE_CMD      = $10E4 =  4324          COMANDOS.asm:16
PARSE_HEX16_DE = $14FD =  5373          COMANDOS.asm:740
PARSE_HEX8_DE  = $14E4 =  5348          COMANDOS.asm:717
PARSE_HEX8_HL  = $14CB =  5323          COMANDOS.asm:694
PASSA          = $7033 = 28723          MSBASIC.asm:2459
PBUFF          = $80E9 = 33001          MSBASIC.asm:95
PC_LOOP        = $07AC =  1964          GLCD.asm:746
PEEK           = $73DB = 29659          MSBASIC.asm:3041
PEND           = $6846 = 26694          MSBASIC.asm:1314
PG_BUF         = $FC42 = 64578          Main.asm:619
PHLTFP         = $7689 = 30345          MSBASIC.asm:3492
PHX8D_ERR      = $14FA =  5370          COMANDOS.asm:734
PHX8_ERR       = $14E1 =  5345          COMANDOS.asm:711
PIXEL_X        = $FB9A = 64410          Main.asm:575
PLOT_ALWAYS    = $FB9D = 64413          Main.asm:578
PLOT_BIT       = $09DD =  2525          GLCD.asm:1184
PLOT_BYTE      = $09B4 =  2484          GLCD.asm:1152
PLOT_COLUMN    = $0761 =  1889          GLCD.asm:680
PLOT_GRAPHIC   = $09AA =  2474          GLCD.asm:1146
PLOT_ROW       = $074A =  1866          GLCD.asm:668
PLUCDE         = $74AA = 29866          MSBASIC.asm:3176
PNORM          = $7478 = 29816          MSBASIC.asm:3142
PN_DONE        = $1550 =  5456          COMANDOS.asm:811
POINT          = $8051 = 32849          MSBASIC.asm:59
POKE           = $73E2 = 29666          MSBASIC.asm:3045
POPAF          = $7177 = 29047          MSBASIC.asm:2652
POPHL          = $72A1 = 29345          MSBASIC.asm:2843
POPHRT         = $758C = 30092          MSBASIC.asm:3323
POPNOK         = $63DE = 25566          MSBASIC.asm:631
POR            = $6DB2 = 28082          MSBASIC.asm:2056
POR1           = $6DD5 = 28117          MSBASIC.asm:2080
POS            = $7030 = 28720          MSBASIC.asm:2458
POSINT         = $68A5 = 26789          MSBASIC.asm:1370
POUT           = $7393 = 29587          MSBASIC.asm:3004
POWER          = $78ED = 30957          MSBASIC.asm:3886
POWER1         = $78FD = 30973          MSBASIC.asm:3894
POWER2         = $791A = 31002          MSBASIC.asm:3912
POWERS         = $78CD = 30925          MSBASIC.asm:3871
PRINT          = $6A46 = 27206          MSBASIC.asm:1598
PRINT_HEX16    = $1554 =  5460          COMANDOS.asm:816
PRINT_HEX8     = $1539 =  5433          COMANDOS.asm:794
PRINT_NIBBLE   = $1546 =  5446          COMANDOS.asm:805
PRITAB         = $6286 = 25222          MSBASIC.asm:434
PRNTCRLF       = $6AA4 = 27300          MSBASIC.asm:1644
PRNTHL         = $77E5 = 30693          MSBASIC.asm:3734
PRNTLP         = $6A49 = 27209          MSBASIC.asm:1599
PRNTNB         = $6A8C = 27276          MSBASIC.asm:1631
PRNTOK         = $63DF = 25567          MSBASIC.asm:633
PRNTST         = $6A90 = 27280          MSBASIC.asm:1633
PRNUMS         = $7141 = 28993          MSBASIC.asm:2621
PROCES         = $65FB = 26107          MSBASIC.asm:951
PROGND         = $80D6 = 32982          MSBASIC.asm:86
PROGST         = $80F9 = 33017          MSBASIC.asm:97
PROMPT         = $64E3 = 25827          MSBASIC.asm:795
PRS            = $7142 = 28994          MSBASIC.asm:2622
PRS1           = $7145 = 28997          MSBASIC.asm:2623
PRSLP          = $714C = 29004          MSBASIC.asm:2626
PSET           = $8054 = 32852          MSBASIC.asm:60
PSUB           = $7400 = 29696          MSBASIC.asm:3061
PTRLP          = $6468 = 25704          MSBASIC.asm:712
PUTBUF         = $663A = 26170          MSBASIC.asm:982
PUTCH          = $FB9E = 64414          Main.asm:581
PUTCHAR        = $0487 =  1159          GLCD.asm:63
PUTCTL         = $663F = 26175          MSBASIC.asm:984
PUTFID         = $67A8 = 26536          MSBASIC.asm:1193
PUTS           = $0493 =  1171          GLCD.asm:78
QTSTLP         = $7107 = 28935          MSBASIC.asm:2591
QTSTR          = $7101 = 28929          MSBASIC.asm:2587
QUARTR         = $7A86 = 31366          MSBASIC.asm:4089
RAD            = $FB92 = 64402          Main.asm:567
READ           = $6B54 = 27476          MSBASIC.asm:1728
READFG         = $80CD = 32973          MSBASIC.asm:81
REDO           = $6B01 = 27393          MSBASIC.asm:1693
REM            = $6995 = 27029          MSBASIC.asm:1502
REMOVE_PIXEL   = $09E7 =  2535          GLCD.asm:1190
RESDIV         = $75D9 = 30169          MSBASIC.asm:3374
RESEED         = $7A24 = 31268          MSBASIC.asm:4045
RESET          = $8057 = 32855          MSBASIC.asm:61
RESTNL         = $6821 = 26657          MSBASIC.asm:1284
RESTOR         = $680C = 26636          MSBASIC.asm:1273
RESZER         = $746B = 29803          MSBASIC.asm:3130
RETADR         = $6F0E = 28430          MSBASIC.asm:2269
RETINT         = $7662 = 30306          MSBASIC.asm:3465
RETLIN         = $698D = 27021          MSBASIC.asm:1496
RETNAD         = $6574 = 25972          MSBASIC.asm:876
RETNUL         = $6F11 = 28433          MSBASIC.asm:2273
RETNUM         = $6D54 = 27988          MSBASIC.asm:1995
RETREL         = $7654 = 30292          MSBASIC.asm:3455
RETURN         = $696E = 26990          MSBASIC.asm:1480
RG             = $0004 =     4          MSBASIC.asm:104
RIGHT          = $7314 = 29460          MSBASIC.asm:2921
RIGHT1         = $72E8 = 29416          MSBASIC.asm:2890
RINPUT         = $804E = 32846          MSBASIC.asm:58
RLTLP          = $6C97 = 27799          MSBASIC.asm:1897
RND            = $79C3 = 31171          MSBASIC.asm:3992
RND1           = $79FF = 31231          MSBASIC.asm:4023
RND2           = $7A1B = 31259          MSBASIC.asm:4041
RNDTAB         = $7A2C = 31276          MSBASIC.asm:4052
RNGTST         = $78BA = 30906          MSBASIC.asm:3861
RONDB          = $748C = 29836          MSBASIC.asm:3154
RONDUP         = $748B = 29835          MSBASIC.asm:3153
ROUND          = $73F3 = 29683          MSBASIC.asm:3055
ROWS           = $0A41 =  2625          GLCD.asm:1254
ROW_FOUND      = $046C =  1132          TECLADO.asm:247
RSCALE         = $77C6 = 30662          MSBASIC.asm:3714
RSLNBK         = $672A = 26410          MSBASIC.asm:1123
RST08          = $0008 =     8          Main.asm:166 (unused)
RST10          = $0010 =    16          Main.asm:169 (unused)
RST18          = $0018 =    24          Main.asm:172 (unused)
RST38          = $F000 = 61440          Main.asm:551
RST66          = $F002 = 61442          Main.asm:552
RSTSTR         = $7337 = 29495          MSBASIC.asm:2941
RUN            = $6933 = 26931          MSBASIC.asm:1447
RUNCNT         = $67AC = 26540          MSBASIC.asm:1197
RUNFST         = $64AC = 25772          MSBASIC.asm:767
RUNLIN         = $694F = 26959          MSBASIC.asm:1463
RXDATA         = $10B9 =  4281          SERIAL.asm:126
RXDATA_B       = $10D8 =  4312          SERIAL.asm:181
SAVEXP         = $746C = 29804          MSBASIC.asm:3131
SAVE_COL       = $0950 =  2384          GLCD.asm:1056
SAVE_ROW       = $08F1 =  2289          GLCD.asm:989
SAVE_VPORT     = $093B =  2363          GLCD.asm:1039
SAVSTP         = $679F = 26527          MSBASIC.asm:1186
SAVSTR         = $70DC = 28892          MSBASIC.asm:2558
SBSCPT         = $6F1C = 28444          MSBASIC.asm:2279
SBUF           = $0780 =  1920          Main.asm:555
SCALE          = $74CA = 29898          MSBASIC.asm:3208
SCALLP         = $74CC = 29900          MSBASIC.asm:3209
SCALMI         = $7791 = 30609          MSBASIC.asm:3676
SCALPL         = $77A7 = 30631          MSBASIC.asm:3690
SCAN_COL       = $043E =  1086          TECLADO.asm:208
SCAN_MATRIX    = $043A =  1082          TECLADO.asm:205
SCAN_NONE      = $0481 =  1153          TECLADO.asm:267
SCNEND         = $7213 = 29203          MSBASIC.asm:2748
SCPTLP         = $6F22 = 28450          MSBASIC.asm:2283
SDMSG1         = $109A =  4250          SERIAL.asm:77
SDMSG2         = $10A5 =  4261          SERIAL.asm:83
SEARCH         = $653C = 25916          MSBASIC.asm:838
SEED           = $8017 = 32791          MSBASIC.asm:44
SERIAL_A_PRINT_A_HEX = $19A0 =  6560          IHEX.asm:237
SERIAL_A_PRINT_HL_HEX = $1997 =  6551          IHEX.asm:226
SERIAL_A_PRINT_NIBBLE = $19AD =  6573          IHEX.asm:248
SERIAL_A_PRINT_NIBBLE_09 = $19B9 =  6585          IHEX.asm:255
SERIAL_A_PRINT_STRING = $19BF =  6591          IHEX.asm:264
SERIAL_A_TXCRLF = $19C8 =  6600          IHEX.asm:272
SERIAL_GET_HEX_A = $271A = 10010          API.asm:27
SERIAL_GET_HEX_HL = $2726 = 10022          API.asm:37
SETIO          = $73B7 = 29623          MSBASIC.asm:3023
SETLIN         = $66FE = 26366          MSBASIC.asm:1099
SETLIT         = $6586 = 25990          MSBASIC.asm:888
SETPTR         = $6463 = 25699          MSBASIC.asm:709
SETTOP         = $606C = 24684          MSBASIC.asm:186
SET_DEFAULT_SERIAL_A = $2700 =  9984          API.asm:10
SET_DEFAULT_SERIAL_B = $270D =  9997          API.asm:17
SET_GBUF       = $0726 =  1830          GLCD.asm:635
SET_INT38      = $01AB =   427          Main.asm:255
SET_INT66      = $01AF =   431          Main.asm:259
SFTPRG         = $642D = 25645          MSBASIC.asm:672
SGN            = $765A = 30298          MSBASIC.asm:3462
SGNEXP         = $6DA2 = 28066          MSBASIC.asm:2043
SGNRES         = $80E8 = 33000          MSBASIC.asm:94
SHIFT_BIT      = $073F =  1855          GLCD.asm:657
SHIFT_BUFFER   = $08F5 =  2293          GLCD.asm:996
SHRITE         = $74D9 = 29913          MSBASIC.asm:3217
SHRLP          = $74DC = 29916          MSBASIC.asm:3219
SHRT1          = $74E0 = 29920          MSBASIC.asm:3223
SIGNON         = $60BC = 24764          MSBASIC.asm:219
SIGNS          = $76B1 = 30385          MSBASIC.asm:3522
SIN            = $7A3E = 31294          MSBASIC.asm:4058
SIN1           = $7A6E = 31342          MSBASIC.asm:4078
SINTAB         = $7A8A = 31370          MSBASIC.asm:4091
SIOA_C         = $0002 =     2          Main.asm:123
SIOA_D         = $0000 =     0          Main.asm:122
SIOB_C         = $0003 =     3          Main.asm:125
SIOB_D         = $0001 =     1          Main.asm:124
SIXDIG         = $780D = 30733          MSBASIC.asm:3754
SKIP_COMMAND_DE = $1495 =  5269          COMANDOS.asm:640
SKIP_ENTRY     = $1107 =  4359          COMANDOS.asm:43
SKIP_SPACES    = $149C =  5276          COMANDOS.asm:649
SKIP_SPACES_DE = $14A3 =  5283          COMANDOS.asm:657
SKIP_SPACES_HL = $14AA =  5290          COMANDOS.asm:665
SKIP_TBUF      = $0909 =  2313          GLCD.asm:1007
SMPVAR         = $71A7 = 29095          MSBASIC.asm:2676
SMSER1         = $79A2 = 31138          MSBASIC.asm:3970
SN             = $0002 =     2          MSBASIC.asm:103
SNDSTR         = $1098 =  4248          SERIAL.asm:76
SNERR          = $6394 = 25492          MSBASIC.asm:593
SPACE          = $0020 =    32          Main.asm:157
SPCFST         = $77FE = 30718          MSBASIC.asm:3746
SPCLP          = $6AF3 = 27379          MSBASIC.asm:1686
SQR            = $78E4 = 30948          MSBASIC.asm:3882
SRCHLN         = $6480 = 25728          MSBASIC.asm:731
SRCHLP         = $6483 = 25731          MSBASIC.asm:732
SSTSA          = $726F = 29295          MSBASIC.asm:2808
ST             = $001E =    30          MSBASIC.asm:117
STACK          = $8066 = 32870          MSBASIC.asm:66
STAKFP         = $767C = 30332          MSBASIC.asm:3482
STALL          = $6835 = 26677          MSBASIC.asm:1301
STARTB         = $6006 = 24582          MSBASIC.asm:128
STKTHS         = $6CDB = 27867          MSBASIC.asm:1938
STLOOK         = $815D = 33117          MSBASIC.asm:98
STOP           = $6844 = 26692          MSBASIC.asm:1312
STORED         = $6910 = 26896          MSBASIC.asm:1427
STPOOL         = $71EA = 29162          MSBASIC.asm:2713
STR            = $70CC = 28876          MSBASIC.asm:2551
STR1           = $70D2 = 28882          MSBASIC.asm:2553
STRADD         = $71ED = 29165          MSBASIC.asm:2715
STRBOT         = $80C3 = 32963          MSBASIC.asm:75
STRCMP         = $152D =  5421          COMANDOS.asm:777
STRENT         = $6BAB = 27563          MSBASIC.asm:1775
STRSPC         = $805A = 32858          MSBASIC.asm:62
STTLIN         = $6A97 = 27287          MSBASIC.asm:1637
SUBCDE         = $7402 = 29698          MSBASIC.asm:3063
SUBPHL         = $73FC = 29692          MSBASIC.asm:3059
SUMLP          = $79AB = 31147          MSBASIC.asm:3975
SUMSER         = $7993 = 31123          MSBASIC.asm:3963
SUPTLZ         = $788C = 30860          MSBASIC.asm:3831
SVNAM2         = $6E7B = 28283          MSBASIC.asm:2188
SVSTAD         = $70FA = 28922          MSBASIC.asm:2579
SX             = $FB8A = 64394          Main.asm:562
SY             = $FB8B = 64395          Main.asm:563
SYSTEM_SP      = $FFF0 = 65520          Main.asm:117
TAB            = $0009 =     9          Main.asm:153
TAN            = $7A9F = 31391          MSBASIC.asm:4098
TBUF           = $FB86 = 64390          Main.asm:560
TESTOS         = $7179 = 29049          MSBASIC.asm:2655
TESTR          = $715B = 29019          MSBASIC.asm:2635
TGBUF          = $F784 = 63364          Main.asm:558
TIMEOUT        = $2710 = 10000          Main.asm:131
TM             = $0018 =    24          MSBASIC.asm:114
TMERR          = $63A6 = 25510          MSBASIC.asm:605
TMPSTR         = $80BF = 32959          MSBASIC.asm:74
TMSTPL         = $80B3 = 32947          MSBASIC.asm:73
TMSTPT         = $80B1 = 32945          MSBASIC.asm:72
TOP            = $052C =  1324          GLCD.asm:190
TOPOOL         = $72E0 = 29408          MSBASIC.asm:2885
TOSTRA         = $7278 = 29304          MSBASIC.asm:2817
TRYAGN         = $7867 = 30823          MSBASIC.asm:3804
TSALP          = $7279 = 29305          MSBASIC.asm:2818
TSTBIT         = $7C4D = 31821          MSBASIC.asm:4368 (unused)
TSTBRK         = $6827 = 26663          MSBASIC.asm:1290
TSTMEM         = $605A = 24666          MSBASIC.asm:174
TSTNUM         = $6C6C = 27756          MSBASIC.asm:1873
TSTOPL         = $7122 = 28962          MSBASIC.asm:2607
TSTRED         = $6DDA = 28122          MSBASIC.asm:2086
TSTREM         = $6589 = 25993          MSBASIC.asm:889
TSTSGN         = $764B = 30283          MSBASIC.asm:3450
TSTSTR         = $6C6D = 27757          MSBASIC.asm:1874
TTYLIN         = $65D9 = 26073          MSBASIC.asm:936
TXDATA         = $10A6 =  4262          SERIAL.asm:94
TXDATA_B       = $10C5 =  4293          SERIAL.asm:149
TYPE           = $80AD = 32941          MSBASIC.asm:69
UF             = $0022 =    34          MSBASIC.asm:119
UFERR          = $63A0 = 25504          MSBASIC.asm:601
UL             = $000E =    14          MSBASIC.asm:109
ULERR          = $6969 = 26985          MSBASIC.asm:1477
ULINE          = $FB9B = 64411          Main.asm:576
UNITY          = $74EE = 29934          MSBASIC.asm:3236
UP             = $00F8 =   248          GLCD.asm:53
UPCASE_DONE    = $1529 =  5417          COMANDOS.asm:771
UPCASE_LOOP    = $150D =  5389          COMANDOS.asm:753
UPCASE_STORE   = $1524 =  5412          COMANDOS.asm:766
UPCASE_TOKEN   = $1508 =  5384          COMANDOS.asm:750
UPDATA         = $6822 = 26658          MSBASIC.asm:1285
USR            = $8003 = 32771          MSBASIC.asm:36
VAL            = $734E = 29518          MSBASIC.asm:2960
VAL1           = $736C = 29548          MSBASIC.asm:2980
VAL2           = $7376 = 29558          MSBASIC.asm:2984
VAL3           = $7379 = 29561          MSBASIC.asm:2985
VAREND         = $80D8 = 32984          MSBASIC.asm:87
VPORT          = $FB84 = 64388          Main.asm:559
V_DELAY_US     = $0010 =    16          GLCD.asm:50
WAIT           = $7399 = 29593          MSBASIC.asm:3007
WAITLP         = $73AE = 29614          MSBASIC.asm:3017
WAIT_RELEASE   = $0415 =  1045          TECLADO.asm:158
WARM           = $6003 = 24579          MSBASIC.asm:127
WARMST         = $60A4 = 24740          MSBASIC.asm:213
WELLCOME       = $272F = 10031          Main.asm:540
WELLCOME_LCD   = $2745 = 10053          Main.asm:541
WIDTH          = $7B08 = 31496          MSBASIC.asm:4146
WORDS          = $6112 = 24850          MSBASIC.asm:260
WORDTB         = $6238 = 25144          MSBASIC.asm:356
WRKSPC         = $8000 = 32768          MSBASIC.asm:35
ZBYE           = $00D2 =   210          MSBASIC.asm:410
ZDATA          = $0083 =   131          MSBASIC.asm:404
ZDIV           = $00AF =   175          MSBASIC.asm:423 (unused)
ZEND           = $0080 =   128          MSBASIC.asm:402
ZEQUAL         = $00B4 =   180          MSBASIC.asm:426
ZERARY         = $6FBD = 28605          MSBASIC.asm:2382
ZERBYT         = $6330 = 25392          MSBASIC.asm:530
ZEROLP         = $6F00 = 28416          MSBASIC.asm:2260
ZEROSUP        = $7BE0 = 31712          MSBASIC.asm:4287
ZFN            = $00A7 =   167          MSBASIC.asm:414
ZFOR           = $0081 =   129          MSBASIC.asm:403
ZGOSUB         = $008C =   140          MSBASIC.asm:406
ZGOTO          = $0088 =   136          MSBASIC.asm:405
ZGTR           = $00B3 =   179          MSBASIC.asm:425
ZLEFT          = $00CF =   207          MSBASIC.asm:430
ZLTH           = $00B5 =   181          MSBASIC.asm:427
ZMINUS         = $00AD =   173          MSBASIC.asm:421
ZNEW           = $00A4 =   164          MSBASIC.asm:409
ZNOT           = $00AA =   170          MSBASIC.asm:417
ZONELP         = $6ACE = 27342          MSBASIC.asm:1665
ZOR            = $00B2 =   178          MSBASIC.asm:424
ZPLUS          = $00AC =   172          MSBASIC.asm:420
ZPOINT         = $00C7 =   199          MSBASIC.asm:429 (unused)
ZPRINT         = $009E =   158          MSBASIC.asm:408
ZREM           = $008E =   142          MSBASIC.asm:407
ZSGN           = $00B6 =   182          MSBASIC.asm:428
ZSPC           = $00A8 =   168          MSBASIC.asm:415
ZSTEP          = $00AB =   171          MSBASIC.asm:418
ZTAB           = $00A5 =   165          MSBASIC.asm:412
ZTHEN          = $00A9 =   169          MSBASIC.asm:416
ZTIMES         = $00AE =   174          MSBASIC.asm:422 (unused)
ZTO            = $00A6 =   166          MSBASIC.asm:413
_end           = $FD56 = 64854          Main.asm:162 (unused)
_size          = $FD56 = 64854          Main.asm:162 (unused)
_z80_          = $0001 =     1          Main.asm:1 (unused)
autoLF         = $098F =  2447          GLCD.asm:1111
checkCollisionPixel = $0341 =   833          Main.asm:468
checkShiftKey  = $03A2 =   930          TECLADO.asm:88
clearGBUF      = $04C6 =  1222          GLCD.asm:119
clearGrLCD     = $04D6 =  1238          GLCD.asm:130
clearPixel     = $0703 =  1795          GLCD.asm:593
clearTxtLCD    = $0500 =  1280          GLCD.asm:156
conoutA1       = $10A7 =  4263          SERIAL.asm:96
conoutB1       = $10C6 =  4294          SERIAL.asm:151
cruz           = $7C8F = 31887          MSBASIC.asm:4425
custadd        = $67F6 = 26614          MSBASIC.asm:1246
custtab        = $6282 = 25218          MSBASIC.asm:396
delayMS        = $07BA =  1978          GLCD.asm:758
delayUS        = $07B7 =  1975          GLCD.asm:756
diego          = $7C88 = 31880          MSBASIC.asm:4420
displayCursor  = $0975 =  2421          GLCD.asm:1084
drawBlank      = $0A28 =  2600          GLCD.asm:1237
drawBox        = $052B =  1323          GLCD.asm:188
drawCircle     = $0611 =  1553          GLCD.asm:413
drawCursor     = $0A05 =  2565          GLCD.asm:1215
drawGraphic    = $0997 =  2455          GLCD.asm:1131
drawLine       = $0566 =  1382          GLCD.asm:265
drawPixel      = $06E6 =  1766          GLCD.asm:559
fillBox        = $0556 =  1366          GLCD.asm:233
fillCircle     = $06D8 =  1752          GLCD.asm:543
flipPixel      = $0715 =  1813          GLCD.asm:614
getCursor      = $0970 =  2416          GLCD.asm:1077
i2cPrintL07    = $1BA7 =  7079          I2C.asm:394
i2cPrintL08    = $1BAF =  7087          I2C.asm:400
i2cPrintL32    = $1BB7 =  7095          I2C.asm:406
i2cPrintL50    = $1BBF =  7103          I2C.asm:412
i2cPrintL51    = $1BC7 =  7111          I2C.asm:418
i2cPrintL52    = $1BCF =  7119          I2C.asm:424
i2cPrintL53    = $1BD7 =  7127          I2C.asm:430
i2cPrintL54    = $1BDF =  7135          I2C.asm:436
i2cPrintL55    = $1BE7 =  7143          I2C.asm:442
i2cPrintL56    = $1BEF =  7151          I2C.asm:448
i2cPrintL57    = $1BF7 =  7159          I2C.asm:454
i2cPrintPuts   = $1BFF =  7167          I2C.asm:460
initLCD        = $04A9 =  1193          GLCD.asm:101
initSerial     = $1049 =  4169          SERIAL.asm:2
initTerminal   = $07CD =  1997          GLCD.asm:782
invGraphic     = $097F =  2431          GLCD.asm:1093
kCPUClock      = $8000 =7372800          Main.asm:106
kDelayCnt      = $011A =   282          Main.asm:111
kDelayLP       = $001A =    26          Main.asm:108
kDelayOH       = $0024 =    36          Main.asm:107
kDelayTA       = $1CCC =  7372          Main.asm:109
kDelayTB       = $1CA8 =  7336          Main.asm:110
loadInit       = $185A =  6234          IHEX.asm:3
loopHexLoad    = $186B =  6251          IHEX.asm:13
monitor_do_load = $187E =  6270          IHEX.asm:26
msg_load_end   = $1A0C =  6668          IHEX.asm:297
msg_load_start = $1A03 =  6659          IHEX.asm:293
msg_load_total = $1A15 =  6677          IHEX.asm:301
notcust        = $67E4 = 26596          MSBASIC.asm:1235
plotAlways     = $0993 =  2451          GLCD.asm:1119
plotToLCD      = $0745 =  1861          GLCD.asm:665
printChars     = $0799 =  1945          GLCD.asm:734
printString    = $0778 =  1912          GLCD.asm:703
readKeyboarPressA = $0389 =   905          TECLADO.asm:61
readKeyboarWaitPressA = $03FC =  1020          TECLADO.asm:140
resetCollisionPixel = $033C =   828          Main.asm:460
sendCharToLCD  = $07FA =  2042          GLCD.asm:814
sendHLToLCD    = $08AE =  2222          GLCD.asm:934
sendRegToLCD   = $0891 =  2193          GLCD.asm:911
sendStringToLCD = $086A =  2154          GLCD.asm:885
setBufClear    = $07C0 =  1984          GLCD.asm:767
setBufNoClear  = $07C8 =  1992          GLCD.asm:772
setCursor      = $08BA =  2234          GLCD.asm:947
setGrMode      = $0516 =  1302          GLCD.asm:170
setTxtMode     = $0524 =  1316          GLCD.asm:179
set_collision  = $06FD =  1789          GLCD.asm:583
showCurrentDriver = $02EF =   751          Main.asm:408
showCursor     = $0333 =   819          Main.asm:452
showDriveA     = $0313 =   787          Main.asm:428
showDriveB     = $0317 =   791          Main.asm:431
showDriveC     = $031B =   795          Main.asm:434
showDriveD     = $031F =   799          Main.asm:437
showDriveE     = $0323 =   803          Main.asm:440
showDriveF     = $0327 =   807          Main.asm:443
showDriveG     = $032B =   811          Main.asm:446
showDriveZ     = $032F =   815          Main.asm:449
str_abort      = $25A7 =  9639          FS.asm:1556
str_created_folder = $268D =  9869          FS.asm:1606
str_dir_hasFolder = $267B =  9851          FS.asm:1602
str_dir_hdr    = $2665 =  9829          FS.asm:1598 (unused)
str_dirfull    = $2576 =  9590          FS.asm:1548
str_empty      = $2558 =  9560          FS.asm:1536
str_erased     = $25F9 =  9721          FS.asm:1576
str_fc_err     = $2415 =  9237          FS.asm:1257
str_fmt_ask    = $2603 =  9731          FS.asm:1580
str_i2cerr     = $256B =  9579          FS.asm:1544
str_inf_bytes_nl = $26E8 =  9960          FS.asm:1630
str_inf_free   = $26D9 =  9945          FS.asm:1624
str_inf_pags   = $26C9 =  9929          FS.asm:1618
str_inf_pags_nl = $26E1 =  9953          FS.asm:1627
str_inf_used   = $26D1 =  9937          FS.asm:1621
str_info_hdr   = $26B2 =  9906          FS.asm:1615
str_loadat     = $2632 =  9778          FS.asm:1590
str_nfiles     = $2561 =  9569          FS.asm:1540
str_nospace    = $2590 =  9616          FS.asm:1552
str_not_empty_folder = $269B =  9883          FS.asm:1610
str_notfmt     = $2642 =  9794          FS.asm:1594
str_notfound   = $25B3 =  9651          FS.asm:1560
str_ok         = $262D =  9773          FS.asm:1586
str_running    = $25C4 =  9668          FS.asm:1564
str_saved      = $25D3 =  9683          FS.asm:1568
str_sure       = $25E3 =  9699          FS.asm:1572
str_wait       = $2621 =  9761          FS.asm:1583
underline      = $0987 =  2439          GLCD.asm:1102
waitForChar    = $10B9 =  4281          SERIAL.asm:127
waitForCharB   = $10D8 =  4312          SERIAL.asm:182


total time: 0.8978 sec.
no errors
